cell_type_1,cell_type_2,total_strength,edge_count,mean_strength
B1,M3,255.37142857142803,401,0.6368364802280001
M1,M3,242.53333333333273,378,0.6416225749559067
B3,M3,224.659588014184,348,0.6455735287763908
M3,T4,218.58095238095206,346,0.631736856592347
B1,T2,215.31781181492286,323,0.6666186124301018
M0,M3,213.91908087902684,336,0.6366639311875799
B1,T4,198.46428571428544,303,0.6549976426214041
M0,T4,169.33475970760514,255,0.6640578812062947
B1,B3,158.89536955002765,246,0.6459161363822262
M3,M4,156.10238095238066,254,0.6145763029621286
B1,M1,155.74556211565024,248,0.6280062988534284
B1,T1,150.89523809523786,233,0.6476190476190467
B3,M1,144.92593731771308,230,0.6301127709465786
B3,T2,140.273521862055,215,0.652434985404907
B1,B5,139.2469449595774,218,0.6387474539430156
B1,B2,139.10272470391772,212,0.6561449278486685
T1,T2,134.82619047619036,197,0.6843969059705095
B1,M0,134.35557182154457,209,0.6428496259404046
M0,T5,124.981844841174,192,0.6509471085477813
B1,T5,124.7751974495293,192,0.6498708200496318
T2,T5,117.61666666666653,176,0.6682765151515144
M3,T3,112.53333333333319,174,0.6467432950191563
M1,T2,110.53809523809511,177,0.6245090126446051
M1,M4,110.42619047619037,176,0.6274215367965362
M3,T2,108.46190476190465,170,0.638011204481792
B5,M3,107.29662312155234,171,0.6274656322897798
B1,T3,101.06904761904752,157,0.6437518956627231
B1,M4,99.2847477273624,160,0.620529673296015
B2,M3,98.4186478723234,149,0.6605278380692846
B1,M5,97.04099444873565,156,0.6220576567226644
M3,T5,94.2142857142857,151,0.6239356669820245
M0,M5,94.10560919893089,146,0.644558967115965
T2,T4,92.02380952380948,144,0.6390542328042325
B2,M0,88.29653508375519,131,0.6740193517843908
M3,M5,84.81666666666669,135,0.6282716049382718
B1,B4,84.68267114726136,134,0.631960232442249
B3,M4,83.20355508434992,134,0.620922052868283
B3,T4,82.94832691804021,131,0.6331933352522153
M1,T4,79.4595238095238,125,0.6356761904761904
M4,T4,78.6857142857143,128,0.614732142857143
T2,T3,78.41666666666663,120,0.6534722222222219
B2,T2,78.12019753994399,114,0.6852648907012631
M0,T2,75.37056215689213,118,0.6387335776007808
M1,T1,72.54285714285714,114,0.6363408521303259
M0,M1,69.2330109256262,113,0.6126815126161611
B5,T4,69.03668998785228,108,0.6392286109986323
M5,T4,68.4404761904762,107,0.6396306186025813
B3,B5,66.95829729119865,107,0.6257784793569967
B3,T5,65.7780176430559,102,0.6448825259123128
B3,T1,65.03849317857212,101,0.6439454770155656
M3,T1,64.66190476190478,105,0.6158276643990931
B3,T3,64.51944636571976,103,0.6264023919001919
B5,T1,63.97380952380955,103,0.6211049468331025
T1,T5,63.64523809523814,98,0.6494412050534504
B2,T4,61.69722405333012,93,0.6634110113261303
M3,O10,60.25952380952385,96,0.6277033730158734
B5,M1,60.06453106044729,97,0.6192219696953328
T1,T4,58.19285714285716,93,0.6257296466973888
M1,T5,58.06190476190478,93,0.6243215565796213
T4,T5,57.22380952380954,91,0.6288330716902147
M0,M4,56.226394263930274,91,0.6178724644387942
M1,T3,55.7809523809524,88,0.633874458874459
B3,M0,55.4277343986754,88,0.6298606181667659
B2,B5,53.053626273944495,78,0.6801746958198012
B0,B1,52.37837787408317,81,0.6466466404207799
T3,T4,52.15,81,0.6438271604938272
M4,T2,50.82380952380954,82,0.619802555168409
B2,M1,50.778797721777565,82,0.6192536307533849
B4,T4,50.21269190733674,82,0.6123499013089846
B5,M0,49.84717823715149,79,0.6309769397107784
B5,T2,48.86639944605734,75,0.6515519926140979
B4,M3,48.36238055878897,78,0.620030519984474
B5,T3,47.65841555750155,73,0.6528550076370075
B5,T5,43.78310288261073,68,0.643869160038393
M4,T1,43.52619047619049,69,0.6308143547273984
M1,M5,43.28571428571429,68,0.6365546218487396
B1,O7,42.87952045364161,66,0.6496897038430547
B2,T1,42.662858378909576,64,0.6666071621704621
M4,T5,42.22380952380953,69,0.6119392684610077
B5,M4,42.122653207677786,70,0.6017521886811112
B3,B4,41.4503256685548,66,0.6280352374023455
M5,T2,40.5761904761905,65,0.6242490842490845
B2,B3,40.43540623722043,63,0.6418318450352448
M0,T1,39.8857142857143,63,0.633106575963719
T1,T3,38.716666666666676,59,0.6562146892655368
B3,O7,38.098091242827046,60,0.6349681873804508
M0,T3,38.07857142857145,60,0.6346428571428575
B2,T5,36.909791156480786,56,0.6591034135085855
B3,M5,36.69699619848965,57,0.6438069508506956
B3,O10,35.05574553772027,58,0.6044094058227633
M4,T3,33.80952380952383,53,0.6379155435759214
T3,T5,32.71190476190477,48,0.6814980158730161
M4,M5,32.1809523809524,54,0.5959435626102296
B2,T3,31.853636607803008,47,0.6777369491021916
M3,T7,31.853294109699593,55,0.5791508019945381
B2,M4,29.66409026542928,48,0.6180018805297767
B1,T0,29.004714247321225,46,0.6305372662461136
M1,T7,28.923615969321272,47,0.6153960844536441
M5,T5,28.1404761904762,45,0.6253439153439155
O7,T2,28.09285714285715,43,0.6533222591362128
B1,T7,27.289598389176543,44,0.6202181452085578
B4,M0,27.085172963489658,43,0.6298877433369688
B4,T2,26.85165135851094,44,0.6102648036025213
B5,M5,26.297619047619055,43,0.6115725359911408
M0,T7,25.822386356692633,41,0.6298143013827472
O7,T1,25.68809523809525,41,0.6265389082462256
B2,M5,25.2181530272424,39,0.6466193083908308
M5,T3,24.892857142857153,39,0.6382783882783886
M0,O7,24.70238095238096,38,0.6500626566416042
B5,T7,24.68706788389812,39,0.6330017406127723
B4,B5,22.831739526384347,37,0.617074041253631
O7,T5,22.4375411120841,36,0.6232650308912251
B0,B3,22.240893508111327,36,0.6178025974475368
B3,T7,22.181839922975676,36,0.6161622200826576
M3,O7,22.11203488270502,36,0.6142231911862506
M3,T0,22.083333333333332,34,0.6495098039215685
B4,M1,21.85167727347236,36,0.6069910353742323
B0,B5,21.14627597596342,35,0.6041793135989548
M5,T1,20.685714285714283,35,0.5910204081632653
B4,T1,20.51163587473242,33,0.62156472347674
O10,T4,19.845238095238095,32,0.6201636904761905
T0,T4,19.733333333333334,30,0.6577777777777778
T4,T7,19.608646008224145,31,0.6325369680072305
B0,M3,19.50388410346224,31,0.6291575517245884
B0,T1,19.371428571428574,31,0.6248847926267281
B4,M4,19.054761904761904,33,0.5774170274170274
M0,T0,18.892857142857142,28,0.6747448979591837
T0,T2,18.745238095238093,27,0.6942680776014108
B3,T0,18.557142857142853,29,0.6399014778325122
B4,M5,17.74674124631939,29,0.6119565947006687
B0,T2,17.732455532033672,30,0.5910818510677891
B1,O10,17.669047619047614,28,0.6310374149659862
M1,O10,17.597619047619048,28,0.6284863945578232
B0,B2,17.46904761904762,27,0.6470017636684303
B4,T5,17.364518733706536,27,0.6431303234706124
B3,M2,17.074101440260105,26,0.6566962092407732
T0,T5,16.43231089452542,25,0.6572924357810167
B0,M1,16.34047619047619,27,0.6052028218694885
M5,T0,16.233333333333324,25,0.649333333333333
B2,B4,15.940476190476186,26,0.6130952380952379
M1,O7,15.521428571428567,26,0.5969780219780219
M1,T0,15.47619047619047,24,0.6448412698412695
M4,O10,15.17142857142857,25,0.6068571428571429
M4,T7,14.12765929973562,23,0.6142460565102443
M3,T6,13.988095238095235,23,0.6081780538302276
M0,M2,13.984109126788047,22,0.6356413239449112
B0,T4,13.519638641293106,21,0.6437923162520527
M5,T7,13.511904761904757,23,0.5874741200828155
T0,T3,13.478571428571428,20,0.6739285714285714
B1,M7,13.128571428571428,22,0.5967532467532467
B1,T6,12.656265055843198,20,0.6328132527921599
T2,T6,12.628571428571426,19,0.6646616541353382
B4,T7,12.55144271383616,21,0.5976877482779124
B0,M4,12.385714285714283,21,0.5897959183673468
M4,T0,12.073809523809523,20,0.6036904761904761
M3,M7,11.576190476190476,20,0.5788095238095238
B0,M5,11.541621338732815,20,0.5770810669366407
M2,M3,11.269047619047617,17,0.6628851540616245
M0,M7,10.939882755954503,17,0.6435225150561472
B5,T0,10.778571428571427,16,0.6736607142857142
M2,T2,10.740476190476187,18,0.5966931216931215
B5,O7,10.459178133439885,17,0.6152457725552873
B0,T5,10.221428571428568,17,0.6012605042016804
M5,O7,10.07380952380952,16,0.629613095238095
T0,T1,9.757142857142856,15,0.6504761904761904
B0,B4,9.756588731131721,16,0.6097867956957326
B1,M2,9.747619047619045,15,0.6498412698412697
B5,O10,9.649999999999999,16,0.6031249999999999
T1,T7,9.192303016846006,15,0.6128202011230671
M0,T6,9.05238095238095,14,0.6465986394557822
B4,T3,8.928571428571427,15,0.5952380952380951
T2,T6_2,8.842857142857142,11,0.8038961038961038
O7,T3,8.407142857142855,14,0.6005102040816325
B5,M7,8.208415557501533,13,0.6314165813462718
M7,T2,8.193060930596893,14,0.585218637899778
M1,M7,8.178571428571427,14,0.5841836734693876
M7,T1,8.170549134049402,13,0.6285037795422617
T1,T6_2,8.011904761904761,11,0.7283549783549783
B0,T3,7.987826350922893,13,0.6144481808402225
B2,T0,7.896178839735035,12,0.6580149033112529
B2,T7,7.728571428571428,12,0.644047619047619
T3,T7,7.7198814187564695,12,0.6433234515630392
M7,T4,7.692857142857142,12,0.6410714285714285
B2,T6,7.586874078713434,12,0.6322395065594528
M4,T6,7.166666666666666,12,0.5972222222222222
M5,O10,7.157142857142856,12,0.5964285714285713
M1,M2,7.152380952380951,12,0.5960317460317459
T5,T7,7.054761904761905,11,0.6413419913419913
O10,T5,7.042857142857142,11,0.6402597402597402
T2,T7,6.906358280409103,11,0.6278507527644639
B0,M0,6.8530745307179375,11,0.6230067755198125
B2,O7,6.796187120308252,11,0.6178351927552956
B4,O7,6.692857142857142,11,0.6084415584415583
O7,T4,6.646741246319389,11,0.6042492042108536
T1,T6,6.599999999999999,9,0.7333333333333332
B0,O7,6.564285714285714,11,0.5967532467532467
B3,T6,6.557142857142857,11,0.5961038961038961
M1,T6,6.554761904761904,11,0.5958874458874458
M2,T1,6.314285714285713,10,0.6314285714285713
M5,M7,6.278571428571427,11,0.5707792207792206
T4,T6,6.209523809523809,10,0.6209523809523809
B3,M7,6.126190476190475,10,0.6126190476190475
M0,O10,6.1238095238095225,10,0.6123809523809522
O10,T2,6.095238095238094,10,0.6095238095238094
B4,T0,6.051826826369815,10,0.6051826826369815
M2,M5,5.9952380952380935,10,0.5995238095238093
T5,T6,5.683333333333332,9,0.6314814814814813
M2,M4,5.623809523809522,9,0.6248677248677246
B4,T6,5.538095238095236,9,0.6153439153439151
B1,T6_2,5.3999999999999995,7,0.7714285714285714
B7,T1,5.336934755090861,8,0.6671168443863577
M2,T5,5.1952380952380945,9,0.5772486772486771
B5,T6,5.094969208065749,8,0.6368711510082187
M4,O7,4.935714285714285,9,0.5484126984126984
B6_0,M1,4.831233058140622,8,0.6039041322675778
M7,T3,4.7785714285714285,7,0.6826530612244898
O10,T3,4.626190476190475,8,0.5782738095238094
B2,O10,4.538095238095238,8,0.5672619047619047
M4,M7,4.402380952380952,7,0.6289115646258503
B7,M0,4.384318475838322,7,0.626331210834046
B2,M2,4.2602996029785265,7,0.6086142289969324
O7,T7,4.251503151081295,7,0.6073575930116135
T6,T7,4.1952380952380945,7,0.5993197278911564
B5,M2,4.102380952380951,7,0.5860544217687073
O10,T1,4.099999999999999,6,0.6833333333333331
M2,T3,4.099999999999999,7,0.5857142857142855
M5,T6,3.9595238095238092,7,0.5656462585034013
B4,M7,3.861350635893624,7,0.5516215194133748
M7,O10,3.8547619047619044,6,0.6424603174603174
B7,M3,3.795238095238095,6,0.6325396825396825
M2,T4,3.7619047619047614,6,0.6269841269841269
B4,O10,3.6999999999999993,6,0.6166666666666666
B2,M7,3.6309523809523805,6,0.6051587301587301
B0,T7,3.6261904761904753,6,0.6043650793650792
B1,B7,3.6131095051003985,6,0.6021849175167331
T3,T6,3.5190476190476185,5,0.7038095238095237
B1,T6_3,3.39681111095425,6,0.5661351851590416
B2,T6_2,3.3238095238095235,5,0.6647619047619047
M2,O7,3.1579300025748163,5,0.6315860005149633
O10,O7,3.1499999999999995,5,0.6299999999999999
M0,T6_2,3.088095238095238,5,0.6176190476190475
B5,B6_0,3.0547619047619046,5,0.6109523809523809
T0,T7,3.0476190476190466,5,0.6095238095238094
B3,B6_0,3.0474129792483584,5,0.6094825958496717
B0,T6,2.9214285714285713,5,0.5842857142857143
O10,T7,2.8919793415574855,5,0.5783958683114971
B3,T6_2,2.6999999999999993,4,0.6749999999999998
T4,T6_2,2.671428571428571,4,0.6678571428571427
T5,T6_2,2.6357142857142852,4,0.6589285714285713
T4,T6_3,2.4999999999999996,4,0.6249999999999999
B7,T2,2.477180136454095,4,0.6192950341135237
M7,T5,2.2785714285714285,4,0.5696428571428571
B7,O7,2.271428571428571,4,0.5678571428571427
B6_0,T2,2.2438598737686615,4,0.5609649684421654
O10,T0,2.2086443721446414,4,0.5521610930361603
M1,T6_2,2.207142857142857,3,0.7357142857142857
M2,M7,2.176190476190476,4,0.544047619047619
M7,O7,2.1380952380952376,3,0.7126984126984125
B7,T3,2.1324555320336755,3,0.7108185106778918
M7,T7,2.1062307283070525,3,0.7020769094356841
B3,B7,1.9176063423324008,3,0.6392021141108003
B4,B6_0,1.9119047619047616,3,0.6373015873015871
B6_0,M3,1.8428571428571425,3,0.6142857142857142
B1,B6_0,1.7999999999999996,3,0.5999999999999999
B7,T4,1.7621819264191214,3,0.5873939754730405
M3,O4,1.7547619047619045,3,0.5849206349206348
B4,M2,1.7119047619047616,3,0.5706349206349205
M4,O4,1.695238095238095,3,0.565079365079365
T0,T6,1.6880952380952379,3,0.5626984126984126
B3,O4,1.5119047619047619,3,0.503968253968254
B6_0,T5,1.4999999999999996,2,0.7499999999999998
B7,M5,1.3999999999999997,2,0.6999999999999998
B6_0,T1,1.3999999999999997,2,0.6999999999999998
B0,O10,1.3999999999999997,2,0.6999999999999998
B0,M2,1.3714285714285712,2,0.6857142857142856
B4,B7,1.3312276694065037,2,0.6656138347032519
B6_0,T3,1.2999999999999998,2,0.6499999999999999
B3,T6_3,1.2999999999999998,2,0.6499999999999999
O7,T0,1.2999999999999998,2,0.6499999999999999
B2,B6_0,1.2428571428571427,2,0.6214285714285713
B7,T5,1.216227766016838,2,0.608113883008419
O7,T6,1.2142857142857142,2,0.6071428571428571
M2,T6,1.2119047619047616,2,0.6059523809523808
B0,T0,1.1999999999999997,2,0.5999999999999999
O10,O4,1.1595238095238094,2,0.5797619047619047
T6_3,T7,1.1378647873726218,2,0.5689323936863109
M3,T6_2,1.130952380952381,2,0.5654761904761905
O10,T6,1.0999999999999999,2,0.5499999999999999
M7,T0,1.0999999999999996,2,0.5499999999999998
M2,O10,1.0714285714285714,2,0.5357142857142857
B4,T6_3,0.9999999999999999,2,0.49999999999999994
T6,T6_2,0.7999999999999998,1,0.7999999999999998
B6_0,M4,0.7999999999999998,1,0.7999999999999998
M4,T6_3,0.7162277660168379,1,0.7162277660168379
O4,T4,0.6999999999999998,1,0.6999999999999998
B6_0,T0,0.6999999999999998,1,0.6999999999999998
B7,M4,0.6999999999999998,1,0.6999999999999998
B0,T6_3,0.6689323936863109,1,0.6689323936863109
M2,O4,0.6547619047619048,1,0.6547619047619048
O4,O7,0.6309523809523809,1,0.6309523809523809
B7,M1,0.5999999999999999,1,0.5999999999999999
T3,T6_3,0.5999999999999999,1,0.5999999999999999
O4,T1,0.5999999999999999,1,0.5999999999999999
B6_0,T7,0.5999999999999999,1,0.5999999999999999
B6_0,T4,0.5999999999999999,1,0.5999999999999999
B4,T6_2,0.5999999999999999,1,0.5999999999999999
T6,T6_3,0.5999999999999999,1,0.5999999999999999
B6_0,O4,0.5999999999999999,1,0.5999999999999999
B5,B7,0.5999999999999999,1,0.5999999999999999
O4,T0,0.5999999999999999,1,0.5999999999999999
T0,T6_2,0.5999999999999999,1,0.5999999999999999
B0,B7,0.5714285714285714,1,0.5714285714285714
O4,T2,0.5476190476190477,1,0.5476190476190477
B7,T7,0.545544725589981,1,0.545544725589981
M1,T6_3,0.5357142857142858,1,0.5357142857142858
O4,T5,0.5357142857142857,1,0.5357142857142857
M3,T6_3,0.5238095238095238,1,0.5238095238095238
B6_0,M5,0.5238095238095238,1,0.5238095238095238
T2,T6_3,0.516227766016838,1,0.516227766016838
B6_0,M2,0.5134062769065464,1,0.5134062769065464
M5,T6_2,0.5119047619047619,1,0.5119047619047619
B2,B7,0.5046288711707324,1,0.5046288711707324
B6_0,M7,0.5,1,0.5
B2,O4,0.5,1,0.5
M2,T7,0.5,1,0.5
M1,O4,0.4999999999999999,1,0.4999999999999999
B6_0,M0,0.4999999999999999,1,0.4999999999999999
