Endpoint_CellType_Pair,B0,B1,B2,B3,B4,B5,B6_0,B7,M0,M1,M2,M3,M4,M5,M7,O10,O4,O7,T0,T1,T2,T3,T4,T5,T6,T6_2,T6_3,T7
B0__B0,991,461,226,374,60,101,0,0,358,243,6,261,101,143,15,37,0,41,30,163,126,108,221,139,29,7,5,66
B0__B1,13275,13275,2814,4377,986,1329,23,28,4993,2435,177,3386,1223,1566,228,373,0,432,566,1699,1882,1518,2988,1688,318,26,63,786
B0__B2,6345,2539,6345,2253,386,607,1,8,2622,1133,142,1728,702,732,120,168,0,236,398,846,732,821,1539,843,157,22,23,327
B0__B3,18225,6276,3156,18225,1300,1781,20,13,5946,3608,403,4189,1968,2224,398,496,90,874,1193,2330,2878,2057,3581,2573,353,27,144,1005
B0__B4,6840,2679,1196,2510,6840,825,45,16,2991,1335,49,1820,750,672,188,271,0,242,380,971,801,719,2031,844,192,22,23,656
B0__B5,7290,3007,1675,2591,632,7290,57,2,3093,1250,82,1835,778,891,155,271,0,196,377,975,1098,991,1771,996,126,16,34,526
B0__B6_0,720,196,173,323,115,91,720,0,256,181,2,267,156,84,19,14,0,41,54,101,96,89,150,229,16,5,0,47
B0__B7,855,366,151,362,45,120,0,855,325,116,5,287,108,108,13,17,0,54,112,175,147,86,213,134,25,4,1,58
B0__M0,17550,5403,3263,5143,1032,1428,6,45,17550,2853,180,3907,1401,1963,220,541,0,306,710,1907,1717,1455,4235,2413,377,13,48,989
B0__M1,14715,5161,2397,5563,1082,1315,4,14,4778,14715,125,3856,1616,1820,397,512,2,579,674,2268,2428,1878,2986,2066,265,33,77,950
B0__M2,2925,1035,696,1414,179,284,15,3,1212,503,2925,684,302,389,35,101,9,99,195,595,434,327,665,480,183,17,9,166
B0__M3,20160,6970,3945,6813,1594,1859,21,19,7948,3971,119,20160,2464,2669,455,737,0,545,1140,2425,2356,2612,4779,2656,458,58,81,1063
B0__M4,15885,5894,3199,6033,1229,1619,7,18,6786,3279,260,4811,15885,1964,489,476,0,428,1026,2388,2368,1973,3858,2336,570,29,75,1054
B0__M5,13590,4920,2746,4389,1135,1414,12,21,5947,2315,274,3698,1051,13590,181,458,0,495,936,1590,1623,1632,3302,2017,250,38,108,811
B0__M7,2025,736,469,648,182,312,0,3,703,455,26,544,213,304,2025,229,0,142,123,308,217,233,538,374,47,5,7,161
B0__O10,2340,918,488,947,244,280,0,1,918,450,12,739,355,471,43,2340,46,88,174,337,280,262,507,347,53,3,15,187
B0__O4,450,165,58,311,66,43,1,0,210,78,7,112,54,57,9,10,450,12,25,60,70,51,121,58,6,0,5,86
B0__O7,2745,1021,549,910,158,195,7,26,1133,464,71,633,171,522,23,62,4,2745,98,359,339,264,686,380,67,1,25,185
B0__T0,3825,1434,774,1479,276,308,20,18,1855,601,23,874,451,718,39,101,0,192,3825,514,554,501,929,640,94,6,17,221
B0__T1,7830,3359,1584,2817,521,911,4,7,3176,1410,110,1929,843,980,184,309,0,459,579,7830,1111,1032,1745,1263,232,54,27,529
B0__T2,11070,4406,2065,3746,623,1101,7,5,4499,2291,178,2770,1099,1573,197,253,1,291,640,1466,11070,1637,2614,1658,198,27,50,662
B0__T3,7335,2766,1707,2561,517,753,12,14,3198,1225,109,1929,822,1165,108,178,2,202,624,1015,1097,7335,1811,938,122,16,34,501
B0__T4,10440,3810,2240,3387,961,1066,3,34,4921,1798,63,3025,1066,1505,153,363,0,168,526,1202,1248,1034,10440,1396,200,25,40,672
B0__T5,13545,5297,2717,4802,945,1412,1,139,5533,2283,238,3361,1415,1785,199,354,50,649,805,1745,2247,1350,2928,13545,265,24,109,863
B0__T6,1980,749,409,843,249,230,1,2,788,452,74,601,235,312,25,57,0,97,87,303,216,230,462,324,1980,40,7,173
B0__T6_2,495,183,102,135,54,38,0,21,285,119,5,112,111,123,3,18,0,1,149,166,80,70,113,123,20,495,0,34
B0__T6_3,450,241,92,188,34,75,0,0,205,88,2,121,21,106,7,55,0,6,39,43,66,38,174,88,15,0,450,33
B0__T7,3330,1353,670,1270,366,474,6,1,1299,735,45,882,497,483,80,138,0,103,208,433,415,355,779,474,84,10,22,3330
B1__B1,1604,43366,8983,10423,3477,3896,154,141,15810,5268,883,10768,4066,4070,764,940,0,1426,2369,4402,5871,4744,9292,4700,919,34,156,2061
B1__B2,1561,41597,41597,10998,2922,3870,91,126,17322,4895,1208,10784,4515,4121,887,730,0,1338,3096,4059,5240,4950,9700,5177,696,127,81,1678
B1__B3,4489,119477,17418,119477,11386,12296,332,216,39607,18953,3816,26694,12022,12720,1950,2733,592,5189,9109,11120,19534,13915,24143,14999,1734,129,695,6001
B1__B4,1715,44840,7292,11844,44840,4371,383,118,18535,6144,687,11637,5062,3978,1123,1411,0,1528,3192,4828,5562,4894,13013,4786,1230,87,96,3472
B1__B5,1543,47790,10570,12639,4438,47790,468,94,20414,5550,871,11071,5340,5088,857,1272,0,1222,3103,4814,7417,6322,11818,5448,807,74,76,2658
B1__B6_0,97,4720,953,1825,807,672,4720,4,1710,1050,63,1678,996,487,58,49,0,195,384,411,764,556,1012,1403,71,9,3,298
B1__B7,236,5605,887,1790,302,723,11,5605,2324,458,59,2040,712,626,62,77,0,346,844,1013,1010,674,1373,953,89,3,6,270
B1__M0,3206,115050,20096,21644,6764,7999,305,504,115050,10173,2120,22709,8568,11952,1584,1857,1,2469,5910,8059,11524,9528,24671,12752,2120,64,246,4591
B1__M1,4860,96466,15146,29512,9358,9051,206,251,32349,96466,1516,25509,10961,10290,2206,2847,5,3739,5519,11802,15710,12260,19207,12032,1496,161,173,5652
B1__M2,450,19175,4044,7678,1333,1877,136,67,7929,2414,19175,4452,1866,2251,196,524,85,603,1320,3570,2851,2088,4175,2845,926,41,26,844
B1__M3,3887,132160,22854,33740,12984,11561,354,322,51764,20071,1998,132160,15466,15049,2187,3747,1,3088,8404,11166,15859,16758,31783,14459,2644,175,221,5380
B1__M4,3120,104135,18633,29944,9198,10448,209,225,43631,16746,2703,30553,104135,11789,2793,2409,5,2605,7737,12040,15581,13281,24431,13305,2970,81,320,5797
B1__M5,2484,89090,17372,20010,6156,8438,212,311,37470,9857,2178,23261,7019,89090,1124,2628,0,3212,7228,7150,10930,9592,21338,10644,1728,315,154,4304
B1__M7,376,13275,2846,3253,1399,2073,25,25,5129,2329,308,3773,1433,1628,13275,1316,0,840,832,1527,1641,1473,3347,2160,290,14,19,888
B1__O10,614,15340,2944,4978,1874,1725,22,26,5997,2161,233,4564,2310,2877,248,15340,307,522,1243,1856,1885,1685,3222,1812,311,7,15,1087
B1__O4,160,2950,343,1889,464,208,8,6,1355,376,61,666,308,342,29,56,2950,76,171,332,417,431,787,294,44,0,3,520
B1__O7,618,17995,3689,5043,1279,1242,64,157,7048,1783,515,4232,1071,3377,147,357,8,17995,923,1616,2604,1567,3934,2488,341,8,198,998
B1__T0,857,25075,4598,7095,1772,1807,196,215,11766,2481,367,5453,2935,4588,276,465,0,1198,25075,2226,3508,3103,5741,3861,371,22,71,1193
B1__T1,2139,51330,9747,13955,3648,5716,148,120,20868,6356,1145,12041,5552,5541,1120,1659,1,2751,4485,51330,7520,6348,10840,7489,1536,334,71,2998
B1__T2,1795,72570,12634,18135,4543,6801,186,148,29019,10665,1825,17316,7401,8840,1215,1293,1,1748,4972,7577,72570,10208,16721,9555,1074,77,194,3350
B1__T3,1185,48086,10425,12166,3394,4381,167,166,21076,5208,1079,12303,5121,6834,704,877,10,1235,4768,4721,7318,48086,11522,5491,725,33,87,2581
B1__T4,1943,68440,13304,14795,6668,6055,175,329,30482,8211,979,19312,6612,8955,996,1615,0,1257,4207,5312,8730,6549,68440,7551,1184,36,256,3471
B1__T5,2897,88795,16641,23619,6684,8698,171,989,37112,10069,2236,20849,9420,10243,1037,1812,312,3965,6349,8640,14682,7968,19424,88795,1387,90,583,4778
B1__T6,475,12980,2485,4550,1788,1378,22,31,5253,2195,592,4135,1458,1703,159,292,0,561,690,1459,1620,1479,2990,1896,12980,318,24,886
B1__T6_2,153,3245,569,619,379,207,8,135,1763,576,41,728,763,725,26,71,0,40,996,1037,556,412,750,759,131,3245,7,226
B1__T6_3,81,2950,583,996,275,448,4,4,1157,344,32,813,175,690,41,329,0,61,330,202,395,358,1086,493,53,1,2950,166
B1__T7,808,21830,4068,6630,2755,2976,70,27,8529,3875,406,5499,3460,2921,460,744,13,601,1555,2203,2651,2508,5152,2540,588,22,153,21830
B2__B2,346,3321,9870,2745,564,947,3,25,4467,1057,356,2708,1211,950,232,95,0,344,912,943,1096,1391,2474,1304,98,63,6,332
B2__B3,2238,15932,57106,57106,5216,6284,77,112,21413,8322,2476,13584,6421,6010,1057,1209,282,2518,5794,5277,8287,7681,12352,7534,776,207,298,2251
B2__B4,895,7224,21432,5951,21432,2133,147,79,9747,2672,418,5588,2561,1892,544,471,0,646,1835,2189,2349,2699,6780,2272,447,118,11,1435
B2__B5,785,7973,22843,6369,1821,22843,185,34,10654,2458,580,5571,2820,2389,492,463,0,604,1947,2254,3124,3264,6011,2794,271,97,18,1117
B2__B6_0,55,497,2256,932,372,337,2256,5,912,448,56,792,517,256,26,33,0,81,265,224,337,321,508,619,32,17,1,128
B2__B7,99,918,2679,927,108,357,0,2679,1143,224,48,999,393,324,35,28,0,156,450,492,437,348,751,530,42,7,3,106
B2__M0,1251,12746,54990,11395,2510,4384,17,239,54990,3844,1222,11421,4747,5121,887,388,0,1162,3537,3550,4518,5036,12047,6482,383,205,36,1648
B2__M1,2473,14132,46107,15235,4144,4665,26,97,17339,46107,1155,12813,5928,4847,1058,1237,2,1825,3673,5728,6795,6712,9607,6053,607,127,35,2209
B2__M2,198,2742,9165,3944,548,1000,61,33,4232,1049,9165,2094,1014,1105,127,206,52,287,757,1539,1232,1123,2132,1449,406,41,1,338
B2__M3,1936,19141,63169,16985,5282,5777,73,134,26606,8969,1630,63169,8352,7053,1290,1466,1,1511,5644,5375,6463,9016,16417,7379,1052,289,31,2039
B2__M4,1636,15755,49773,15038,3724,5270,5,104,22949,7400,1723,14853,49773,5360,1458,727,0,1215,4708,5547,6576,7004,12568,6566,1212,221,67,2208
B2__M5,1128,12166,42582,10406,2337,4472,26,152,19017,4306,1252,11572,3913,42582,726,912,0,1451,4170,3341,4509,5119,10684,5402,453,271,30,1657
B2__M7,208,1918,6345,1665,547,1040,3,13,2751,1089,205,1862,794,740,6345,603,0,430,495,751,643,859,1657,1093,129,24,0,391
B2__O10,307,2369,7332,2420,784,856,1,13,3133,943,161,2272,1153,1352,133,7332,148,283,724,936,790,920,1740,943,107,27,5,438
B2__O4,84,403,1410,908,197,101,0,2,680,146,33,391,172,145,15,20,1410,36,114,148,161,237,418,157,17,4,0,230
B2__O7,260,2816,8601,2610,527,620,28,53,3703,841,305,2194,632,1604,127,113,3,8601,543,793,1107,936,1943,1346,140,23,93,400
B2__T0,349,3624,11985,3615,656,1063,79,94,5862,990,232,2617,1511,2167,187,138,0,562,11985,1026,1462,1564,2947,1895,84,43,14,444
B2__T1,1040,8865,24535,7271,1459,2861,20,46,10915,2884,733,6174,3103,2713,625,640,0,1358,2619,24535,3279,3421,5555,3747,573,199,13,1200
B2__T2,868,11668,34686,9301,1823,3504,16,64,15281,4793,1143,8615,3883,4307,717,423,1,836,3075,3460,34686,5332,8405,4980,325,112,56,1343
B2__T3,583,7067,22983,6198,1350,2273,26,99,10858,2143,662,6127,2773,3272,406,244,4,575,2704,2092,3102,22983,5709,2797,206,89,16,987
B2__T4,926,9788,32712,7687,2716,3068,23,154,15581,3462,643,9442,3552,4319,528,489,0,581,2521,2438,3525,3539,32712,3763,381,136,50,1251
B2__T5,1381,13787,42441,12237,2745,4398,7,435,19647,4478,1495,10819,5043,4822,647,707,149,1963,3741,3899,6173,4568,9659,42441,386,122,225,1855
B2__T6,205,2071,6204,2298,791,687,4,15,2736,974,327,2014,762,807,94,116,0,246,426,680,677,829,1497,930,6204,145,3,365
B2__T6_2,58,427,1551,351,161,125,0,70,846,246,24,369,372,330,25,23,0,20,491,486,264,222,428,316,43,1551,2,73
B2__T6_3,34,661,1410,522,132,228,0,5,630,131,19,372,101,311,15,152,0,24,187,90,189,201,508,224,10,3,1410,51
B2__T7,416,3683,10434,3313,1206,1453,16,17,4480,1795,280,2752,1783,1366,258,313,2,328,989,1041,1094,1410,2640,1230,258,39,50,10434
B3__B3,2944,18944,9142,81811,6165,7474,204,112,22833,13284,3140,16026,8077,8429,1338,1811,809,4201,7221,6717,13873,9211,13007,11800,467,72,806,3422
B3__B4,2406,17781,7380,61561,61561,6536,471,96,23455,9374,1321,14838,7043,5650,1315,1815,304,2277,5479,5919,8186,6115,16076,7008,1343,140,323,4530
B3__B5,2272,20200,10786,65610,7609,65610,624,36,25158,9122,1809,14695,7304,7358,1117,1873,325,2327,5582,6194,10949,8906,14607,8154,590,113,331,3661
B3__B6_0,161,1118,992,6480,1101,771,6480,3,1967,1564,134,2115,1263,629,64,78,35,369,759,559,967,822,1007,2038,36,3,32,351
B3__B7,236,2498,868,7695,500,1156,8,7695,2655,715,135,2625,899,917,89,157,38,547,1247,1260,1297,1051,1767,1304,73,13,39,348
B3__M0,4165,30282,19304,157950,14779,14558,257,351,157950,18546,4955,32151,13734,16355,1946,3225,780,4163,12348,10826,20043,14360,32557,19763,2058,161,803,5604
B3__M1,6480,32347,14655,132436,11962,12665,147,151,38430,132436,3123,30379,14950,12785,2784,3747,686,6178,11130,14239,21425,16195,21705,17759,1195,207,688,6902
B3__M2,569,6398,4740,26325,1961,2759,125,62,9497,3813,26325,5369,2614,2738,264,835,315,993,1941,4004,4191,3333,4828,4238,1172,87,130,982
B3__M3,5572,43913,23092,181440,17918,17017,420,239,61515,29268,4088,181440,21485,21035,2415,5461,901,5834,15749,13375,24523,24078,37615,23401,2071,291,945,7509
B3__M4,4447,36513,19060,142967,14505,15596,183,169,53593,25229,4464,39107,142967,15958,3727,3693,710,4781,14185,15313,23489,18124,30437,20127,3793,208,811,7274
B3__M5,3447,30710,16705,122310,13030,12742,295,268,44819,17329,4583,30514,10284,122310,1326,3509,605,5105,12334,9028,16423,14285,27142,15919,1356,411,638,5896
B3__M7,532,4668,3023,18225,1919,2782,23,37,6136,3235,538,4847,2009,2209,18225,1862,90,1384,1643,2115,2815,2439,3783,3232,221,23,90,1305
B3__O10,845,5425,2693,21060,2837,2570,23,5,7137,3479,498,5962,3149,4094,234,21060,549,947,2211,2160,3136,2272,3647,2663,204,9,104,1416
B3__O4,222,920,304,4050,599,337,8,7,1683,513,130,870,516,494,27,96,4050,150,236,352,715,522,1015,505,28,1,20,713
B3__O7,714,6737,3457,24705,2142,1928,69,227,8283,3299,880,4452,1735,4289,187,523,176,24705,1890,2083,3556,2256,4807,3399,183,18,287,1251
B3__T0,1211,8797,4679,34425,4012,2999,238,152,14510,4070,911,6967,4065,6271,327,771,172,2022,34425,2777,5380,4574,7962,5612,304,43,177,1561
B3__T1,2608,23426,10286,70471,6076,8910,266,89,25626,11300,2332,15142,7867,7869,1492,2294,354,5059,8001,70471,12010,9383,13667,11060,1631,472,348,3891
B3__T2,2637,27644,13011,99631,7526,10814,139,77,37262,17995,3523,21855,10221,12417,1727,2015,499,3366,8835,8445,99631,14679,20989,14203,787,156,569,4157
B3__T3,1651,17281,11160,66016,6568,6923,124,197,25881,8836,1974,15710,7428,9585,879,1310,381,2239,7942,5661,11405,66016,14674,8117,397,65,333,3273
B3__T4,2758,22959,14008,93963,12072,9754,166,317,37785,12821,2191,25992,9670,12680,1216,2688,464,2207,7681,6268,13593,9974,93963,11346,891,73,578,4647
B3__T5,4062,34450,17897,121907,10321,13208,190,1188,45455,17136,4599,25920,14470,13558,1388,2784,1087,6543,11253,11077,23054,12880,22984,121907,1122,109,1117,5479
B3__T6,624,5005,2598,17821,2387,2046,23,36,6445,3332,1056,5261,2263,2317,227,451,88,1024,1449,1900,2390,2210,3656,2779,17821,437,90,1122
B3__T6_2,156,976,559,4455,614,379,5,184,2273,963,105,878,1068,971,29,143,22,115,1469,1395,831,594,1019,1075,246,4455,22,252
B3__T6_3,194,1647,591,4050,421,663,3,0,1716,565,80,924,288,928,36,501,20,127,472,259,668,489,1408,675,71,4,4050,246
B3__T7,1206,8491,4063,29970,3783,3716,92,14,10916,5750,812,7081,4936,3819,581,1149,153,1176,2812,2641,4333,3342,6453,3911,430,32,263,29970
B4__B4,413,3596,1513,2976,11481,1106,153,37,5003,1311,59,2623,1286,842,383,312,0,326,920,1260,1151,1130,3634,999,379,54,5,1101
B4__B5,942,8654,4289,6616,24624,24624,366,30,11302,3048,192,5999,3205,2313,705,858,0,642,2130,2684,3083,3093,7513,2462,533,78,12,2273
B4__B6_0,63,553,370,995,2432,340,2432,3,1018,556,11,822,559,213,41,52,0,95,236,281,359,280,637,708,37,3,2,189
B4__B7,107,1048,393,989,2888,411,19,2888,1300,300,7,971,397,276,49,48,0,179,490,528,468,353,967,607,83,9,0,217
B4__M0,2119,14391,8420,11101,59280,4350,420,263,59280,4646,454,10758,5060,4553,1187,1040,0,1347,3492,4199,4920,5182,17002,5373,1457,176,13,3495
B4__M1,2775,14647,6699,17290,49705,5439,347,117,19417,49705,386,13761,6560,4471,1408,1927,4,1578,3706,6467,6618,5517,12777,5582,1203,193,27,3899
B4__M2,280,3074,2043,4143,9880,1213,115,34,4625,1263,9880,2253,1101,988,165,311,89,282,875,1572,1323,1056,2869,1399,543,44,4,694
B4__M3,1978,20115,9302,19134,68096,6504,506,171,28464,11445,432,68096,8592,6290,1326,2274,0,1627,5826,5798,6312,7993,20264,6726,1752,137,50,4817
B4__M4,1688,16909,7722,16206,53658,5790,358,118,24488,8985,777,15656,53658,4751,1720,1461,0,1259,5091,5896,6770,6404,15694,6296,1752,127,107,4258
B4__M5,1721,13564,6896,10807,45904,4471,326,120,20481,5756,801,12666,4162,45904,1083,1903,0,1627,4489,3910,4812,4853,14575,4988,1253,137,21,3346
B4__M7,246,1957,1177,1801,6840,1134,45,20,3102,1288,61,2083,815,773,6840,700,0,419,576,833,690,789,2157,1097,214,22,6,679
B4__O10,338,2505,1166,2622,7904,981,53,11,3361,1165,41,2422,1239,1343,193,7904,158,283,839,1002,807,744,2211,849,213,10,3,765
B4__O4,111,496,134,947,1520,115,11,4,778,183,11,392,183,120,26,18,1520,32,117,178,137,217,516,133,35,1,0,288
B4__O7,388,3301,1613,2555,9272,675,71,49,3901,1062,112,2399,673,1572,140,298,11,9272,643,1090,1298,932,2493,1084,205,28,119,760
B4__T0,524,3880,1984,3832,12920,960,166,80,6187,1301,63,2581,1530,2041,228,346,0,634,12920,1154,1496,1647,3890,1728,276,13,5,918
B4__T1,1221,9983,3973,7811,26448,3281,203,58,11937,3607,368,6344,3331,2596,857,1058,0,1568,2660,26448,3588,3113,7818,3763,1043,210,4,2287
B4__T2,1262,12626,5265,9908,37395,3875,258,54,16503,5853,625,8829,4123,4027,1126,1028,1,906,3087,4084,37395,5558,11096,4506,833,100,32,2787
B4__T3,827,7559,4256,6640,24776,2356,183,89,11623,2685,351,6569,2957,2852,537,554,4,563,2815,2628,3214,24776,7233,2551,558,51,6,1835
B4__T4,1119,9956,5396,7793,35265,3132,244,145,15851,4129,182,9430,3740,3792,884,1025,0,633,2723,2884,3561,3493,35265,3357,942,65,56,2582
B4__T5,1768,15179,7005,12728,45753,5079,308,392,22000,5622,775,11264,5577,4438,928,1263,164,2322,3721,4546,6546,4178,13560,45753,1008,97,241,3691
B4__T6,261,2152,967,2428,6688,781,44,11,2961,1052,263,2089,799,802,134,201,0,299,483,742,642,771,1832,985,6688,132,2,654
B4__T6_2,87,441,229,313,1672,134,11,54,879,247,15,329,388,355,35,58,0,27,534,540,245,197,598,333,84,1672,0,139
B4__T6_3,60,668,223,513,1520,247,10,3,617,131,0,311,113,338,28,181,0,23,204,84,204,252,630,200,35,4,1520,132
B4__T7,415,3694,1841,3428,11248,1582,85,18,4826,2032,106,2958,1830,1274,300,482,3,272,1087,1128,1037,1151,3306,1197,326,22,35,11248
B5__B5,438,4845,3032,3502,1357,13041,210,5,6187,1447,201,2985,1583,1413,263,394,0,299,988,1294,2150,2054,3447,1576,137,25,3,835
B5__B6_0,51,597,547,1017,472,2592,2592,0,1083,499,25,912,575,283,27,50,1,93,253,244,423,388,614,745,20,9,0,183
B5__B7,91,1145,561,1052,190,3078,23,3078,1384,198,26,1077,408,375,34,64,0,163,480,543,561,469,900,583,42,10,0,169
B5__M0,1556,16146,11827,12550,4713,63180,550,145,63180,4660,1019,11631,5782,6422,800,1108,0,1134,3675,4592,7137,6695,15069,6877,841,126,19,2937
B5__M1,2823,16861,9386,17306,6035,52974,401,56,20237,52974,696,13670,6609,5852,1226,1844,6,1685,3399,6521,8934,7743,11535,7008,542,120,12,3370
B5__M2,193,3391,2623,4508,932,10530,144,16,4881,1180,10530,2387,1234,1272,128,342,68,284,787,1847,1657,1285,2554,1683,449,26,1,580
B5__M3,2052,22665,13927,19533,7797,72576,631,76,32062,10044,887,72576,9246,8280,1188,2292,1,1289,5453,5705,8933,11047,19323,8276,1021,196,25,3809
B5__M4,1679,18630,11263,17254,5873,57186,455,55,26832,8417,1240,15949,57186,6536,1652,1454,1,1138,4824,6519,8779,8451,14758,7471,1347,155,57,3544
B5__M5,1318,15250,10397,11759,3935,48924,432,94,22888,4834,1156,11740,4457,48924,594,1511,0,1611,4393,3986,6553,6668,13111,5801,777,162,18,2558
B5__M7,203,2237,1648,1868,790,7290,57,8,3262,1241,135,2046,819,871,7290,737,0,436,526,801,934,1017,2004,1231,114,8,0,537
B5__O10,311,2854,1726,2762,1105,8424,67,0,3714,1074,99,2407,1353,1621,161,8424,172,269,798,1027,1091,1112,2031,1044,104,14,0,638
B5__O4,104,500,209,1032,266,1620,11,0,835,168,26,385,194,182,11,40,1620,24,111,174,240,272,485,151,22,1,0,281
B5__O7,304,3400,2308,2917,780,9882,87,65,4386,914,245,2142,734,1947,113,180,8,9882,644,920,1595,1140,2529,1404,110,9,98,607
B5__T0,423,4500,2645,4006,1150,13770,198,72,6946,1171,147,2627,1820,2504,162,298,0,608,13770,1336,2030,2089,3550,2061,104,13,9,685
B5__T1,1090,10833,5927,8118,2356,28189,234,31,13038,3305,551,6380,3465,3211,632,975,0,1416,2757,28189,4411,4070,6772,4084,710,186,0,1816
B5__T2,931,14181,7798,10465,3119,39852,332,30,18026,5545,929,9206,4577,5187,741,804,1,833,2893,3961,39852,6456,9889,5345,399,82,28,2160
B5__T3,598,8870,6050,7005,2237,26406,262,53,12719,2421,479,6634,3319,3906,401,558,5,524,2832,2568,4233,26406,6791,2892,236,46,7,1546
B5__T4,1015,11755,7888,8547,4228,37584,336,112,18341,4012,380,9997,4360,4858,532,1017,0,539,2653,2924,4932,4709,37584,4083,480,57,52,2200
B5__T5,1499,16705,10029,13829,4302,48762,371,442,22961,5060,1130,11197,5854,5684,572,1130,176,1989,3799,4715,8455,5394,11789,48762,518,71,232,2869
B5__T6,219,2440,1441,2636,1104,7128,53,6,3189,1068,291,2196,870,969,103,231,0,242,443,793,895,965,1700,1088,7128,189,2,555
B5__T6_2,74,564,312,357,245,1782,15,62,990,300,16,375,433,388,14,38,0,23,542,582,301,248,479,416,62,1782,0,109
B5__T6_3,44,767,306,564,187,1620,14,1,712,157,14,372,121,391,26,181,0,26,232,125,246,241,619,289,9,2,1620,97
B5__T7,448,4297,2532,3660,1670,11988,109,2,5269,1948,180,2821,1943,1576,285,463,1,240,1054,1118,1492,1583,3229,1394,290,25,57,11988
B6_0__B6_0,2,17,23,62,30,19,122,0,44,37,0,55,28,8,0,1,0,10,12,10,17,15,17,45,0,0,0,9
B6_0__B7,0,86,53,152,40,53,304,304,109,52,0,138,63,34,0,7,0,23,44,56,54,37,70,100,3,0,0,12
B6_0__M0,54,867,1001,2169,914,982,6241,13,6241,950,51,1903,1407,649,72,83,0,149,494,473,852,629,1328,1667,93,12,2,388
B6_0__M1,176,895,825,2293,958,579,5232,4,1590,5232,30,1959,969,555,89,103,0,277,460,497,783,715,948,1550,53,3,0,414
B6_0__M2,6,207,229,536,165,171,1040,0,403,212,1040,349,222,113,5,21,8,30,116,164,146,131,176,315,40,6,0,81
B6_0__M3,91,1223,1148,2822,1316,848,7168,10,2737,1607,26,7168,1501,761,59,137,2,312,710,497,812,934,1444,2108,84,17,3,272
B6_0__M4,79,1087,951,2462,1038,746,5648,6,2297,1358,60,2262,5648,621,124,121,0,221,583,615,937,695,1204,1682,147,27,4,362
B6_0__M5,42,904,888,1856,785,695,4832,2,2066,900,88,1727,962,4832,42,113,1,188,595,416,645,582,1131,1316,54,20,2,282
B6_0__M7,7,120,161,273,137,121,720,0,269,170,5,318,136,99,720,61,0,70,66,75,91,104,147,238,6,1,0,65
B6_0__O10,25,156,144,390,172,121,833,0,326,184,3,325,206,164,8,833,16,45,109,76,132,93,147,251,5,1,0,59
B6_0__O4,6,34,22,119,37,15,160,0,71,31,1,55,34,13,0,2,160,6,10,15,32,16,41,46,2,0,0,32
B6_0__O7,5,188,173,439,162,110,976,9,344,174,20,335,115,183,6,13,3,976,106,58,193,80,251,298,9,0,7,64
B6_0__T0,26,242,246,582,230,162,1360,5,649,208,8,405,322,258,6,29,2,73,1360,130,216,203,330,407,19,9,1,76
B6_0__T1,71,777,519,1115,463,486,2784,2,1140,563,48,952,632,269,48,63,4,191,301,2784,490,381,595,885,72,20,1,197
B6_0__T2,34,836,725,1521,608,541,3936,0,1546,902,51,1367,815,498,65,52,0,123,377,306,3936,615,903,1144,37,12,0,258
B6_0__T3,31,519,563,1031,452,347,2609,9,1107,456,30,919,585,360,33,33,4,86,340,223,437,2609,600,713,20,1,0,182
B6_0__T4,59,694,675,1396,722,482,3712,5,1653,687,13,1378,817,460,26,94,0,101,348,293,529,412,3712,1031,50,7,6,220
B6_0__T5,83,1088,923,1992,755,735,4817,42,1918,890,84,1728,1021,583,21,76,21,256,525,433,932,484,1062,4817,27,4,16,314
B6_0__T6,11,147,142,331,143,102,704,0,253,187,29,324,136,105,2,17,0,42,67,69,100,93,131,190,704,29,0,55
B6_0__T6_2,2,21,34,55,30,22,176,5,96,39,0,55,64,47,0,7,0,4,57,55,26,28,51,61,14,176,0,13
B6_0__T6_3,6,52,27,70,29,36,160,0,69,30,0,48,27,35,1,18,0,7,24,15,26,20,60,57,1,0,160,11
B6_0__T7,34,264,217,546,239,178,1184,0,453,277,12,422,309,145,20,31,1,52,115,116,145,150,242,341,19,0,3,1184
B7__B7,5,58,23,59,2,28,0,171,77,7,1,64,23,25,4,2,0,13,42,46,26,30,46,40,1,1,0,4
B7__M0,283,1983,960,1745,192,782,0,7410,7410,399,56,2223,874,1003,92,45,0,377,1161,1095,1258,765,2006,1666,131,4,5,229
B7__M1,251,2070,729,2584,381,872,2,6213,2245,6213,62,2202,865,695,119,148,1,316,947,1202,1103,821,1528,1112,60,11,2,290
B7__M2,12,388,252,524,47,165,8,1235,503,147,1235,401,166,159,12,28,7,55,184,327,218,156,381,256,64,0,0,46
B7__M3,244,2660,1155,3069,529,1105,3,8513,3578,833,49,8513,1145,1062,63,211,0,393,1357,1377,1349,1098,2193,1603,120,21,4,324
B7__M4,217,2210,938,2480,375,987,0,6707,2949,767,94,2635,6707,810,142,103,0,328,1126,1291,1147,914,1853,1412,174,19,6,327
B7__M5,228,1785,892,1659,256,814,2,5738,2609,419,86,2120,684,5738,38,107,0,364,1080,894,876,786,1478,1155,68,30,1,276
B7__M7,10,276,156,264,59,170,0,855,353,104,19,285,98,121,855,77,0,69,141,170,150,95,272,195,11,7,0,51
B7__O10,45,333,162,399,73,144,0,988,413,91,5,410,184,204,11,988,21,58,176,184,178,131,246,198,17,4,0,58
B7__O4,9,52,15,127,26,18,0,190,82,11,3,72,30,40,0,4,190,12,34,35,34,31,58,29,1,0,0,33
B7__O7,24,404,206,396,47,130,4,1159,484,57,17,358,119,205,8,11,3,1159,172,202,189,136,273,236,33,1,8,62
B7__T0,67,520,266,575,61,179,11,1615,785,101,8,524,232,271,15,17,0,135,1615,266,272,239,425,401,20,1,0,64
B7__T1,150,1334,465,1118,155,486,2,3306,1433,273,37,1178,490,379,62,83,0,280,574,3306,602,426,839,711,72,30,1,180
B7__T2,92,1631,627,1553,165,621,3,4674,2020,484,79,1612,608,713,71,48,0,208,743,822,4674,717,1317,965,44,8,2,195
B7__T3,75,1030,608,1045,125,424,5,3097,1407,209,38,1158,419,538,41,36,0,152,597,532,599,3097,895,596,32,6,0,145
B7__T4,141,1355,668,1233,280,596,3,4408,2062,335,18,1614,533,625,37,63,0,209,774,694,727,522,4408,975,53,1,5,187
B7__T5,170,2040,778,1881,260,743,0,5719,2475,403,85,1823,811,879,60,92,23,386,941,997,1141,628,1460,5719,81,10,25,272
B7__T6,22,296,121,367,82,124,0,836,347,106,25,311,110,115,6,17,0,50,118,157,125,104,236,165,836,36,0,52
B7__T6_2,12,59,29,52,28,18,0,209,126,31,0,65,51,47,1,3,0,8,76,81,43,22,60,57,7,209,0,9
B7__T6_3,4,96,33,70,12,39,0,190,95,9,0,71,16,52,2,21,0,14,38,30,34,32,69,52,4,0,190,6
B7__T7,62,544,194,547,127,245,1,1406,573,186,16,493,241,210,22,38,0,82,240,244,229,174,362,269,40,4,10,1406
M0__M0,526,9204,8254,6220,2599,3084,69,397,75855,2635,909,8423,3976,5508,424,242,0,966,2585,3112,4140,3400,13043,5558,469,41,34,638
M0__M1,4896,28692,18407,34789,11703,10961,47,346,127531,127531,1697,29527,12720,14314,2432,3536,9,3661,8009,12699,15703,13106,23569,16441,1711,123,53,5073
M0__M2,329,5110,5036,8897,1343,2121,219,89,25350,1994,25350,4523,1846,2951,181,553,186,572,1631,3091,3013,2047,5419,3378,1010,32,2,656
M0__M3,3968,37401,23707,34577,13559,13042,168,512,174720,20821,2170,174720,16886,18367,2078,3109,1,2766,11060,9943,13704,17592,45000,19693,2909,151,56,5709
M0__M4,2650,31429,19578,30676,10259,11473,44,406,137670,16501,3153,33442,137670,13465,2676,1545,1,2114,9657,11109,15297,14116,32769,16582,2904,66,205,5504
M0__M5,2202,21990,17267,17817,5139,8516,75,416,117780,9626,2433,24498,7564,117780,986,2286,0,2520,8006,6554,10104,9629,25720,13239,1579,253,29,3454
M0__M7,385,3463,2879,3465,1492,2671,2,59,17550,2662,353,4355,1711,2237,17550,1483,0,837,870,1376,1346,1530,4481,2927,457,15,2,1034
M0__O10,499,4665,3263,4981,1914,2014,4,53,20281,1978,229,5499,2741,3366,375,20281,402,386,1711,2115,1763,1590,4530,2533,362,7,4,1074
M0__O4,271,860,263,2175,378,221,1,10,3900,281,35,833,370,300,19,28,3900,34,210,371,265,555,1055,387,40,0,0,524
M0__O7,657,5222,4020,5144,1359,1130,51,107,23790,1724,377,4411,1050,4608,124,319,9,23790,1111,1725,2752,1974,4690,3204,255,21,363,1106
M0__T0,513,7078,4728,6723,1576,1731,280,234,33150,1813,317,4941,2969,5395,279,323,0,1226,33150,1976,3196,3641,7376,3986,195,7,13,942
M0__T1,1764,17597,10176,15346,3407,6045,38,187,67860,6433,1176,12572,6481,7702,1311,1860,0,2775,5883,67860,8072,6432,13002,9919,1723,406,21,2859
M0__T2,1243,22098,13249,17709,3995,7451,23,244,95940,10321,2100,17583,7744,11774,1400,1089,0,1442,5946,6653,95940,10740,19985,12972,883,36,95,3024
M0__T3,920,12813,11020,11604,3180,4801,33,261,63571,3915,1048,13445,5969,8150,641,557,18,906,6083,4331,6946,63571,13689,6886,680,21,18,2076
M0__T4,1584,17213,13655,12124,6891,6234,69,443,90480,6704,810,19964,7062,10883,734,817,0,1101,4593,4678,7299,6526,90480,8263,1259,21,65,2738
M0__T5,2341,26045,16259,22601,6950,8829,25,1042,117390,9535,2694,23436,10267,12883,1072,1642,403,3655,7513,7882,13113,7024,24499,117390,1253,44,659,4058
M0__T6,514,4139,3017,5077,2320,1235,15,52,17160,1822,771,4396,1616,2159,143,323,0,476,799,1308,1246,1423,3888,2751,17160,214,8,995
M0__T6_2,123,735,489,488,458,245,0,114,4290,539,47,646,937,866,26,89,0,48,1328,1286,583,518,952,801,207,4290,1,86
M0__T6_3,49,1455,613,1110,470,547,0,11,3900,267,15,673,218,865,15,409,0,41,434,153,405,527,1316,462,11,0,3900,169
M0__T7,710,7477,4682,6617,3459,3628,49,65,28860,4499,377,6179,4035,3522,378,910,7,380,2036,2034,2482,2352,7285,3097,865,22,69,28860
M1__M1,3065,12371,5912,16996,5324,4571,27,78,14770,53316,607,13722,6734,5202,1345,1870,8,2015,3308,6178,7930,6632,8897,6509,505,67,14,3240
M1__M2,728,5651,3825,9690,1860,2128,73,46,8041,21255,21255,5111,2571,2230,339,717,137,757,1534,4057,3411,2740,3869,3515,987,74,1,995
M1__M3,6168,36565,18831,46965,14279,12295,226,286,51525,146496,1382,146496,18945,17390,2759,5682,21,4279,9365,14478,18457,21178,30695,18068,1887,313,58,7756
M1__M4,5279,31801,16320,41047,12269,11612,30,223,44852,115432,2073,35898,115432,13439,3648,3744,14,3620,9144,15416,18673,15644,23788,15716,3087,274,117,6988
M1__M5,4208,27535,14574,29691,9735,9704,61,240,37686,98754,2196,27257,9318,98754,1681,3535,8,3858,7949,10281,13845,12459,22205,13522,1273,302,43,5102
M1__M7,653,3929,2636,4497,1654,2081,8,20,4881,14715,225,4447,1819,1986,14715,1573,0,1123,1039,1966,2112,2087,3231,2637,150,19,1,1073
M1__O10,983,4751,2429,6700,2342,1947,7,11,5844,17004,148,5161,2618,3357,329,17004,338,733,1503,2270,2549,2109,3040,2263,189,26,3,1282
M1__O4,239,784,264,2161,467,250,2,8,1443,3270,28,757,461,362,48,134,3270,80,170,368,604,392,786,340,44,0,1,605
M1__O7,1253,5900,2934,6910,1789,1392,22,227,6845,19947,380,4521,1399,3437,283,562,32,19947,1213,2367,3320,2081,3815,3266,185,13,117,1225
M1__T0,1310,7725,4056,9925,2982,2255,154,148,12347,27795,258,6393,3722,5283,426,729,5,1509,27795,3236,4366,4295,6069,4539,309,69,12,1283
M1__T1,3180,19353,8378,18527,5072,6391,92,100,21206,56899,926,14544,7117,6384,1536,2153,16,3582,5147,56899,9234,8201,10822,8718,1470,409,17,3532
M1__T2,3115,23081,10853,25065,6609,7962,51,94,29811,80442,1552,20159,9372,10147,1896,2044,18,2556,5387,8744,80442,12490,16412,11262,705,103,54,4031
M1__T3,2077,15180,9311,17581,5124,5184,69,156,21607,53301,911,14586,6758,7953,986,1450,41,1532,5086,6317,8933,53301,11503,6397,497,73,17,2985
M1__T4,3238,20254,12480,22940,9377,7120,81,233,31566,75864,685,23273,8860,10402,1450,2742,5,1542,4886,7516,10963,8684,75864,9548,861,71,103,4064
M1__T5,4831,29515,15576,32357,8973,9864,38,1009,36763,98428,2042,25214,12182,11389,1623,2951,371,4972,7617,11623,18335,10730,18698,98428,965,96,427,5205
M1__T6,782,4093,2309,5711,1931,1611,11,15,5197,14388,568,4742,1922,1903,249,422,1,675,926,1946,2160,1866,2859,2274,14388,352,6,1006
M1__T6_2,155,896,537,943,489,289,0,121,1931,3597,35,826,900,797,54,132,0,57,1113,1198,668,538,872,830,171,3597,0,163
M1__T6_3,133,1465,529,1219,317,534,0,2,1344,3271,16,747,309,737,48,400,0,129,371,327,540,394,1108,597,59,1,3271,177
M1__T7,1298,7201,3493,8892,3178,3218,60,20,8734,24198,320,6281,4531,3256,640,998,10,715,1734,2858,3316,2952,5044,3232,527,83,67,24198
M2__M2,18,548,527,1087,136,184,21,6,909,217,2081,434,207,226,9,69,20,64,110,453,299,219,436,351,156,3,0,66
M2__M3,483,7746,5956,12472,2383,2888,171,77,12230,4137,29120,29120,3568,3434,274,942,172,605,2324,4597,3791,4193,6671,4485,1278,81,9,1129
M2__M4,378,6418,4846,10300,1732,2538,128,56,10561,3470,22946,6189,22946,2551,422,625,145,567,1910,4007,3648,3106,5398,3776,1198,50,29,1084
M2__M5,279,5237,4144,7712,1553,1964,141,50,8934,2208,19630,4727,1707,19630,92,595,139,682,1869,2839,2605,2298,4609,3399,895,74,9,913
M2__M7,45,806,701,1169,273,452,18,8,1223,494,2925,800,334,362,2925,304,8,159,230,579,375,364,710,566,141,6,0,188
M2__O10,80,935,759,1608,390,432,20,2,1437,500,3380,1003,511,643,24,3380,90,109,316,656,499,413,593,537,145,4,0,225
M2__O4,17,173,94,463,89,50,4,4,302,75,650,117,74,83,2,13,650,20,30,124,105,107,168,88,33,0,0,108
M2__O7,74,1165,907,1749,327,304,22,55,1667,385,3965,790,295,764,7,101,25,3965,296,615,550,374,756,707,190,6,42,183
M2__T0,104,1466,1276,2413,426,491,86,32,2659,513,5525,1105,593,1031,16,138,49,284,5525,731,883,725,1403,1015,226,5,1,261
M2__T1,282,3878,2536,4696,741,1388,84,39,5006,1472,11310,2414,1233,1386,155,441,51,578,1065,11310,1736,1372,2360,1943,646,86,0,631
M2__T2,184,4737,3282,6420,885,1696,106,38,7387,2403,15990,3463,1578,2164,188,364,109,386,1254,2565,15990,2106,3520,2682,652,29,9,604
M2__T3,110,2912,2675,4338,676,1161,94,34,5032,1102,10595,2426,1148,1653,79,245,84,268,1105,1600,1792,10595,2541,1623,428,20,3,481
M2__T4,220,3967,3529,5846,1314,1525,117,67,7464,1736,15080,4086,1607,2019,135,399,113,261,1155,2011,2149,1580,15080,2207,660,24,15,651
M2__T5,406,5963,4020,8145,1299,2026,135,209,9011,2166,19567,4116,2050,2314,99,552,160,794,1813,3363,3237,1732,3912,19567,822,32,94,807
M2__T6,60,794,680,1352,358,375,14,2,1336,416,2860,778,358,377,21,99,18,133,167,463,361,313,622,473,2860,101,3,169
M2__T6_2,16,154,192,241,88,92,5,31,375,119,715,116,166,156,1,19,6,7,230,243,137,92,185,171,46,715,0,60
M2__T6_3,12,277,175,276,43,104,3,0,323,70,650,152,32,162,1,78,6,13,70,67,110,81,260,111,23,1,650,29
M2__T7,104,1410,925,2301,568,721,26,11,2190,856,4810,1151,806,641,63,196,35,143,402,820,652,523,1057,730,247,12,11,4810
M3__M3,2197,24748,13837,25296,9692,7889,151,249,38130,16113,706,100129,12824,11600,1229,3623,0,1607,6334,6197,8237,13351,24643,10604,2025,203,42,3007
M3__M4,3648,42601,23396,46269,15257,15135,132,325,67601,27428,2664,158145,158145,18720,3874,4505,7,3073,12674,15777,18482,22184,39664,19851,4315,385,149,7137
M3__M5,2878,36280,21514,31287,11928,12146,121,336,57865,18433,2620,135296,12806,135296,1505,4609,2,3478,11838,9068,12973,17004,38074,15372,2445,573,70,5159
M3__M7,404,5052,3948,4908,2141,2984,15,36,8118,3698,280,20160,2319,2775,20160,2181,0,1142,1399,1847,1873,2663,5314,3348,390,71,1,1301
M3__O10,693,6272,3615,7514,3246,2457,19,23,9065,3696,167,23296,3487,4730,343,23296,462,664,2065,2282,2287,2848,5234,2784,366,39,5,1508
M3__O4,211,1216,433,2947,747,273,6,6,2149,647,42,4480,521,515,30,107,4480,85,349,348,565,623,1264,420,79,2,1,814
M3__O7,686,7945,4396,8175,2348,1846,59,209,11132,3610,484,27328,2009,5314,228,761,32,27328,1690,2077,3487,3107,6441,3684,395,33,244,1323
M3__T0,1094,10796,5831,10868,3431,2669,255,217,18504,4655,344,38080,5084,7263,342,845,2,1621,38080,2898,4392,5442,10537,5468,514,44,18,1442
M3__T1,2755,26847,13118,21819,6768,8434,163,109,33539,11469,1310,77952,10094,9390,1489,2909,0,3720,7480,77952,9557,11372,18445,11556,2256,532,28,4084
M3__T2,2242,32626,16692,28888,8513,10065,125,111,47814,19113,2100,110209,13509,15168,1769,2695,0,2072,7823,8642,110209,17878,27590,14236,1520,215,121,4467
M3__T3,1352,20413,13295,19122,6444,6264,167,215,32874,9914,1117,73024,9172,11082,912,1542,40,1432,7537,5645,9129,73024,19747,7782,892,92,41,3320
M3__T4,2367,26877,16668,23323,11842,8472,109,376,45987,14715,807,103936,11801,13781,1148,2932,1,1159,7170,6094,9963,11327,103936,11096,1674,94,177,4242
M3__T5,3818,38904,22219,38895,12006,12842,102,1399,58007,18238,2666,134849,17133,16657,1392,3973,496,5072,10519,10804,19621,14952,31330,134849,1701,197,641,6001
M3__T6,554,5614,3177,7045,2797,1972,15,30,8215,4082,791,19712,2597,2669,215,682,0,589,1174,1765,1929,2595,4720,2913,19712,579,10,1145
M3__T6_2,148,1209,758,987,636,300,4,211,2786,1079,29,4928,1185,1149,40,164,0,61,1508,1523,667,753,1425,1283,211,4928,2,245
M3__T6_3,110,1966,708,1461,482,661,1,2,2012,602,32,4480,421,1108,55,499,0,61,554,259,515,621,1734,835,46,2,4480,214
M3__T7,1016,10038,5501,10012,4209,4353,64,35,13368,6340,367,33152,5793,4590,626,1358,13,601,2651,2700,3083,4244,8419,3612,891,51,151,33152
M4__M4,1555,18014,9628,20120,5973,6777,5,108,27991,11366,1648,20683,62131,7057,2187,1358,10,1238,5734,7990,9719,8573,15324,8669,2089,74,138,3487
M4__M5,2255,30107,17342,28584,8822,11543,42,276,47671,15028,2960,32752,106606,106606,2347,2918,0,2879,10559,10177,13740,13395,27803,14367,2688,347,157,5510
M4__M7,380,4222,3006,4558,1656,2592,1,35,7006,3188,358,5357,15885,2126,15885,1591,0,989,1268,2099,1968,2092,4008,2922,459,26,7,1174
M4__O10,552,5305,3016,6613,2387,2228,3,13,7775,3122,266,6314,18356,3706,463,18356,364,550,1986,2406,2447,2258,4101,2446,483,22,24,1376
M4__O4,233,1000,356,2288,529,264,0,8,1789,514,62,975,3530,391,53,70,3530,60,276,387,570,533,971,386,80,0,3,640
M4__O7,616,6940,3906,6900,1845,1804,34,192,9275,3158,541,6059,21533,4281,390,378,26,21533,1573,2362,3066,2524,4969,3301,585,10,232,1289
M4__T0,831,8649,4778,9453,2582,2616,182,190,14926,3788,482,7560,30006,5306,550,535,0,1247,30006,3111,4410,4377,7787,4741,600,30,70,1493
M4__T1,2317,21752,10449,19264,4906,7657,64,87,27965,9685,1550,17396,61423,7422,1918,1959,0,3014,6621,61423,9796,8473,14163,9955,2383,406,61,3789
M4__T2,1756,27262,13673,25388,6280,9085,19,60,39758,15553,2594,24502,86839,11421,2365,1512,6,1656,7171,9413,86839,13893,20840,12298,1820,138,185,4358
M4__T3,1174,16890,10880,16956,4660,5699,41,137,27590,7852,1378,17618,57539,8385,1270,997,38,1094,6672,6254,9018,57539,14907,6996,1244,77,88,3133
M4__T4,1820,22630,13543,20916,8875,8105,35,319,38698,12107,1410,26537,81896,10696,1884,1656,0,1067,6681,7139,10836,9513,81896,9893,1910,58,217,4367
M4__T5,2933,32482,18099,32231,8844,11706,11,1040,49590,15578,3040,30152,106256,12722,2220,2273,392,3896,9424,11746,17959,11707,24427,106256,2212,97,638,5829
M4__T6,462,4712,2725,5944,2268,1756,10,23,6938,3090,739,5570,15533,2104,376,384,0,563,1084,1816,2031,2069,3620,2518,15533,398,25,1110
M4__T6_2,111,999,598,891,493,347,0,164,2197,791,63,984,3884,868,60,91,0,52,1256,1268,704,583,1092,903,224,3884,9,249
M4__T6_3,81,1548,559,1329,393,608,0,3,1582,542,41,975,3530,852,58,391,0,57,497,291,515,528,1324,599,85,1,3530,242
M4__T7,833,8156,4577,8736,3353,3596,28,32,11352,5356,486,7750,26122,3497,873,901,13,498,2481,3042,3271,3358,6474,3384,901,41,143,26122
M5__M5,942,11233,7512,9013,2644,4441,20,153,18436,4472,1242,11629,2815,45451,300,1423,0,1790,4458,2921,4820,5220,10596,5826,779,259,34,1816
M5__M7,240,3654,2749,2997,1198,2214,3,47,6190,2248,318,4116,1114,13590,13590,1399,0,869,1160,1186,1426,1515,3917,2211,388,55,2,858
M5__O10,419,4370,2964,4517,1793,1655,6,28,6448,1921,303,5116,1958,15704,195,15704,314,632,1638,1669,1665,1780,3533,1982,304,52,8,925
M5__O4,168,834,288,1823,424,218,2,9,1451,293,70,834,296,3020,9,75,3020,88,278,289,304,460,844,355,31,10,0,472
M5__O7,464,4781,3398,4696,1119,1387,40,134,7752,1784,464,4541,737,18422,52,442,12,18422,1303,1263,2422,2262,4107,2425,223,64,202,1006
M5__T0,605,6932,3880,6513,1582,2069,183,162,11883,2228,428,5680,2516,25670,193,623,0,1315,25670,1754,2974,3402,6221,3781,263,66,18,985
M5__T1,1660,16992,9250,13575,3266,6161,68,125,23466,5896,1324,12787,5107,52548,1003,1927,0,3084,5867,52548,6534,7124,11951,8201,1348,481,19,2786
M5__T2,1278,22368,12097,17117,4076,7605,60,199,32608,9853,2264,18591,6101,74292,826,1527,0,1970,6616,5847,74292,10629,17969,10576,896,220,105,3185
M5__T3,827,13308,9615,11216,3101,4788,75,122,22532,4625,1226,13548,4336,49226,437,1081,4,1342,6177,3757,6381,49226,12323,5774,558,120,21,2183
M5__T4,1567,18307,11751,13087,6115,5969,36,311,31947,7634,1166,21026,5602,70064,535,1953,0,1428,5577,4167,7315,6728,70064,7892,1174,195,106,3052
M5__T5,2259,25521,16097,21871,6287,9625,58,890,42705,9553,2667,22905,8248,90902,583,2182,316,4247,8325,7121,12675,8242,21352,90902,1173,338,473,4419
M5__T6,377,4013,2436,4370,1706,1323,16,23,5882,1915,662,4290,1274,13288,96,426,0,616,981,1174,1385,1582,3311,2131,13288,217,5,777
M5__T6_2,125,802,437,536,445,229,1,116,1773,565,49,722,734,3322,8,74,0,75,1051,1005,464,493,788,865,172,3322,2,130
M5__T6_3,55,1306,444,929,363,469,0,0,1210,312,57,752,151,3020,13,339,0,60,389,152,359,373,1070,548,30,1,3020,152
M5__T7,590,6893,3953,6098,2628,3083,18,42,9436,3646,501,5994,3063,22348,391,919,5,730,2139,1866,2280,2588,6346,2653,610,70,86,22348
M7__M7,16,260,246,216,127,212,0,1,369,207,28,274,92,137,990,191,0,96,68,139,109,122,233,221,7,0,0,61
M7__O10,72,645,461,730,314,416,0,2,991,443,37,801,316,485,2340,2340,46,152,229,334,264,270,513,384,46,2,0,223
M7__O4,23,112,59,296,70,50,0,1,225,80,7,136,56,71,450,37,450,28,31,55,43,68,130,74,11,0,0,89
M7__O7,107,861,663,696,235,329,3,34,1087,426,73,751,194,549,2745,286,0,2745,154,304,339,311,662,502,43,4,21,195
M7__T0,98,1066,778,1086,340,533,24,20,1969,587,47,1009,499,742,3825,339,0,317,3825,418,440,508,1023,741,82,3,0,252
M7__T1,315,2726,1620,2054,747,1312,8,21,3359,1316,163,2193,953,988,7830,814,0,662,696,7830,1019,1044,1932,1552,268,48,0,560
M7__T2,224,3359,2066,2684,973,1691,5,22,4704,2174,256,3180,1278,1633,11070,1032,0,674,772,1194,11070,1757,2873,2010,167,14,5,695
M7__T3,124,2087,1617,1832,681,1126,13,22,3408,1145,147,2377,887,1153,7335,647,2,441,705,775,925,7335,1978,1152,135,11,0,560
M7__T4,253,2711,2037,2264,1254,1613,2,31,5090,1833,109,3449,1089,1472,10440,1036,0,517,686,909,1010,1128,10440,1710,240,15,15,738
M7__T5,386,4107,2733,3669,1351,2156,1,167,5678,2163,354,3562,1636,1835,13545,1318,46,987,968,1511,2140,1362,3218,13545,223,14,61,885
M7__T6,58,576,382,670,304,328,1,4,796,432,78,658,244,308,1981,206,0,136,116,250,226,251,463,362,1981,62,1,175
M7__T6_2,18,109,95,100,63,57,0,21,301,113,6,129,118,133,495,44,0,24,148,164,68,73,155,153,26,495,0,37
M7__T6_3,13,208,83,153,50,91,0,0,217,85,6,118,44,103,450,78,0,24,57,40,59,51,167,99,8,0,450,34
M7__T7,97,1014,675,1033,477,653,0,3,1368,722,61,915,506,526,3332,353,0,201,258,376,323,401,853,558,98,6,13,3332
O10__O10,56,393,223,513,226,173,0,0,517,203,13,464,232,370,25,1326,53,50,162,179,143,145,269,175,31,0,0,104
O10__O4,38,129,61,342,90,56,0,0,245,69,4,156,85,92,6,520,520,8,41,59,59,75,129,66,10,0,0,96
O10__O7,108,943,573,1118,401,256,7,16,1265,407,68,911,339,844,25,3172,64,3172,247,370,401,329,624,388,47,2,31,232
O10__T0,139,1274,769,1518,488,426,21,15,2051,461,32,1227,725,1113,53,4420,87,241,4420,516,537,500,1068,693,68,2,3,265
O10__T1,403,3323,1703,3074,985,1196,8,3,3936,1265,127,2631,1472,1709,190,9048,186,517,1059,9048,1195,1137,1874,1451,251,55,0,692
O10__T2,333,4183,2123,4217,1320,1520,2,3,5393,2118,227,3675,1930,2653,223,12792,254,318,1248,1473,12792,1786,2765,1776,152,12,11,825
O10__T3,201,2441,1645,2684,990,908,6,18,3761,1014,121,2751,1302,1899,126,8477,172,230,1120,975,1146,8477,2034,1003,93,10,2,569
O10__T4,331,3284,2125,3413,1701,1347,4,30,5257,1551,77,4153,1659,2503,191,12065,241,241,1032,1224,1236,1095,12065,1436,197,2,17,806
O10__T5,557,4919,2772,5399,1789,1894,2,132,6992,2001,297,4682,2486,3003,143,15652,364,750,1514,1901,2341,1483,3216,15652,206,10,75,1081
O10__T6,62,717,414,953,405,262,0,3,945,426,96,856,381,485,21,2288,47,116,177,300,242,264,504,363,2288,59,2,185
O10__T6_2,21,172,106,152,89,53,0,21,305,107,4,149,156,146,3,572,11,9,184,191,83,72,145,148,32,572,0,38
O10__T6_3,18,231,93,196,88,90,0,0,218,65,1,157,62,149,9,520,10,11,64,52,66,68,186,88,6,0,520,41
O10__T7,150,1143,754,1418,639,571,4,0,1581,698,29,1135,808,856,57,3848,76,105,382,448,421,405,943,436,83,4,15,3848
O4__O4,5,8,2,37,6,2,0,0,26,1,0,13,8,4,0,0,45,0,3,5,12,7,15,3,1,0,0,12
O4__O7,27,164,49,373,88,22,2,2,297,51,17,126,52,94,1,7,610,610,28,69,84,85,153,64,5,0,7,103
O4__T0,61,236,85,525,103,46,6,12,469,74,7,173,104,139,2,8,850,38,850,98,89,151,257,124,5,0,1,135
O4__T1,99,531,191,1115,254,170,4,2,870,196,41,392,220,199,26,51,1740,86,153,1740,232,325,453,236,38,10,0,290
O4__T2,144,704,205,1541,297,210,0,1,1237,314,45,509,304,301,16,57,2460,33,186,263,2460,450,706,285,23,0,4,400
O4__T3,106,463,188,1039,207,110,0,3,823,175,30,377,219,224,9,17,1630,26,180,161,234,1630,474,161,17,0,0,262
O4__T4,164,645,271,1385,330,174,3,9,1186,249,18,667,240,305,13,40,2320,24,173,182,235,333,2320,233,28,0,2,378
O4__T5,168,873,311,1896,421,254,1,25,1513,313,64,693,364,367,8,74,3010,111,225,314,466,434,805,3010,36,0,15,504
O4__T6,28,131,51,300,82,42,0,1,222,62,14,139,52,67,2,7,440,16,32,45,47,62,133,66,440,4,0,80
O4__T6_2,11,29,9,61,20,4,0,7,68,20,3,19,28,24,0,0,110,2,35,39,16,28,30,22,5,110,0,12
O4__T6_3,6,38,11,62,13,19,0,0,55,6,0,24,10,24,0,12,100,0,10,12,10,17,38,15,2,0,100,22
O4__T7,54,199,94,499,125,91,3,0,368,115,5,195,111,98,7,27,740,7,49,73,109,97,223,75,21,0,1,740
O7__O7,37,462,392,512,113,101,15,16,717,180,58,380,55,432,1,15,4,1830,91,134,216,154,392,242,20,0,28,102
O7__T0,182,1575,879,1655,334,304,28,51,2500,406,60,1107,446,1390,13,66,6,5185,5185,427,760,608,1153,818,32,1,67,254
O7__T1,430,3849,1986,3288,655,985,46,66,4518,1109,331,2418,766,1998,136,290,17,10614,888,10614,1529,1234,2206,1778,244,68,108,650
O7__T2,334,4854,2521,4559,812,1162,46,120,6269,1775,421,3588,869,3019,121,178,15,15006,974,1433,15006,1927,3487,2394,140,5,163,759
O7__T3,169,3134,2145,3050,594,730,33,62,4498,821,264,2559,718,2296,53,148,10,9943,961,829,1622,9943,2363,1252,66,6,108,547
O7__T4,329,4145,2847,3492,1313,912,33,134,6606,1560,258,3915,882,2978,72,272,6,14152,795,1063,1970,1303,14152,1743,181,4,193,784
O7__T5,527,5515,3385,5574,1259,1467,56,316,7959,1755,583,3752,1332,3522,60,314,72,18361,1302,1618,3019,1529,3911,18361,210,8,260,1076
O7__T6,92,854,531,1011,315,265,7,35,1061,424,132,760,202,517,9,43,0,2684,147,280,307,270,628,454,2684,53,30,178
O7__T6_2,46,211,124,173,49,39,1,34,373,101,11,169,131,169,0,12,0,671,206,208,92,106,143,142,22,671,9,57
O7__T6_3,16,281,119,197,51,67,0,5,284,57,9,128,13,203,0,67,0,610,72,38,82,60,205,114,2,0,610,36
O7__T7,162,1612,786,1449,520,495,13,35,1819,678,73,973,501,872,42,129,2,4514,336,413,597,474,1086,643,82,4,56,4514
T0__T0,70,996,552,1098,244,235,59,30,1709,233,19,606,462,833,29,50,0,226,3570,290,489,521,865,598,16,1,6,140
T0__T1,530,5023,2536,4628,910,1347,118,94,7264,1446,204,2973,1890,2881,278,430,0,1042,14790,14790,2153,2096,3495,2674,340,90,5,749
T0__T2,437,6545,3147,6074,1162,1638,158,103,10100,2459,393,4156,2456,4074,296,280,0,829,20910,1976,20910,3335,4874,3465,142,11,34,829
T0__T3,295,3795,2595,3821,942,1076,106,76,6877,1063,199,3073,1708,2883,107,174,4,557,13855,1249,1989,13855,3479,1958,82,0,7,557
T0__T4,456,5195,3199,4820,1779,1386,139,149,9621,1698,122,4830,2303,3882,156,351,0,687,19720,1339,2358,2428,19720,2672,215,10,27,871
T0__T5,818,7828,4261,7712,1770,2127,162,314,13109,2231,478,5329,3207,4832,152,411,96,1550,25585,2343,3983,2833,5928,25585,203,18,159,1176
T0__T6,99,1163,673,1473,515,315,28,9,1832,469,143,992,502,704,17,77,0,234,3740,338,410,558,927,647,3740,47,2,204
T0__T6_2,23,254,118,225,115,43,7,31,496,133,4,156,225,228,10,18,0,34,935,296,169,182,254,193,52,935,1,28
T0__T6_3,17,359,117,313,110,117,4,4,358,77,2,149,59,275,5,88,0,34,850,53,126,149,298,150,5,1,850,42
T0__T7,209,1990,1143,2003,777,764,35,25,3010,992,50,1444,1098,1232,76,201,3,284,6290,573,660,881,1696,926,135,5,19,6290
T1__T1,598,6200,2634,4540,906,1990,19,26,6560,1985,305,3426,1865,1804,401,646,0,1077,1837,15051,2256,2131,2899,2599,578,181,0,972
T1__T2,1194,15812,6725,11932,2270,4937,44,59,18631,6510,1111,9839,4748,5713,974,1130,0,2035,4337,42804,42804,6469,9270,6795,988,273,28,2217
T1__T3,746,9795,5699,8059,1807,3364,57,62,13257,3033,628,6999,3520,4447,585,771,2,1325,3825,28362,4646,28362,6414,4119,692,179,5,1682
T1__T4,1314,13464,7355,10067,3597,4570,47,139,19382,4859,560,10853,4730,5744,800,1312,0,1657,3771,40368,5454,4482,40368,5941,1079,248,53,2226
T1__T5,1978,19036,8944,15427,3537,6191,42,519,23482,6421,1404,12167,6184,6160,873,1518,196,3480,5457,52374,8959,5462,10827,52374,1271,332,241,3015
T1__T6,295,2841,1501,2867,978,951,6,16,3344,1279,352,2334,942,1054,135,268,0,518,653,7656,992,1032,1672,1348,7656,214,0,564
T1__T6_2,83,578,278,432,227,179,0,65,1019,357,24,388,485,432,41,73,0,62,633,1914,345,270,400,500,108,1914,0,136
T1__T6_3,61,904,332,663,161,313,2,1,784,209,18,437,136,393,32,210,0,89,230,1740,253,233,612,323,49,12,1740,106
T1__T7,561,4980,2403,4057,1518,2032,40,11,5552,2294,231,3141,2236,1702,358,581,6,703,1353,12876,1628,1753,2909,1966,435,95,61,12876
T2__T2,376,9659,4422,7570,1323,2966,14,31,12725,5132,814,6775,3167,4483,567,358,0,515,2278,2983,30136,5076,7086,4455,237,30,43,1174
T2__T3,599,12545,7551,10307,2219,3911,39,72,18308,5001,1013,9877,4509,6752,585,512,15,727,4214,3828,40098,40098,9424,5132,303,40,35,1797
T2__T4,1023,16960,9388,12632,4635,5384,34,198,26962,8041,993,15346,5879,8807,779,978,0,669,3937,4482,57072,7692,57072,7234,594,47,116,2658
T2__T5,1591,23535,12006,19539,4213,7639,20,684,33378,10191,2205,17197,8158,10034,946,1228,261,2577,5948,6983,74046,9097,16426,74046,672,54,418,3364
T2__T6,268,3617,1869,3873,1295,1255,13,10,4748,1949,526,3331,1309,1613,139,244,0,381,690,1142,10824,1566,2392,1752,10824,247,10,684
T2__T6_2,64,733,365,503,273,217,0,98,1465,519,37,564,636,634,37,39,0,24,862,855,2706,394,629,616,93,2706,1,142
T2__T6_3,38,1190,384,803,195,424,0,0,1061,371,34,556,147,598,35,270,0,33,335,164,2460,321,900,408,16,1,2460,132
T2__T7,537,6320,3023,5564,2116,2535,30,12,7839,3738,391,4285,3082,2717,376,554,15,358,1504,1675,18205,2754,4364,2432,441,42,97,18205
T3__T3,212,3655,2876,3400,897,1291,23,35,6454,1087,295,3526,1628,2348,142,170,10,248,1860,1230,2108,13203,3272,1400,96,9,3,656
T3__T4,672,10240,7399,8202,3370,3309,46,159,18533,3611,560,11291,4068,6306,377,654,6,505,3904,2839,4897,37816,37816,3992,400,15,48,1822
T3__T5,1028,14951,9985,13520,3234,5017,46,469,23885,4625,1285,12517,5909,7656,472,743,183,1893,5554,4535,8502,49064,11524,49064,418,46,256,2522
T3__T6,167,2217,1580,2582,948,784,15,14,3362,1006,320,2366,983,1143,55,148,2,243,641,738,884,7172,1669,987,7172,150,4,469
T3__T6_2,44,430,289,355,212,146,2,54,995,267,23,399,419,455,10,38,0,21,598,571,334,1793,467,395,78,1793,1,98
T3__T6_3,24,706,292,502,175,272,2,3,729,153,17,408,117,442,11,176,0,17,269,102,266,1630,593,255,9,0,1630,91
T3__T7,325,3956,2491,3674,1471,1683,29,26,5388,1965,218,3261,2071,1971,168,364,12,239,1406,1124,1520,12062,3125,1375,266,29,52,12062
T4__T4,580,6694,4508,4638,3123,2097,18,131,12499,2867,133,8345,2590,4078,229,584,0,242,1676,1611,2739,2450,26796,2746,408,9,50,1272
T4__T5,1727,20066,12661,16516,6690,6985,25,770,35222,7566,1282,19402,7750,9575,617,1458,242,2252,4916,5198,9956,5591,69832,69832,813,24,468,3479
T4__T6,290,2942,1900,3302,1723,998,8,31,4823,1560,408,3524,1178,1560,92,270,0,253,575,798,1040,1100,10208,1528,10208,191,11,667
T4__T6_2,74,626,378,370,373,163,1,105,1393,438,13,600,579,634,11,45,0,26,785,779,384,301,2552,518,130,2552,3,110
T4__T6_3,58,965,362,704,324,359,0,7,965,204,6,577,161,585,16,260,0,20,282,115,294,345,2320,338,22,0,2320,144
T4__T7,498,5225,3371,4577,2492,2320,24,44,7747,2948,154,5114,2646,2563,271,669,5,206,1291,1287,1634,1679,17168,1848,448,21,86,17168
T5__T5,1277,13964,7731,12861,3178,4937,5,759,20428,4514,1388,10310,5251,5600,289,890,311,2313,3931,4117,7905,3347,9276,45153,421,14,432,2286
T5__T6,441,4224,2442,4923,1681,1623,4,132,5830,2050,671,3999,1599,1898,100,365,45,688,925,1492,1989,1301,2878,13244,13244,341,56,853
T5__T6_2,100,827,495,677,396,270,0,116,1940,586,52,680,818,707,13,67,11,75,1080,1051,591,339,744,3311,127,3311,16,167
T5__T6_3,68,1476,516,1061,256,481,0,17,1456,290,37,823,243,701,12,327,10,92,334,202,491,288,1076,3011,25,1,3011,140
T5__T7,818,7447,3929,7337,2771,3131,21,202,9880,3784,544,5265,3764,3153,390,823,91,1079,1908,2173,3286,2158,4951,22274,426,30,210,22274
T6_2__T6_2,0,11,3,10,11,4,0,1,34,13,3,9,20,10,0,3,0,0,28,25,6,5,11,17,7,55,0,5
T6_2__T6_3,2,51,12,33,24,14,0,3,59,17,0,14,22,37,1,13,0,0,38,31,26,21,43,15,11,110,110,5
T6_2__T7,26,228,153,195,141,88,2,35,470,200,5,185,214,175,5,35,0,12,263,263,101,110,250,183,43,814,4,814
T6_3__T6_3,1,19,8,17,11,12,0,0,19,4,0,3,0,20,0,10,0,0,9,2,8,9,24,6,0,0,45,7
T6_3__T7,23,317,131,285,107,150,0,0,333,120,3,203,97,193,6,95,0,13,80,42,86,97,301,124,16,0,740,740
T6__T6,35,280,181,416,169,119,0,0,408,176,74,341,130,154,6,38,0,58,48,119,94,102,208,167,946,51,1,90
T6__T6_2,26,133,83,138,88,36,0,14,274,86,13,127,112,107,0,11,0,13,151,159,61,70,125,109,484,484,0,38
T6__T6_3,14,201,89,173,64,73,0,0,203,60,19,123,36,114,2,50,0,10,47,30,53,71,164,95,440,2,440,37
T6__T7,119,1070,586,1271,613,477,1,4,1379,693,143,1041,561,509,58,121,1,146,226,352,299,349,797,458,3258,97,9,3258
T7__T7,110,918,505,935,423,464,9,0,1132,582,39,661,623,411,60,113,3,36,251,252,218,289,722,304,101,5,19,2702
