Edge Name,KO_pval,KO_median,wk3_pval,wk3_median,wk6_pval,wk6_median
Rpl31_T1<==>H2afz_B1,0.0322788501029663,0.75,0.1,0.8999999999999999,0.1,-0.7999999999999998
Ikzf2_T2<==>S100a6_T5,0.1017330374542646,-0.6190476190476191,0.1,-0.8999999999999999,0.0,1.0
Rpl37a_T2<==>Rpl35_B1,0.0208151272535253,0.7857142857142857,0.0,1.0,0.0,1.0
Rpl37a_T2<==>Rps27_B2,0.1292448816497496,0.5833333333333333,0.0,1.0,0.0,1.0
Rpl37a_T2<==>Rps27_T2,0.0065300172547153,0.8571428571428571,0.1,0.8999999999999999,0.0,1.0
Rpl37a_T2<==>Rpl19_T2,0.1859477459054023,0.5238095238095237,0.1,-0.8999999999999999,0.0,-1.0
Rpl37a_T2<==>Rps29_T1,0.0644889862427802,0.6785714285714286,0.1,0.8999999999999999,0.1,0.8999999999999999
Rpl37a_T2<==>Rps29_T6_2,0.0644889862427802,0.6785714285714286,0.1,0.8999999999999999,0.0,1.0
Rpl37a_T2<==>Rpl37_T1,0.0051901688592238,0.8690476190476191,0.1,0.8999999999999999,0.1,0.8999999999999999
Rpl37a_T2<==>Rps28_T2,0.0322788501029663,0.75,0.0,1.0,0.0,1.0
Rpl37a_T2<==>Rpl39_B2,0.0365527610528608,0.7380952380952381,0.0,1.0,0.0,1.0
Rpl37a_T2<==>mt-Co2_T5,0.1511252783392538,-0.5595238095238095,0.0,-1.0,0.1,-0.8999999999999999
Ncl_B1<==>Ms4a7_M1,0.0741306348692159,-0.6666666666666667,0.0,1.0,0.0,1.0
Cxcr4_B1<==>Dennd4a_M5,0.0782732726668304,-0.6547619047619048,0.0,-1.0,0.1,0.8999999999999999
Cacna1s_B3<==>Pmepa1_M5,0.1389599571607067,-0.5714285714285714,0.0,1.0,0.0,1.0
Cacna1s_B3<==>H2-Q7_T1,0.1600256425388966,0.5476190476190477,0.1,0.8999999999999999,0.1,0.8999999999999999
Ptgs2_M0<==>Il1b_M0,0.0065300172547153,0.8571428571428571,0.0,1.0,0.0,1.0
Lpgat1_M7<==>Dbnl_M4,0.0660435616484202,-0.6785714285714286,0.0,-1.0,0.0,-1.0
Il1rn_M0<==>Eif4e_M0,0.0465282322841672,0.7142857142857143,0.0,1.0,0.1,0.8999999999999999
Rpl12_T5<==>Eef2_T5,0.1462950705063365,0.5714285714285714,0.1,0.8999999999999999,0.1,0.8999999999999999
Rpl12_T6_2<==>Rps3a1_T0,0.0741306348692159,-0.6666666666666667,0.0,1.0,0.0,-1.0
Rpl35_B1<==>Rps27_B1,0.0020082755054294,0.9047619047619048,0.1,0.8999999999999999,0.1,0.8999999999999999
Rpl35_B1<==>Rps27_B2,0.1106314217965286,0.6071428571428572,0.0,1.0,0.0,1.0
Rpl35_T1<==>Rpl39_B2,0.1292448816497496,0.5833333333333333,0.1,0.8999999999999999,0.0,1.0
Rpl35_T3<==>Rpl6_B2,0.1106314217965286,0.6071428571428572,0.1,0.8999999999999999,0.1,0.8999999999999999
Rpl35_T5<==>Atp5md_T2,0.0429976286588223,0.7261904761904762,0.1,0.8999999999999999,0.0,1.0
Nusap1_T5<==>mt-Nd3_M3,0.1835284462694483,-0.5238095238095238,0.0,1.0,0.1,0.8999999999999999
Pdia3_M0<==>Rps4x_B2,0.0465282322841672,0.7142857142857143,0.0,-1.0,0.1,-0.8999999999999999
Serf2_T7<==>Csf1r_M0,0.1106314217965286,0.6071428571428572,0.1,-0.8999999999999999,0.0,1.0
B2m_T0<==>Hopx_T0,0.1827207505397149,-0.0833333333333333,0.1,0.8999999999999999,0.1,0.8999999999999999
Sppl2a_M0<==>Actr2_M0,0.0936459642334688,0.6309523809523809,0.1,0.8999999999999999,0.0,1.0
Bcl2l11_B3<==>Rap2a_M3,0.0537702076869242,0.7023809523809523,0.1,0.8999999999999999,0.1,0.8999999999999999
Rrbp1_M5<==>Tle5_T3,0.1899672867878388,-0.5238095238095238,0.0,1.0,0.0,1.0
Eif2s2_B3<==>Nars_B3,0.0936459642334688,0.6309523809523809,0.0,1.0,0.1,0.8999999999999999
Eif2s2_B5<==>Rpl17_B5,0.028683944153193,-0.7619047619047619,0.0,-1.0,0.0,-1.0
Rbm39_B3<==>Sh3glb1_B3,0.0936459642334688,0.6309523809523809,0.0,1.0,0.1,0.8999999999999999
Scand1_M0<==>Sh3bgrl3_T4,0.05225927522437,0.7023809523809523,0.1,0.8999999999999999,0.1,0.8999999999999999
Scand1_M0<==>Igha_M0,0.1292448816497496,-0.5833333333333333,0.0,-1.0,0.0,-1.0
Atp5e_M3<==>Rps28_T2,0.1948760002698574,-0.5119047619047619,0.0,1.0,0.1,0.8999999999999999
Rps21_M5<==>Rps27_B2,0.1713731965393057,-0.3214285714285714,0.0,1.0,0.0,1.0
Rps21_T2<==>Rps29_T2,0.0070129302935945,0.8571428571428572,0.1,0.8999999999999999,0.0,1.0
Rps21_T2<==>Rps29_T6_2,0.1017330374542646,0.6190476190476191,0.1,0.8999999999999999,0.0,1.0
Rps21_T2<==>Rps28_T2,0.0149026676862301,0.8095238095238095,0.1,0.8999999999999999,0.0,1.0
Rps21_T2<==>mt-Co2_B3,0.1025443485757329,-0.6190476190476191,0.1,-0.8999999999999999,0.1,-0.8999999999999999
Rpl22l1_T1<==>Psmb8_B3,0.1713731965393057,-0.5357142857142858,0.0,1.0,0.1,0.8999999999999999
Ndufc1_M0<==>Lyn_M4,0.1899672867878388,-0.4880952380952381,0.1,0.8999999999999999,0.1,0.8999999999999999
Ndufc1_M0<==>Nars_B3,0.1632805280693963,-0.5476190476190477,0.1,0.8999999999999999,0.1,0.8999999999999999
Serp1_B1<==>Pfn1_T5,0.0644889862427802,-0.6785714285714286,0.1,-0.8999999999999999,0.1,-0.7999999999999998
Ccnl1_M3<==>Bhlhe40_T5,0.1827207505397149,0.5238095238095238,0.1,0.8999999999999999,0.1,0.8999999999999999
Ccnl1_M3<==>Gm42418_M7,0.1308793399965805,0.5833333333333334,0.1,0.8999999999999999,0.1,-0.8999999999999999
Gask1b_O4<==>Crem_T3,0.0936459642334688,-0.6309523809523809,0.1256583509747431,0.8743416490252568,0.0,1.0
Rps3a1_B5<==>Rps3a1_T5,0.1195298061387926,0.5952380952380952,0.0,1.0,0.0,1.0
Rps3a1_T0<==>Ighv1-74_B3,0.0780412835958267,0.6666666666666667,0.1,-0.8999999999999999,0.0,-1.0
Rps27_B1<==>Rps27_T1,0.041540496668514,0.7261904761904763,0.0,1.0,0.0,1.0
Rps27_B2<==>Rpl6_B2,0.1122594240866899,0.6071428571428572,0.0,1.0,0.0,1.0
Rps27_B2<==>Rpl39_B2,0.1106314217965286,0.6071428571428572,0.0,1.0,0.0,1.0
Rps27_B3<==>Rps27_T1,0.0782732726668304,0.6547619047619048,0.1,0.8999999999999999,0.0,1.0
Rps27_B3<==>Ddx5_T4,0.1292448816497496,-0.5833333333333333,0.0,1.0,0.1,0.8999999999999999
Rps27_T1<==>Tpt1_B5,0.1713731965393057,0.5357142857142858,0.0,-1.0,0.0,-1.0
Rps27_T2<==>Rpl6_B2,0.0465282322841672,0.7142857142857143,0.0,1.0,0.1,0.8999999999999999
Rps27_T2<==>Rps28_T1,0.0208151272535253,0.7857142857142857,0.0,1.0,0.0,1.0
Rps27_T2<==>Rpl39_B1,0.1049738057408471,0.6190476190476191,0.1,0.8999999999999999,0.1,0.8999999999999999
Rps27_T2<==>Rpl39_B5,0.1835284462694483,0.5238095238095238,0.1,0.8999999999999999,0.0,1.0
Ctss_M1<==>Sesn3_T0,0.1389599571607067,-0.5714285714285714,0.1,0.8999999999999999,0.1,-0.8999999999999999
Ctss_M5<==>Lamp1_M5,0.1600256425388966,0.5476190476190477,0.0,1.0,0.0,1.0
Mcl1_T3<==>Cd4_T0,0.1713731965393057,-0.5357142857142858,0.0,1.0,0.1,0.8999999999999999
H2afz_M3<==>Ighv1-55_B3,0.1629802498812385,0.5449199491705329,0.0,-1.0,0.0513167019494862,0.9486832980505138
Eif4e_M0<==>Crem_M5,0.1608403538502108,-0.5476190476190477,0.0,1.0,0.1,0.8999999999999999
Eif4e_M0<==>Sat1_B1,0.1308793399965805,0.5833333333333334,0.0,-1.0,0.0,-1.0
Rps20_B3<==>Rpl32_B3,0.0125391039048434,0.8214285714285714,0.0,1.0,0.1,0.8999999999999999
Rps20_B3<==>Rpl18a_B3,0.0465282322841672,0.7142857142857143,0.1,0.8999999999999999,0.0,1.0
Rps20_B3<==>Rpl3_B3,0.0717746045886229,0.6666666666666667,0.1,0.8999999999999999,0.1,0.8999999999999999
Rps20_M1<==>Rps23_M1,0.015495333688491,0.8095238095238095,0.0,1.0,0.0,1.0
Ppt1_M4<==>Ighg1_B2,0.0923298494181038,0.6328113995260187,0.1,-0.8999999999999999,0.1,-0.8999999999999999
Sfpq_M1<==>Fosb_B3,0.0322788501029663,-0.75,0.1,-0.8999999999999999,0.1,-0.8999999999999999
Marcksl1_M1<==>Gapdh_B4,0.0798616778094186,0.6547619047619048,0.0,1.0,0.1,-0.8999999999999999
Cd52_B0<==>Rpl5_B1,0.1608403538502108,-0.5476190476190477,0.1,-0.8999999999999999,0.1,-0.8999999999999999
Clic4_B3<==>Lcp1_T7,0.1729956035803533,-0.5357142857142857,0.1,-0.7999999999999998,0.1,-0.8999999999999999
Rpl11_B1<==>Atp6ap2_M0,0.1462950705063365,-0.5714285714285714,0.0,-1.0,0.1,-0.8999999999999999
Rpl11_B2<==>Rpl4_B2,0.1713731965393057,0.5357142857142858,0.1,0.8999999999999999,0.1,0.8999999999999999
Rpl11_B2<==>Rpl17_B2,0.0587579433025774,0.6904761904761905,0.0,1.0,0.0,1.0
Rpl11_T5<==>Rpl13_T5,0.1025443485757329,0.5357142857142857,0.0,1.0,0.0,1.0
C1qb_M0<==>C1qc_M0,0.0005616841036436,0.9404761904761904,0.0,1.0,0.0,1.0
C1qb_M0<==>C1qa_M0,0.0065300172547153,0.8571428571428571,0.0,1.0,0.0,1.0
C1qb_M5<==>C1qc_M5,0.028351886203812,0.7738095238095238,0.0,1.0,0.1,0.8999999999999999
Capzb_M0<==>Cox7a2_M0,0.0782732726668304,0.6547619047619048,0.1,0.8999999999999999,0.0,1.0
Fgl2_M0<==>Ldha_M0,0.1494927998498016,0.5595238095238095,0.0,1.0,0.0,1.0
Fgl2_M0<==>Tma7_T4,0.134139820776194,0.5833333333333334,0.1,0.8999999999999999,0.1,0.8999999999999999
Fgl2_M0<==>Elob_B1,0.1632805280693963,0.5476190476190477,0.0,1.0,0.1,0.8999999999999999
Rheb_B3<==>Dcun1d5_T5,0.1762326703944453,-0.5357142857142857,0.1,0.8999999999999999,0.1,0.8999999999999999
Ugdh_O7<==>Rps7_B1,0.0244100332032985,0.7738095238095237,0.1,-0.8999999999999999,0.1,-0.8999999999999999
Tmed5_M3<==>Igkv6-25_B3,0.1281050925187739,0.5855400437691199,0.1256583509747431,0.8743416490252568,0.1567259572884321,-0.8432740427115678
Atp5k_M0<==>Ms4a7_M1,0.1632805280693963,-0.5476190476190477,0.1,0.8999999999999999,0.1,0.8999999999999999
Atp5k_M4<==>Rps4x_B2,0.1996823622987958,-0.5119047619047619,0.1,-0.8999999999999999,0.0,-1.0
Selplg_T3<==>Pafah1b1_T3,0.1017330374542646,0.6190476190476191,0.1,0.8999999999999999,0.1,0.8999999999999999
Rpl6_B1<==>Rps28_T2,0.0038503204637324,0.8809523809523809,0.1,0.8999999999999999,0.0,1.0
Rpl6_B2<==>Rpl19_T2,0.1195298061387926,0.5952380952380952,0.1,-0.8999999999999999,0.0,-1.0
Rpl6_B2<==>Rps29_T1,0.0982892017958787,0.6428571428571429,0.0,1.0,0.1,0.8999999999999999
Rpl6_B2<==>Rps29_T2,0.0936459642334688,0.6309523809523809,0.0,1.0,0.1,0.8999999999999999
Rpl6_B2<==>Rps28_T1,0.0863603458876261,0.6428571428571428,0.0,1.0,0.0,1.0
Rpl6_B2<==>Rpl39_B2,0.015495333688491,0.8095238095238095,0.0,1.0,0.0,1.0
Rpl21_M1<==>Ezr_B3,0.1494927998498016,0.5595238095238095,0.1,-0.8999999999999999,0.1,-0.8999999999999999
Trbc2_T3<==>Btg3_B3,0.1729956035803533,-0.5357142857142857,0.1,0.8999999999999999,0.1,0.8999999999999999
Gimap6_T5<==>Smchd1_B3,0.0936459642334688,-0.6309523809523809,0.1,-0.8999999999999999,0.1,-0.8999999999999999
Igkv1-117_B1<==>mt-Nd1_T6,0.1713731965393057,-0.5357142857142858,0.1383600163540013,-0.8616399836459986,0.1256583509747431,-0.8743416490252568
Igkv15-103_B2<==>Ighv1-77_B2,0.1206053524752623,0.6006935374610932,0.0917517095361369,0.9082482904638632,0.11741006051088,0.8825899394891199
Igkv12-44_B4<==>Ighv1-67_B0,0.1681763952579898,0.5406013440558048,0.0,1.0,0.1835034190722738,0.8164965809277261
Igkv12-41_B3<==>Ighv8-5_B3,0.1579768704907498,0.5520483429327427,0.0917517095361369,0.9082482904638632,0.1835034190722738,0.8164965809277261
Igkv8-21_B3<==>Rac2_T5,0.1323698293453809,-0.5808487370279307,0.0513167019494862,-0.9486832980505138,0.1,0.7999999999999998
Tmsb10_T5<==>Rpl13_M3,0.0952587302298901,-0.6309523809523809,0.0,-1.0,0.1,-0.8999999999999999
Gapdh_M0<==>Pgk1_M0,0.1292448816497496,0.5833333333333333,0.1,0.8999999999999999,0.1,0.8999999999999999
Plbd1_M4<==>Rpl36_T5,0.1835284462694483,-0.5238095238095238,0.1,0.8999999999999999,0.0,1.0
H2afj_B1<==>Ighg1_B0,0.1106314217965286,-0.6071428571428572,0.1567259572884321,-0.8432740427115678,0.1567259572884321,-0.8432740427115678
H2afj_M1<==>Smdt1_T4,0.1964805885944973,-0.5119047619047619,0.1,-0.8999999999999999,0.1,0.8999999999999999
Rps9_T5<==>Rpl37_T5,0.1195298061387926,0.5952380952380952,0.0,-1.0,0.1,-0.8999999999999999
Rpl28_B2<==>AY036118_M0,0.0644889862427802,-0.6785714285714286,0.0,-1.0,0.0,-1.0
Selenow_B5<==>Ighg1_B0,0.1122594240866899,-0.6071428571428572,0.1383600163540013,-0.8616399836459986,0.1256583509747431,-0.2108185106778919
Rps16_M4<==>Rps14_M4,0.0798616778094186,0.6547619047619048,0.0,1.0,0.1,0.8999999999999999
Rps16_T5<==>Rps10_T5,0.1308793399965805,0.5833333333333334,0.1,0.8999999999999999,0.1,0.8999999999999999
Rps11_B1<==>Hmgb2_T5,0.1292448816497496,-0.5833333333333333,0.1,-0.8999999999999999,0.1,-0.8999999999999999
Rps11_B1<==>Rpl17_B1,0.0214538034196509,0.7857142857142857,0.0,1.0,0.1,0.8999999999999999
Rps11_M3<==>Sub1_B2,0.1964805885944973,-0.5119047619047619,0.0,-1.0,0.1,-0.8999999999999999
Rpl13a_B1<==>Ighg2c_B2,0.079993299395119,-0.65384157346394,0.1,0.8999999999999999,0.1,0.8999999999999999
Rpl18_T5<==>Rps27a_T5,0.1827207505397149,0.5238095238095238,0.0,1.0,0.1,0.8999999999999999
Aldoa_B1<==>Rps25_T3,0.1106314217965286,-0.6071428571428572,0.1,-0.8999999999999999,0.1,0.8999999999999999
Ndufa13_B1<==>Higd1a_T5,0.134139820776194,0.5833333333333334,0.1,0.8999999999999999,0.1,0.8999999999999999
Rpl18a_M1<==>Cyfip2_M4,0.1948760002698574,-0.5119047619047619,0.1,-0.8999999999999999,0.1,0.8999999999999999
Rpl18a_M3<==>Rpl13_M3,0.0644889862427802,0.6785714285714286,0.0,1.0,0.0,1.0
Smarca5_B1<==>Ighv1-53_B3,0.1397777243388446,-0.5714285714285714,0.1,-0.8999999999999999,0.0256583509747431,-0.9743416490252568
Smarca5_B1<==>Ighv1-2_B3,0.1389552189808526,0.5737672168487277,0.1383600163540013,-0.8616399836459986,0.0513167019494862,-0.9486832980505138
Map1lc3b_T3<==>Pitpna_M0,0.1608403538502108,-0.5476190476190477,0.1,0.8999999999999999,0.0,1.0
Rpl13_B1<==>Pafah1b1_T3,0.1827207505397149,-0.5238095238095238,0.0,-1.0,0.1,-0.8999999999999999
Rpl13_M3<==>Rpl27_M3,0.0660435616484202,0.6785714285714286,0.1,0.8999999999999999,0.1,0.8999999999999999
Rpl13_T5<==>Rpl8_T5,0.1608403538502108,0.5476190476190477,0.0,1.0,0.1,0.8999999999999999
Ubl5_M0<==>Actr2_M0,0.1600256425388966,0.5476190476190477,0.0,1.0,0.0,1.0
Ubl5_T5<==>Cd164_M0,0.1810689024455748,0.5357142857142857,0.0,1.0,0.1,0.8999999999999999
Atp5l_M0<==>Rps2_M0,0.1713731965393057,0.5357142857142858,0.1,0.8999999999999999,0.1,0.8999999999999999
Rplp1_B5<==>Iglc1_B3,0.0644889862427802,-0.6785714285714286,0.1,-0.7999999999999998,0.1,-0.8999999999999999
Rpl4_B2<==>Rpl17_B2,0.1713731965393057,0.5357142857142858,0.1,0.8999999999999999,0.0,1.0
Dennd4a_B1<==>Cd14_M2,0.028683944153193,0.7619047619047619,0.0,1.0,0.1,0.8999999999999999
Fam214a_B3<==>Ighg1_B5,0.1885303699378417,-0.2600149733338185,0.0,-1.0,0.1256583509747431,-0.8743416490252568
Eef1a1_M0<==>Rpl10a_M0,0.0280049391530718,0.7619047619047619,0.1,0.8999999999999999,0.0,1.0
Rpl29_M0<==>Gnai2_T4,0.1827207505397149,0.4880952380952381,0.1,0.8999999999999999,0.0,1.0
Rpsa_B2<==>Rps4x_B2,0.1308793399965805,0.5833333333333334,0.0,1.0,0.1,0.8999999999999999
Rpsa_B2<==>mt-Atp6_B1,0.1948760002698574,0.5119047619047619,0.1,0.8999999999999999,0.0,1.0
Rpsa_B2<==>mt-Atp6_B2,0.1203464973074856,0.5952380952380952,0.1,0.8999999999999999,0.1,0.8999999999999999
Eef2_T5<==>Rps4x_B1,0.1267797411420836,0.6071428571428572,0.1,0.8999999999999999,0.1,0.8999999999999999
Txnrd1_M0<==>Cd14_M0,0.0372665857186195,0.7380952380952381,0.0,1.0,0.0,1.0
Atp2b1_M2<==>Retnlg_M2,0.1871350319777904,-0.5193944082161126,0.1,-0.8999999999999999,0.1,-0.8999999999999999
Lyz2_T0<==>Rpl39_B2,0.1828994038727547,-0.5269555552418339,0.0,-1.0,0.1,-0.8999999999999999
Lyz2_T0<==>mt-Nd3_B1,0.1549836702017178,-0.5546747837893219,0.0,-1.0,0.1,-0.8999999999999999
Rpl41_M5<==>Rpl39_M5,0.0936459642334688,0.6309523809523809,0.0,1.0,0.0,1.0
Rel_M5<==>Rpl39_B2,0.1835284462694483,0.4880952380952381,0.0,1.0,0.1,0.8999999999999999
Rps27a_T5<==>Rpl17_T5,0.1762326703944453,0.5357142857142857,0.0,1.0,0.1,0.8999999999999999
Rack1_B1<==>Rpl36_T5,0.1422268939969897,0.5714285714285714,0.1,-0.8999999999999999,0.1,-0.8999999999999999
Irf1_M4<==>Calm1_B2,0.1122594240866899,0.6071428571428572,0.0,1.0,0.1,0.8999999999999999
Rpl19_M1<==>Ssr4_M1,0.028683944153193,0.7619047619047619,0.1,0.8999999999999999,0.1,0.8999999999999999
Limd2_M3<==>Atp5md_M3,0.0244100332032985,-0.7738095238095237,0.0,-1.0,0.1,0.8999999999999999
Smc6_M7<==>Etf1_M0,0.1017330374542646,-0.6190476190476191,0.1,0.8999999999999999,0.1,0.8999999999999999
Pdia6_M0<==>Rpl3_T5,0.1017330374542646,-0.6190476190476191,0.0,-1.0,0.1,-0.8999999999999999
Dnajb9_B3<==>Pcsk5_O7,0.1106314217965286,0.6071428571428572,0.0,-1.0,0.1256583509747431,0.8743416490252568
Nfkbia_M4<==>Calm2_B1,0.1948760002698574,-0.5119047619047619,0.0,1.0,0.1,0.8999999999999999
Rps29_T1<==>Sub1_T1,0.0587579433025774,-0.6904761904761905,0.1,0.8999999999999999,0.1,0.8999999999999999
Rps29_T1<==>Rps28_T1,0.0070129302935945,0.8571428571428572,0.0,1.0,0.0,1.0
Rps29_T2<==>Rps29_T6_2,0.0178588974698777,0.7976190476190477,0.1,0.8999999999999999,0.1,0.8999999999999999
Rps29_T2<==>Rps28_T1,0.0029292979845809,0.8928571428571428,0.1,0.8999999999999999,0.0,1.0
Ndufb1-ps_B5<==>Ms4a7_M1,0.0365527610528608,0.7380952380952381,0.1,0.8999999999999999,0.1,0.8999999999999999
Ndufb1-ps_T2<==>Rpl39_B1,0.0709876543209876,0.6666666666666666,0.1,0.8999999999999999,0.1,0.8999999999999999
Ndufb1-ps_T4<==>Atp5md_T1,0.0782732726668304,0.6547619047619048,0.1,0.8999999999999999,0.1,0.8999999999999999
Atp5mpl_T3<==>mt-Cytb_B2,0.1835284462694483,-0.5238095238095238,0.1,-0.8999999999999999,0.1,-0.8999999999999999
Ighg2c_B2<==>mt-Atp6_B5,0.186198424740242,0.537718973798513,0.0,1.0,0.1,0.8999999999999999
Ighg2b_B2<==>Rpl39_B2,0.0380541944785791,0.7343236289311631,0.0,-1.0,0.0,-1.0
Ighg2b_B2<==>mt-Cytb_B2,0.0936459642334688,0.6309523809523809,0.0,1.0,0.0,1.0
Ighv2-9-1_B3<==>Ighv1-78_B3,0.1678701287340013,0.5428302214855967,0.1835034190722738,0.8164965809277261,0.1835034190722738,0.8164965809277261
Ighv8-5_B3<==>Ighv1-25_B3,0.0857977816025927,0.7074746235780194,0.0,1.0,0.0,1.0
Ighv1-53_B3<==>Ighv1-2_B3,0.0297100475112988,-0.7582761541694283,0.1383600163540013,0.8616399836459986,0.11741006051088,0.8825899394891199
Ighv8-8_B3<==>Rpl10_M1,0.1723957992157496,-0.5352142283365026,0.0513167019494862,-0.9486832980505138,0.1,-0.8999999999999999
Ighv1-67_B0<==>Iglv2_B4,0.06221667995098,0.6829548776199383,0.0,1.0,0.0,1.0
Ighv1-77_B3<==>Rps2_B2,0.1261989855360892,-0.5868368683374969,0.0,-1.0,0.1,-0.8999999999999999
Ighv1-77_B3<==>Rpl10_B1,0.0688911901119778,-0.670670706671425,0.1256583509747431,-0.8743416490252568,0.1,-0.8999999999999999
Ighv1-85_B3<==>Cfb_M0,0.1593979516397933,-0.5502596681959107,0.0513167019494862,-0.9486832980505138,0.0513167019494862,-0.9486832980505138
Hist1h4d_T5<==>Samsn1_T5,0.0863603458876261,-0.5595238095238095,0.1,0.8999999999999999,0.1,0.8999999999999999
Syk_M0<==>AW112010_M0,0.0855588910126731,0.6428571428571429,0.0,-1.0,0.1,-0.8999999999999999
Map3k1_M5<==>H2-Ab1_B1,0.0936459642334688,-0.6309523809523809,0.1,0.8999999999999999,0.1,0.8999999999999999
Emb_T1<==>Rac2_M0,0.1948760002698574,-0.5119047619047619,0.0,-1.0,0.1,0.8999999999999999
Arf4_T2<==>Rpl10a_M0,0.1600256425388966,0.5476190476190477,0.0,-1.0,0.1,-0.8999999999999999
Tpt1_B3<==>Rps14_B3,0.0265291247694412,0.7857142857142857,0.0,1.0,0.1,0.8999999999999999
Tpt1_B5<==>Rps4x_B1,0.1397777243388446,0.5714285714285714,0.0,1.0,0.1,0.8999999999999999
Col14a1_O7<==>Igfbp6_O7,0.0280049391530718,0.7619047619047619,0.0,1.0,0.0,1.0
Ly6i_M0<==>H2-Aa_M0,0.0372665857186195,0.7380952380952381,0.0,1.0,0.0,-1.0
Tspo_M0<==>Psmb8_M0,0.0494962967370297,0.7142857142857142,0.1,0.8999999999999999,0.0,1.0
Retnlg_M2<==>H2-Q7_T7,0.1531785875722235,-0.5552516953591398,0.0,-1.0,0.1,-0.8999999999999999
Rps2_B2<==>Rps2_T4,0.0307154499851986,0.7619047619047619,0.0,1.0,0.1,0.8999999999999999
Msrb1_M0<==>Psmb8_M0,0.1494927998498016,-0.5595238095238095,0.0,1.0,0.0,1.0
Rps28_T2<==>mt-Atp8_B3,0.1308793399965805,0.5833333333333334,0.1,0.8999999999999999,0.0,1.0
Rps18_M4<==>Rps14_M4,0.0587579433025774,0.6904761904761905,0.1,0.8999999999999999,0.1,0.8999999999999999
Rps18_T5<==>Rpl17_T5,0.1494927998498016,0.5595238095238095,0.1,0.8999999999999999,0.0,1.0
H2-Aa_B0<==>mt-Nd4_B1,0.1494927998498016,-0.5595238095238095,0.1,0.5999999999999999,0.1,-0.8999999999999999
H2-Aa_M1<==>Cd74_M1,0.0029292979845809,0.8928571428571428,0.1,0.8999999999999999,0.1,0.8999999999999999
H2-D1_B3<==>H2-Q7_B3,0.0741306348692159,0.6666666666666667,0.0,1.0,0.0,1.0
H2-Q7_T1<==>Cox7a2l_M0,0.1292448816497496,-0.5833333333333333,0.1,-0.8999999999999999,0.0,-1.0
Gm42418_B2<==>Gm42418_T4,0.028683944153193,0.7619047619047619,0.0,1.0,0.1,0.8999999999999999
Gm42418_B5<==>Gm42418_T3,0.0307154499851986,0.7619047619047619,0.1,0.8999999999999999,0.1,0.8999999999999999
Rpl36_B1<==>Malat1_T0,0.1964805885944973,-0.5119047619047619,0.0,1.0,0.0,1.0
Cox7a2l_M0<==>Rps4x_B2,0.1397777243388446,0.5714285714285714,0.1,0.8999999999999999,0.0,1.0
Crem_T2<==>Sat1_B1,0.1203464973074856,-0.5952380952380952,0.0,-1.0,0.1,-0.8999999999999999
Rps14_T5<==>Rpl17_T5,0.1090079803517346,0.6190476190476191,0.0,1.0,0.0,1.0
Rpl17_T5<==>mt-Atp6_B5,0.1203464973074856,-0.5952380952380952,0.0,1.0,0.1,0.8999999999999999
Atp5md_T1<==>mt-Co2_T5,0.1106314217965286,-0.6071428571428572,0.1,-0.8999999999999999,0.1,-0.8999999999999999
mt-Co2_B3<==>mt-Atp6_B3,0.0125391039048434,0.8214285714285714,0.0,1.0,0.0,1.0
mt-Co2_B4<==>mt-Co3_B4,0.0579903181645727,0.6904761904761905,0.0,1.0,0.1,0.8999999999999999
mt-Atp6_B3<==>mt-Co3_B3,0.0579903181645727,0.6904761904761905,0.1,0.8999999999999999,0.1,0.8999999999999999
