".","Thu 01 Jan 2026 04:06:33 PM PST","205"
"./lane1-s172-index--GTAATGGCAACA-GTCCTGGACCAC-MJones3B_S172_R1_001.fastq.gz","Thu 01 Jan 2026 04:02:16 PM PST","29654645"
"./lane1-s020-index--TAGTGCTTCTAA-TCGTGATTATCC-Quehrn2B_S20_R1_001.fastq.gz","Thu 01 Jan 2026 03:49:23 PM PST","418704417"
"./lane1-s145-index--ACCCTAGATCGC-CAAATCGCTAGA-Tolle2B_S145_R1_001.fastq.gz","Thu 01 Jan 2026 03:58:34 PM PST","170902013"
"./lane1-s034-index--CGCAAGCCCTCG-AGACCGAAATAG-Mosbrucker2B_S34_R1_001.fastq.gz","Thu 01 Jan 2026 03:50:39 PM PST","406515455"
"./lane1-s017-index--TTAGCTATCTTG-TTCGATCTATTG-Page1B_S17_R1_001.fastq.gz","Thu 01 Jan 2026 03:49:08 PM PST","301027726"
"./lane1-s184-index--AACTTAATTTCT-CCATTCCTTTAT-Strople2B_S184_R1_001.fastq.gz","Thu 01 Jan 2026 04:02:52 PM PST","263964370"
"./lane1-s167-index--TAAAGCGTACGC-TCCCGAGTCAGA-Max1B_S167_R1_001.fastq.gz","Thu 01 Jan 2026 04:00:53 PM PST","273190212"
"./lane1-s129-index--CATACTTATTTG-ACTCATTCTTTG-Campbell1B_S129_R1_001.fastq.gz","Thu 01 Jan 2026 03:57:44 PM PST","175639359"
"./lane1-s190-index--CGGAAGGGAACC-AGGCCGGGCCAA-Bierek1R_S190_R1_001.fastq.gz","Thu 01 Jan 2026 04:05:00 PM PST","610140907"
"./lane1-s050-index--TTAATGCGTGAT-TTCCTGAGTGCT-Slyngstad2B_S50_R1_001.fastq.gz","Thu 01 Jan 2026 03:51:55 PM PST","532075366"
"./lane1-s113-index--ATGGCTGGCTCA-CTGGATGGATAC-Graves1B_S113_R1_001.fastq.gz","Thu 01 Jan 2026 03:56:40 PM PST","304231309"
"./lane1-s197-index--TGAAACGCGCAA-TGCCCAGAGACC-Piland1R_S197_R1_001.fastq.gz","Thu 01 Jan 2026 04:06:18 PM PST","514952767"
"./lane1-s115-index--CTATGTTTTTGC-ATCTGTTTTTGA-Johnson1B_S115_R1_001.fastq.gz","Thu 01 Jan 2026 03:56:49 PM PST","457284000"
"./lane1-s132-index--CCTTTTGTACCC-AATTTTGTCAAA-Carr1B_S132_R1_001.fastq.gz","Thu 01 Jan 2026 03:57:52 PM PST","223822798"
"./lane1-s043-index--GCCTCCTCCGTG-GAATAATAAGTG-Magruder1B_S43_R1_001.fastq.gz","Thu 01 Jan 2026 03:51:24 PM PST","218903330"
"./lane1-s182-index--ACTTTGGAATAG-CATTTGGCCTCG-Barrow2B_S182_R1_001.fastq.gz","Thu 01 Jan 2026 04:02:39 PM PST","161680"
"./lane1-s062-index--AGTGTGACCGGT-CGTGTGCAAGGT-Herrman2B_S62_R1_001.fastq.gz","Thu 01 Jan 2026 03:53:04 PM PST","466497389"
"./lane1-s044-index--CTGATGTGAGAG-ATGCTGTGCGCG-Magruder2B_S44_R1_001.fastq.gz","Thu 01 Jan 2026 03:51:27 PM PST","215443364"
"./lane1-s037-index--CACGCGATGGGC-ACAGAGCTGGGA-Kennedy1B_S37_R1_001.fastq.gz","Thu 01 Jan 2026 03:50:55 PM PST","219771809"
"./lane1-s194-index--TTGTGAAACATT-TTGTGCCCACTT-Hodge1R_S194_R1_001.fastq.gz","Thu 01 Jan 2026 04:05:51 PM PST","452080749"
"./lane1-s010-index--TACATGGCCACT-TCACTGGAACAT-RJones2B_S10_R1_001.fastq.gz","Thu 01 Jan 2026 03:48:41 PM PST","863646992"
"./lane1-s122-index--GCGGAGCACCCA-GAGGCGACAAAC-Caylor2B_S122_R1_001.fastq.gz","Thu 01 Jan 2026 03:57:14 PM PST","250081078"
"./lane1-s031-index--TACGCAGTACAA-TCAGACGTCACC-Piland1B_S31_R1_001.fastq.gz","Thu 01 Jan 2026 03:50:23 PM PST","360905176"
"./lane1-s137-index--AATCCGGCGCAC-CCTAAGGAGACA-Crofoot1B_S137_R1_001.fastq.gz","Thu 01 Jan 2026 03:58:03 PM PST","26268867"
"./lane1-s012-index--TGCGTTAACTCT-TGAGTTCCATAT-Pulse2B_S12_R1_001.fastq.gz","Thu 01 Jan 2026 03:48:43 PM PST","368186516"
"./lane1-s063-index--GCTACTTTGGGG-GATCATTTGGGG-McFarland1B_S63_R1_001.fastq.gz","Thu 01 Jan 2026 03:53:07 PM PST","226408334"
"./lane1-s077-index--TTTGCAAAGCCG-TTTGACCCGAAG-DeJoseph1B_S77_R1_001.fastq.gz","Thu 01 Jan 2026 03:54:03 PM PST","191721528"
"./lane1-s081-index--TTTTCGGGATGG-TTTTAGGGCTGG-Dziwok1B_S81_R1_001.fastq.gz","Thu 01 Jan 2026 03:54:19 PM PST","314513969"
"./lane1-s033-index--TACCATTCGCAG-TCAACTTAGACG-Mosbrucker1B_S33_R1_001.fastq.gz","Thu 01 Jan 2026 03:50:35 PM PST","278875618"
"./lane1-s049-index--CCCTGCTTACGA-AAATGATTCAGC-Slyngstad1B_S49_R1_001.fastq.gz","Thu 01 Jan 2026 03:51:48 PM PST","385870006"
"./lane1-s075-index--TTCGAACCGAGA-TTAGCCAAGCGC-Quehrn3B_S75_R1_001.fastq.gz","Thu 01 Jan 2026 03:53:57 PM PST","242487097"
"./lane1-s165-index--CTTTCATGTCTC-ATTTACTGTATA-Jun1B_S165_R1_001.fastq.gz","Thu 01 Jan 2026 04:00:28 PM PST","347493560"
"./lane1-s103-index--CACGGGTCAGAA-ACAGGGTACGCC-Lockhart1B_S103_R1_001.fastq.gz","Thu 01 Jan 2026 03:56:02 PM PST","264878664"
"./lane1-s078-index--CTGCAGCTACTT-ATGACGATCATT-Bailey3B_S78_R1_001.fastq.gz","Thu 01 Jan 2026 03:54:08 PM PST","379088944"
"./lane1-s057-index--GTCATCCGTTTT-GTACTAAGTTTT-Christilaw2B_S57_R1_001.fastq.gz","Thu 01 Jan 2026 03:52:39 PM PST","356009777"
"./lane1-s158-index--CGTCTGTCTTCA-AGTATGTATTAC-Chung2B_S158_R1_001.fastq.gz","Thu 01 Jan 2026 03:59:40 PM PST","281833467"
"./lane1-s171-index--AGCTATAAGATC-CGATCTCCGCTA-MJones2B_S171_R1_001.fastq.gz","Thu 01 Jan 2026 04:02:16 PM PST","309781392"
"./lane1-s176-index--CGATTCTGATTG-AGCTTATGCTTG-Rothery1B_S176_R1_001.fastq.gz","Thu 01 Jan 2026 04:02:27 PM PST","275726107"
"./lane1-s055-index--TGCCCGACAGGT-TGAAAGCACGGT-Parks1B_S55_R1_001.fastq.gz","Thu 01 Jan 2026 03:52:29 PM PST","328503238"
"./lane1-s144-index--CGCTCGGTGGGA-AGATAGGTGGGC-Tolle1B_S144_R1_001.fastq.gz","Thu 01 Jan 2026 03:58:31 PM PST","309088470"
"./lane1-s200-index--GTCGCTAGCCAG-GTAGATCGAACG-Merhej2B_S200_R1_001.fastq.gz","Thu 01 Jan 2026 04:06:26 PM PST","304343487"
"./lane1-s022-index--GTTCGATCAGTA-GTTAGCTACGTC-Sheflin2B_S22_R1_001.fastq.gz","Thu 01 Jan 2026 03:49:33 PM PST","271323894"
"./lane1-s149-index--TAGTTTAGGGTG-TCGTTTCGGGTG-Hochberg1B_S149_R1_001.fastq.gz","Thu 01 Jan 2026 03:58:56 PM PST","608093557"
"./lane1-s193-index--CCTTCTAGTTAT-AATTATCGTTCT-Petrov1R_S193_R1_001.fastq.gz","Thu 01 Jan 2026 04:05:46 PM PST","708671857"
"./lane1-s148-index--CAGTGAGGTACT-ACGTGCGGTCAT-Shabunia2B_S148_R1_001.fastq.gz","Thu 01 Jan 2026 03:58:45 PM PST","334413054"
"./lane1-s153-index--GTTGGAGAAATA-GTTGGCGCCCTC-Gallant1B_S153_R1_001.fastq.gz","Thu 01 Jan 2026 03:59:16 PM PST","463855245"
"./lane1-s100-index--AAGGTAGATGCG-CCGGTCGCTGAG-Pragada2B_S100_R1_001.fastq.gz","Thu 01 Jan 2026 03:55:48 PM PST","306087018"
"./lane1-s127-index--GATCCAAGAGGG-GCTAACCGCGGG-Ramey1B_S127_R1_001.fastq.gz","Thu 01 Jan 2026 03:57:36 PM PST","333850765"
"./lane1-s085-index--ACATTCAAGTGC-CACTTACCGTGA-Flores1B_S85_R1_001.fastq.gz","Thu 01 Jan 2026 03:54:38 PM PST","365581031"
"./lane1-s093-index--ACCTGATGTATT-CAATGCTGTCTT-Halliwell1B_S93_R1_001.fastq.gz","Thu 01 Jan 2026 03:55:09 PM PST","392502505"
"./lane1-s056-index--AACGAATCTGTA-CCAGCCTATGTC-Christilaw1B_S56_R1_001.fastq.gz","Thu 01 Jan 2026 03:52:35 PM PST","464070892"
"./lane1-s002-index--AGAGAAGCGTTA-CGCGCCGAGTTC-Hofer2B_S2_R1_001.fastq.gz","Thu 01 Jan 2026 03:48:31 PM PST","173410530"
"./lane1-s067-index--GACCGTGCGCAA-GCAAGTGAGACC-Gaffney1B_S67_R1_001.fastq.gz","Thu 01 Jan 2026 03:53:16 PM PST","2741"
"./lane1-s048-index--ATGACGGTGAGC-CTGCAGGTGCGA-Rognlin2B_S48_R1_001.fastq.gz","Thu 01 Jan 2026 03:51:43 PM PST","317178010"
"./lane1-s059-index--TAGAATACGGTT-TCGCCTCAGGTT-Liu2B_S59_R1_001.fastq.gz","Thu 01 Jan 2026 03:52:47 PM PST","349540199"
"./lane1-s015-index--CCACGAGCACTG-AACAGCGACATG-Hodge1B_S15_R1_001.fastq.gz","Thu 01 Jan 2026 03:48:55 PM PST","282106714"
"./lane1-s178-index--GTCGTCGAACGC-GTAGTAGCCAGA-Foster1B_S178_R1_001.fastq.gz","Thu 01 Jan 2026 04:02:33 PM PST","144848732"
"./lane1-s196-index--TCCTTAACCCGT-TAATTCCAAAGT-Mitchell1R_S196_R1_001.fastq.gz","Thu 01 Jan 2026 04:06:11 PM PST","635299257"
"./lane1-s008-index--TCAGGTAAACTT-TACGGTCCCATT-CSmith2B_S8_R1_001.fastq.gz","Thu 01 Jan 2026 03:48:37 PM PST","341595653"
"./lane1-s150-index--AGTAACCACAGC-CGTCCAACACGA-Hochberg2B_S150_R1_001.fastq.gz","Thu 01 Jan 2026 03:59:00 PM PST","268708438"
"./lane1-s076-index--CTCACTCCGCCC-ATACATAAGAAA-Mitchell1B_S76_R1_001.fastq.gz","Thu 01 Jan 2026 03:54:01 PM PST","272604727"
"./lane1-s128-index--GACAGTCGAGAG-GCACGTAGCGCG-Ramey2B_S128_R1_001.fastq.gz","Thu 01 Jan 2026 03:57:41 PM PST","392090808"
"./lane1-s021-index--GCCGGAGGTCTG-GAAGGCGGTATG-Sheflin1B_S21_R1_001.fastq.gz","Thu 01 Jan 2026 03:49:30 PM PST","547951895"
"./lane1-s087-index--CGTGATTTAAAG-AGTGCTTTCCCG-Nixon1B_S87_R1_001.fastq.gz","Thu 01 Jan 2026 03:54:44 PM PST","259800168"
"./lane1-s058-index--ATAACTCTCCTC-CTCCATATAATA-Liu1B_S58_R1_001.fastq.gz","Thu 01 Jan 2026 03:52:42 PM PST","240997572"
"./lane1-s120-index--GCTACGAGAGAG-GATCAGCGCGCG-Sanders2B_S120_R1_001.fastq.gz","Thu 01 Jan 2026 03:57:09 PM PST","294593665"
"./lane1-s161-index--CGGAGCCGACCG-AGGCGAAGCAAG-Alexander1B_S161_R1_001.fastq.gz","Thu 01 Jan 2026 04:00:09 PM PST","844045922"
"./lane1-s155-index--TTAATAAACGTA-TTCCTCCCAGTC-Winnell1B_S155_R1_001.fastq.gz","Thu 01 Jan 2026 03:59:25 PM PST","404046066"
"./lane1-s026-index--CATAGGGAGGGG-ACTCGGGCGGGG-DWells2B_S26_R1_001.fastq.gz","Thu 01 Jan 2026 03:49:59 PM PST","393077433"
"./lane1-s053-index--AAAAACGGCAGG-CCCCCAGGACGG-Monson1B_S53_R1_001.fastq.gz","Thu 01 Jan 2026 03:52:17 PM PST","290758953"
"./lane1-s064-index--AGAAATTGGCAT-CGCCCTTGGACT-McFarland2B_S64_R1_001.fastq.gz","Thu 01 Jan 2026 03:53:07 PM PST","20"
"./lane1-s130-index--CATCGACGTACG-ACTAGCAGTCAG-Iglesias1B_S130_R1_001.fastq.gz","Thu 01 Jan 2026 03:57:46 PM PST","127977448"
"./lane1-s157-index--CGTTGGCTCGCG-AGTTGGATAGAG-Chung1B_S157_R1_001.fastq.gz","Thu 01 Jan 2026 03:59:35 PM PST","559524429"
"./lane1-s136-index--CACGTACCAGTC-ACAGTCAACGTA-Fensterbush2B_S136_R1_001.fastq.gz","Thu 01 Jan 2026 03:58:02 PM PST","130426969"
"./lane1-s065-index--TTATAAGCCGTC-TTCTCCGAAGTA-Dalzell1B_S65_R1_001.fastq.gz","Thu 01 Jan 2026 03:53:12 PM PST","304781594"
"./lane1-s004-index--CCAAATCCTTCG-AACCCTAATTAG-Choi2B_S4_R1_001.fastq.gz","Thu 01 Jan 2026 03:48:32 PM PST","432762582"
"./lane1-s025-index--CCAGAAGTTATT-AACGCCGTTCTT-DWells1B_S25_R1_001.fastq.gz","Thu 01 Jan 2026 03:49:54 PM PST","300198829"
"./lane1-s166-index--GCCAAGGTGCTA-GAACCGGTGATC-Pita1R_S166_R1_001.fastq.gz","Thu 01 Jan 2026 04:00:48 PM PST","1076030946"
"./lane1-s023-index--GCAGGTTCTCGT-GACGGTTATAGT-Bailey1B_S23_R1_001.fastq.gz","Thu 01 Jan 2026 03:49:43 PM PST","568630475"
"./lane1-s091-index--GACTTCAATCGA-GCATTACCTAGC-Strunk1B_S91_R1_001.fastq.gz","Thu 01 Jan 2026 03:54:59 PM PST","205790214"
"./lane1-s138-index--CCTCTCGACATT-AATATAGCACTT-Crofoot2B_S138_R1_001.fastq.gz","Thu 01 Jan 2026 03:58:05 PM PST","141620259"
"./lane1-s139-index--ACTGCGATCGTC-CATGAGCTAGTA-Owensby1B_S139_R1_001.fastq.gz","Thu 01 Jan 2026 03:58:08 PM PST","186122479"
"./lane1-s143-index--GACGATCCTCAC-GCAGCTAATACA-Ferro1B_S143_R1_001.fastq.gz","Thu 01 Jan 2026 03:58:27 PM PST","312526348"
"./lane1-s107-index--AGCTCCGATGCC-CGATAAGCTGAA-Hansen1B_S107_R1_001.fastq.gz","Thu 01 Jan 2026 03:56:17 PM PST","375658156"
"./lane1-s112-index--GCATTGCGAATT-GACTTGAGCCTT-Mazzolini2B_S112_R1_001.fastq.gz","Thu 01 Jan 2026 03:56:36 PM PST","344249258"
"./lane1-s105-index--CTTGTAACGAGT-ATTGTCCAGCGT-Huntly1B_S105_R1_001.fastq.gz","Thu 01 Jan 2026 03:56:11 PM PST","260995411"
"./lane1-s096-index--GCTGCATACAAG-GATGACTCACCG-Hopple2B_S96_R1_001.fastq.gz","Thu 01 Jan 2026 03:55:26 PM PST","375020616"
"./lane1-s039-index--TTAGTGTTAAAA-TTCGTGTTCCCC-Embury1B_S39_R1_001.fastq.gz","Thu 01 Jan 2026 03:51:06 PM PST","547326386"
"./lane1-s027-index--CAGGCGCGAAGA-ACGGAGAGCCGC-Gwin1B_S27_R1_001.fastq.gz","Thu 01 Jan 2026 03:49:59 PM PST","20"
"./lane1-s170-index--ACGCGCGGACTA-CAGAGAGGCATC-MJones1B_S170_R1_001.fastq.gz","Thu 01 Jan 2026 04:02:11 PM PST","361326826"
"./lane1-s072-index--TGTCGCAACGGC-TGTAGACCAGGA-Hodge3B_S72_R1_001.fastq.gz","Thu 01 Jan 2026 03:53:40 PM PST","219559399"
"./lane1-s159-index--AACAGTGTCACC-CCACGTGTACAA-Crowell1B_S159_R1_001.fastq.gz","Thu 01 Jan 2026 03:59:45 PM PST","472415300"
"./lane1-s152-index--AATCGGAGTAGA-CCTAGGCGTCGC-Rollett2B_S152_R1_001.fastq.gz","Thu 01 Jan 2026 03:59:10 PM PST","595296761"
"./lane1-s018-index--AGGTCCTGGGGA-CGGTAATGGGGC-Page2B_S18_R1_001.fastq.gz","Thu 01 Jan 2026 03:49:13 PM PST","425631360"
"./lane1-s080-index--ACGGCGCCAGGG-CAGGAGAACGGG-Springer1B_S80_R1_001.fastq.gz","Thu 01 Jan 2026 03:54:15 PM PST","195937469"
"./lane1-s046-index--AGACGGGCACAA-CGCAGGGACACC-Porbandarwalla2B_S46_R1_001.fastq.gz","Thu 01 Jan 2026 03:51:34 PM PST","226736764"
"./lane1-s014-index--TATCCTACTCAT-TCTAATCATACT-Ponraj2B_S14_R1_001.fastq.gz","Thu 01 Jan 2026 03:48:52 PM PST","358091744"
"./lane1-s106-index--GAGTGTCTGAGG-GCGTGTATGCGG-Huntly2B_S106_R1_001.fastq.gz","Thu 01 Jan 2026 03:56:12 PM PST","17778398"
"./lane1-s038-index--CACACAAGGGAG-ACACACCGGGCG-Kennedy2B_S38_R1_001.fastq.gz","Thu 01 Jan 2026 03:50:59 PM PST","363943932"
"./lane1-s151-index--ATAAGAAGTGCC-CTCCGCCGTGAA-Rollett1B_S151_R1_001.fastq.gz","Thu 01 Jan 2026 03:59:03 PM PST","255705143"
"./lane1-s052-index--CTTAACACATAA-ATTCCACACTCC-Briscoe1B_S52_R1_001.fastq.gz","Thu 01 Jan 2026 03:52:11 PM PST","652087507"
"./lane1-s036-index--TCTCAGATTCAT-TATACGCTTACT-Gegen2B_S36_R1_001.fastq.gz","Thu 01 Jan 2026 03:50:51 PM PST","289846946"
"./lane1-s070-index--GCAGTAAGCTGT-GACGTCCGATGT-CSmith3B_S70_R1_001.fastq.gz","Thu 01 Jan 2026 03:53:32 PM PST","455847338"
"./lane1-s099-index--TTCAACGGTAAG-TTACCAGGTCCG-Pragada1B_S99_R1_001.fastq.gz","Thu 01 Jan 2026 03:55:43 PM PST","198101398"
"./lane1-s066-index--TATTGAACTCCA-TCTTGCCATAAC-Dalzell2B_S66_R1_001.fastq.gz","Thu 01 Jan 2026 03:53:16 PM PST","278800579"
"./lane1-s094-index--AGTTATGTGCAG-CGTTCTGTGACG-Halliwell2B_S94_R1_001.fastq.gz","Thu 01 Jan 2026 03:55:15 PM PST","502484768"
"./lane1-s073-index--ATCTCATTATGG-CTATACTTCTGG-Hodge4B_S73_R1_001.fastq.gz","Thu 01 Jan 2026 03:53:48 PM PST","494635042"
"./lane1-s189-index--TACGAGCTGGTT-TCAGCGATGGTT-Bierek1B_S189_R1_001.fastq.gz","Thu 01 Jan 2026 04:04:53 PM PST","1538145256"
"./lane1-s097-index--GCCCCACATGAT-GAAAACACTGCT-Wu1B_S97_R1_001.fastq.gz","Thu 01 Jan 2026 03:55:35 PM PST","606503637"
"./lane1-s142-index--TAGCCGTTGTAC-TCGAAGTTGTCA-Quammen2B_S142_R1_001.fastq.gz","Thu 01 Jan 2026 03:58:23 PM PST","196386079"
"./lane1-s054-index--TGTTTGAGTCGG-TGTTTGCGTAGG-Monson2B_S54_R1_001.fastq.gz","Thu 01 Jan 2026 03:52:24 PM PST","440532868"
"./lane1-s032-index--TCTGTAATTGCA-TATGTCCTTGAC-Piland2B_S32_R1_001.fastq.gz","Thu 01 Jan 2026 03:50:29 PM PST","360423695"
"./lane1-s030-index--AAGCGGCAGAGG-CCGAGGACGCGG-Strahle2B_S30_R1_001.fastq.gz","Thu 01 Jan 2026 03:50:18 PM PST","466228155"
"./lane1-s028-index--AGCCCGCGTCGT-CGAAAGAGTAGT-Gwin2B_S28_R1_001.fastq.gz","Thu 01 Jan 2026 03:50:03 PM PST","278836836"
"./lane1-s071-index--CGCGGCACGATA-AGAGGACAGCTC-CSmith4B_S71_R1_001.fastq.gz","Thu 01 Jan 2026 03:53:37 PM PST","306393502"
"./lane1-s181-index--GCCGGGAATAAG-GAAGGGCCTCCG-Barrow1B_S181_R1_001.fastq.gz","Thu 01 Jan 2026 04:02:39 PM PST","205551993"
"./lane1-s117-index--TGTGCCCTATAA-TGTGAAATCTCC-Thurman2B_S117_R1_001.fastq.gz","Thu 01 Jan 2026 03:56:54 PM PST","219222326"
"./lane1-s191-index--CCCTTACTGTGA-AAATTCATGTGC-Bierek2B_S191_R1_001.fastq.gz","Thu 01 Jan 2026 04:05:30 PM PST","1655682222"
"./lane1-s118-index--AGGCAAGAACGT-CGGACCGCCAGT-Thurman3B_S118_R1_001.fastq.gz","Thu 01 Jan 2026 03:56:57 PM PST","181322151"
"./lane1-s185-index--TCGAAGTGCTGT-TAGCCGTGATGT-Wells1B_S185_R1_001.fastq.gz","Thu 01 Jan 2026 04:03:51 PM PST","2750701716"
"./lane1-s074-index--GAGATCAGTCAG-GCGCTACGTACG-Page3B_S74_R1_001.fastq.gz","Thu 01 Jan 2026 03:53:51 PM PST","260851955"
"./lane1-s154-index--TCACTCTAGGAT-TACATATCGGCT-Gallant2B_S154_R1_001.fastq.gz","Thu 01 Jan 2026 03:59:20 PM PST","262539816"
"./lane1-s201-index--TTCGGTTGTATA-TTAGGTTGTCTC-GJohnstun1B_S201_R1_001.fastq.gz","Thu 01 Jan 2026 04:06:33 PM PST","496001407"
"./lane1-s051-index--GTGCTAATGGGA-GTGATCCTGGGC-Slyngstad3B_S51_R1_001.fastq.gz","Thu 01 Jan 2026 03:52:03 PM PST","228811939"
"./lane1-s092-index--TCTAGACAAAGT-TATCGCACCCGT-Strunk2B_S92_R1_001.fastq.gz","Thu 01 Jan 2026 03:55:04 PM PST","368160007"
"./lane1-s195-index--CCAGTCCTGACT-AACGTAATGCAT-Quehrn1R_S195_R1_001.fastq.gz","Thu 01 Jan 2026 04:06:02 PM PST","620784262"
"./lane1-s186-index--TCGCAACACGCT-TAGACCACAGAT-Wells2B_S186_R1_001.fastq.gz","Thu 01 Jan 2026 04:03:52 PM PST","52351444"
"./lane1-s104-index--GCGTAGGCAAGA-GAGTCGGACCGC-Lockhart2B_S104_R1_001.fastq.gz","Thu 01 Jan 2026 03:56:07 PM PST","289523519"
"./lane1-s007-index--ACGTCAACGTCC-CAGTACCAGTAA-CSmith1B_S7_R1_001.fastq.gz","Thu 01 Jan 2026 03:48:36 PM PST","233962338"
"./lane1-s006-index--TTTATCGTTAAT-TTTCTAGTTCCT-Petrov2B_S6_R1_001.fastq.gz","Thu 01 Jan 2026 03:48:35 PM PST","872995759"
"./lane1-s083-index--GTAAGCACGTAT-GTCCGACAGTCT-Olson1B_S83_R1_001.fastq.gz","Thu 01 Jan 2026 03:54:29 PM PST","268959851"
"./lane1-s013-index--AACTTGTAAATA-CCATTGTCCCTC-Ponraj1B_S13_R1_001.fastq.gz","Thu 01 Jan 2026 03:48:47 PM PST","346548123"
"./lane1-s019-index--ACTTCGTCCAGT-CATTAGTAACGT-Quehrn1B_S19_R1_001.fastq.gz","Thu 01 Jan 2026 03:49:19 PM PST","385353327"
"./lane1-s202-index--GCGGTATCATCA-GAGGTCTACTAC-GJohnstun2B_S202_R1_001.fastq.gz","Thu 01 Jan 2026 04:06:33 PM PST","1346"
"./lane1-s011-index--AGGACATCGGAC-CGGCACTAGGCA-Pulse1B_S11_R1_001.fastq.gz","Thu 01 Jan 2026 03:48:42 PM PST","320383881"
"./lane1-s133-index--GCCTCTGAACTA-GAATATGCCATC-Benn1B_S133_R1_001.fastq.gz","Thu 01 Jan 2026 03:57:54 PM PST","146818398"
"./lane1-s114-index--TATCAATACCCG-TCTACCTCAAAG-Graves2B_S114_R1_001.fastq.gz","Thu 01 Jan 2026 03:56:43 PM PST","218989466"
"./lane1-s198-index--GCACCTAGCGGC-GACAATCGAGGA-Jun2B_S198_R1_001.fastq.gz","Thu 01 Jan 2026 04:06:18 PM PST","819"
"./lane1-s187-index--GTATCTTGTCAC-GTCTATTGTACA-Woolsey1B_S187_R1_001.fastq.gz","Thu 01 Jan 2026 04:04:04 PM PST","917710848"
"./lane1-s183-index--TTCTGGTCCCAG-TTATGGTAAACG-Strople1B_S183_R1_001.fastq.gz","Thu 01 Jan 2026 04:02:49 PM PST","536614643"
"./lane1-s079-index--ACAGGGGGTGTC-CACGGGGGTGTA-Bailey4B_S79_R1_001.fastq.gz","Thu 01 Jan 2026 03:54:12 PM PST","214578190"
"./lane1-s180-index--CTTCCGCAAACT-ATTAAGACCCAT-Willoughby1R_S180_R1_001.fastq.gz","Thu 01 Jan 2026 04:02:36 PM PST","42009881"
"./lane1-s009-index--AGAGTATTAGAG-CGCGTCTTCGCG-RJones1B_S9_R1_001.fastq.gz","Thu 01 Jan 2026 03:48:37 PM PST","243588647"
"./lane1-s082-index--GATTACATGAGA-GCTTCACTGCGC-Dziwok2B_S82_R1_001.fastq.gz","Thu 01 Jan 2026 03:54:24 PM PST","371859955"
"./lane1-s119-index--TATGGTTACCAG-TCTGGTTCAACG-Sanders1B_S119_R1_001.fastq.gz","Thu 01 Jan 2026 03:57:05 PM PST","286352591"
"./lane1-s131-index--GCCATCTATAGA-GAACTATCTCGC-Iglesias2B_S131_R1_001.fastq.gz","Thu 01 Jan 2026 03:57:49 PM PST","222861730"
"./lane1-s126-index--AGATGGCAACCC-CGCTGGACCAAA-Skov2B_S126_R1_001.fastq.gz","Thu 01 Jan 2026 03:57:31 PM PST","265689985"
"./lane1-s001-index--GTTCATAATCAC-GTTACTCCTACA-Hofer1B_S1_R1_001.fastq.gz","Thu 01 Jan 2026 03:48:30 PM PST","339925952"
"./lane1-s061-index--CGACCTGAACGG-AGCAATGCCAGG-Herrman1B_S61_R1_001.fastq.gz","Thu 01 Jan 2026 03:52:58 PM PST","439666289"
"./lane1-s199-index--CTCCGTCTAGAG-ATAAGTATCGCG-Merhej1B_S199_R1_001.fastq.gz","Thu 01 Jan 2026 04:06:22 PM PST","324766907"
"./lane1-s123-index--CCGCAATGAACT-AAGACCTGCCAT-Ryan1B_S123_R1_001.fastq.gz","Thu 01 Jan 2026 03:57:18 PM PST","227277926"
"./lane1-s162-index--GTATAGTTGCGA-GTCTCGTTGAGC-Alexander2B_S162_R1_001.fastq.gz","Thu 01 Jan 2026 04:00:13 PM PST","277532102"
"./lane1-s005-index--CGCCCAAATATC-AGAAACCCTCTA-Petrov1B_S5_R1_001.fastq.gz","Thu 01 Jan 2026 03:48:34 PM PST","562593734"
"./lane1-s192-index--CGCCGCGTTAAG-AGAAGAGTTCCG-Choi1R_S192_R1_001.fastq.gz","Thu 01 Jan 2026 04:05:38 PM PST","567575715"
"./lane1-s135-index--TAGCCCGGGGCA-TCGAAAGGGGAC-Fensterbush1B_S135_R1_001.fastq.gz","Thu 01 Jan 2026 03:58:00 PM PST","133043039"
"./lane1-s168-index--TCCGGTGCATTT-TAAGGTGACTTT-Max1R_S168_R1_001.fastq.gz","Thu 01 Jan 2026 04:02:02 PM PST","2300692489"
"./lane1-s102-index--ATTCCCTTGGTA-CTTAAATTGGTC-Keeton2B_S102_R1_001.fastq.gz","Thu 01 Jan 2026 03:55:58 PM PST","291438944"
"./lane1-s041-index--GAAAGATCGCCG-GCCCGCTAGAAG-Chiddix1B_S41_R1_001.fastq.gz","Thu 01 Jan 2026 03:51:15 PM PST","268719902"
"./lane1-s042-index--GAACGAGAATGT-GCCAGCGCCTGT-Chiddix2B_S42_R1_001.fastq.gz","Thu 01 Jan 2026 03:51:21 PM PST","384388373"
"./lane1-s146-index--CAGAACGAATCC-ACGCCAGCCTAA-Tolle3B_S146_R1_001.fastq.gz","Thu 01 Jan 2026 03:58:35 PM PST","147716311"
"./Undetermined_S0_R1_001.fastq.gz","Thu 01 Jan 2026 01:50:44 PM PST","16455423143"
"./lane1-s108-index--CGCAACTAGAAG-AGACCATCGCCG-Hansen2B_S108_R1_001.fastq.gz","Thu 01 Jan 2026 03:56:20 PM PST","243765711"
"./lane1-s169-index--TTCTTACGCAAG-TTATTCAGACCG-Max2B_S169_R1_001.fastq.gz","Thu 01 Jan 2026 04:02:07 PM PST","304273066"
"./lane1-s089-index--GTTTATTCAGTG-GTTTCTTACGTG-Brueske1B_S89_R1_001.fastq.gz","Thu 01 Jan 2026 03:54:52 PM PST","308713059"
"./lane1-s160-index--GCGATTAAATCA-GAGCTTCCCTAC-Crowell2B_S160_R1_001.fastq.gz","Thu 01 Jan 2026 03:59:53 PM PST","563479842"
"./lane1-s164-index--TGACTACCGTAA-TGCATCAAGTCC-McGourty2B_S164_R1_001.fastq.gz","Thu 01 Jan 2026 04:00:24 PM PST","431790996"
"./lane1-s045-index--ATTGATCAAGCT-CTTGCTACCGAT-Porbandarwalla1B_S45_R1_001.fastq.gz","Thu 01 Jan 2026 03:51:31 PM PST","276075867"
"./lane1-s109-index--GATGCGCTCCTT-GCTGAGATAATT-Higbee1B_S109_R1_001.fastq.gz","Thu 01 Jan 2026 03:56:26 PM PST","287437950"
"./lane1-s095-index--TCGGCTCACAAG-TAGGATACACCG-Hopple1B_S95_R1_001.fastq.gz","Thu 01 Jan 2026 03:55:21 PM PST","432459420"
"./lane1-s110-index--GTACTCCCAATG-GTCATAAACCTG-Higbee2B_S110_R1_001.fastq.gz","Thu 01 Jan 2026 03:56:28 PM PST","140881122"
"./lane1-s101-index--TTCACGAATGCT-TTACAGCCTGAT-Keeton1B_S101_R1_001.fastq.gz","Thu 01 Jan 2026 03:55:52 PM PST","231244116"
"./lane1-s035-index--AGTTCTACGGAC-CGTTATCAGGCA-Gegen1B_S35_R1_001.fastq.gz","Thu 01 Jan 2026 03:50:48 PM PST","630381807"
"./lane1-s179-index--GAAGTGCCCCCA-GCCGTGAAAAAC-Foster2B_S179_R1_001.fastq.gz","Thu 01 Jan 2026 04:02:35 PM PST","177105159"
"./lane1-s098-index--AAAGCCTATCAC-CCCGAATCTACA-Wu2B_S98_R1_001.fastq.gz","Thu 01 Jan 2026 03:55:39 PM PST","328483179"
"./lane1-s121-index--GTGCGGCCGAGT-GTGAGGAAGCGT-Caylor1B_S121_R1_001.fastq.gz","Thu 01 Jan 2026 03:57:11 PM PST","144758020"
"./lane1-s116-index--TCATAAAGGCCA-TACTCCCGGAAC-Thurman1B_S116_R1_001.fastq.gz","Thu 01 Jan 2026 03:56:51 PM PST","161109320"
"./lane1-s111-index--TAGCGAATATCT-TCGAGCCTCTAT-Mazzolini1B_S111_R1_001.fastq.gz","Thu 01 Jan 2026 03:56:32 PM PST","267215042"
"./lane1-s125-index--TGGCGGCGGCGA-TGGAGGAGGAGC-Skov1B_S125_R1_001.fastq.gz","Thu 01 Jan 2026 03:57:28 PM PST","356217716"
"./lane1-s086-index--GCGACGCTCGTA-GAGCAGATAGTC-Flores2B_S86_R1_001.fastq.gz","Thu 01 Jan 2026 03:54:41 PM PST","229472076"
"./lane1-s068-index--TACTCGTGCTGT-TCATAGTGATGT-Gaffney2B_S68_R1_001.fastq.gz","Thu 01 Jan 2026 03:53:22 PM PST","433780684"
"./lane1-s177-index--TGGGTCTTCGCC-TGGGTATTAGAA-Rothery2B_S177_R1_001.fastq.gz","Thu 01 Jan 2026 04:02:31 PM PST","276404866"
"./lane1-s047-index--ACTGTCCCGCTA-CATGTAAAGATC-Rognlin1B_S47_R1_001.fastq.gz","Thu 01 Jan 2026 03:51:38 PM PST","367785515"
"./lane1-s084-index--AAGTCTTTGTCG-CCGTATTTGTAG-Olson2B_S84_R1_001.fastq.gz","Thu 01 Jan 2026 03:54:33 PM PST","229974202"
"./lane1-s163-index--CGAGCATCGGGT-AGCGACTAGGGT-McGourty1B_S163_R1_001.fastq.gz","Thu 01 Jan 2026 04:00:18 PM PST","299572664"
"./lane1-s173-index--TCCATTTGATGC-TAACTTTGCTGA-Murray1B_S173_R1_001.fastq.gz","Thu 01 Jan 2026 04:02:20 PM PST","265652584"
"./lane1-s188-index--CATGAAGAGGCG-ACTGCCGCGGAG-Woolsey2B_S188_R1_001.fastq.gz","Thu 01 Jan 2026 04:04:14 PM PST","774376974"
"./lane1-s040-index--TAGGGGACATCA-TCGGGGCACTAC-Embury2B_S40_R1_001.fastq.gz","Thu 01 Jan 2026 03:51:11 PM PST","390945580"
"./lane1-s003-index--CTGCCAACACGA-ATGAACCACAGC-Choi1B_S3_R1_001.fastq.gz","Thu 01 Jan 2026 03:48:32 PM PST","307065024"
"./lane1-s029-index--TGGCCATACGTA-TGGAACTCAGTC-Strahle1B_S29_R1_001.fastq.gz","Thu 01 Jan 2026 03:50:09 PM PST","292688589"
"./lane1-s060-index--ACGTTTTGATTC-CAGTTTTGCTTA-Tanno1B_S60_R1_001.fastq.gz","Thu 01 Jan 2026 03:52:53 PM PST","297580505"
"./lane1-s140-index--GTCCAACTCAAA-GTAACCATACCC-Owensby2B_S140_R1_001.fastq.gz","Thu 01 Jan 2026 03:58:14 PM PST","459291560"
"./lane1-s088-index--ACCTACAGACCT-CAATCACGCAAT-Nixon2B_S88_R1_001.fastq.gz","Thu 01 Jan 2026 03:54:48 PM PST","259574612"
"./lane1-s174-index--CAATCAATGGAC-ACCTACCTGGCA-Colton1B_S174_R1_001.fastq.gz","Thu 01 Jan 2026 04:02:20 PM PST","16057"
"./lane1-s156-index--TTGATATTCGCA-TTGCTCTTAGAC-Winnell2B_S156_R1_001.fastq.gz","Thu 01 Jan 2026 03:59:28 PM PST","236179039"
"./lane1-s090-index--GCTCACCCTCTT-GATACAAATATT-Brueske2B_S90_R1_001.fastq.gz","Thu 01 Jan 2026 03:54:57 PM PST","370399941"
"./lane1-s069-index--CAGTTCCTAACC-ACGTTAATCCAA-Glover1B_S69_R1_001.fastq.gz","Thu 01 Jan 2026 03:53:25 PM PST","254422529"
"./lane1-s024-index--CGATGATAACGG-AGCTGCTCCAGG-Bailey2B_S24_R1_001.fastq.gz","Thu 01 Jan 2026 03:49:48 PM PST","350368195"
"./lane1-s141-index--TTTCTTCCTCGC-TTTATTAATAGA-Quammen1B_S141_R1_001.fastq.gz","Thu 01 Jan 2026 03:58:20 PM PST","406221180"
"./lane1-s147-index--GTGCTTGCAAAC-GTGATTGACCCA-Shabunia1B_S147_R1_001.fastq.gz","Thu 01 Jan 2026 03:58:40 PM PST","230950169"
"./lane1-s175-index--CAGGGATTTCCA-ACGGGCTTTAAC-Randolph1B_S175_R1_001.fastq.gz","Thu 01 Jan 2026 04:02:23 PM PST","267643083"
"./lane1-s124-index--TGAGAGGGGTTC-TGCGCGGGGTTA-Ryan2B_S124_R1_001.fastq.gz","Thu 01 Jan 2026 03:57:23 PM PST","283621785"
"./lane1-s016-index--GCGTTCGATGAA-GAGTTAGCTGCC-Hodge2B_S16_R1_001.fastq.gz","Thu 01 Jan 2026 03:49:02 PM PST","593347626"
"./lane1-s134-index--CCCAGGCAGCTT-AAACGGACGATT-Benn2B_S134_R1_001.fastq.gz","Thu 01 Jan 2026 03:57:58 PM PST","230377754"
