Difference_threshold,Permutation_FDR_cutoff,N_edges,N_nodes,N_valid_KO_p,KO_P_min,KO_P_1pct,KO_P_5pct,KO_P_10pct,KO_P_25pct,KO_P_median,KO_P_75pct,KO_P_90pct,KO_P_95pct,KO_P_99pct,KO_P_max,KO_FDR_min,KO_FDR_1pct,KO_FDR_5pct,KO_FDR_10pct,KO_FDR_25pct,KO_FDR_median,KO_FDR_75pct,KO_FDR_90pct,KO_FDR_95pct,KO_FDR_99pct,KO_FDR_max,N_KO_FDR_0.001,N_KO_FDR_0.005,N_KO_FDR_0.01,N_KO_FDR_0.05,N_KO_FDR_0.1,N_KO_FDR_0.2
0.0,0.0001,0,0,0,,,,,,,,,,,,,,,,,,,,,,,0,0,0,0,0,0
0.0,0.0005,468596,6395,468596,0.0,0.028683944153193,0.0717746045886229,0.1096367557962878,0.1835284462694483,0.2948085132054494,0.4242891629504823,0.5231860957522549,0.5585000236064257,0.633544738640307,0.8460525238666443,0.0,0.5450585358212852,0.5450585358212852,0.5450585358212852,0.5450585358212852,0.5450585358212852,0.5574702689452196,0.5813087869274028,0.5878157993061426,0.6396670847014901,0.8460525238666443,4,4,4,4,4,4
0.0,0.001,557439,6395,557439,0.0,0.028683944153193,0.0717746045886229,0.1090079803517346,0.1827207505397149,0.2948085132054494,0.4297797728312792,0.534000706962326,0.5659881844738837,0.6448864998922537,0.867882429939906,0.0,0.5496097210004953,0.5496097210004953,0.5496097210004953,0.5496097210004953,0.5496097210004953,0.5644571290557961,0.5894044743929522,0.5939601073914407,0.6513693566545531,0.867882429939906,4,4,4,4,4,4
0.0,0.002,600789,6395,600789,0.0,0.028683944153193,0.0717746045886229,0.1049738057408471,0.1824218587773581,0.2923740438838315,0.4289577393237423,0.534000706962326,0.5659881844738837,0.6505928212526486,0.867882429939906,0.0,0.5442207791127515,0.5442207791127515,0.5442207791127515,0.5442207791127515,0.5442207791127515,0.5629846816299935,0.5895166579880908,0.5942169747415108,0.6571502242584113,0.867882429939906,4,4,4,4,4,4
0.0,0.005,635028,6395,635028,0.0,0.028683944153193,0.0709876543209876,0.1049738057408471,0.1762326703944453,0.2901467043328506,0.4261331552347797,0.534000706962326,0.5659881844738837,0.6541395816373947,0.867882429939906,0.0,0.537474984159341,0.537474984159341,0.537474984159341,0.537474984159341,0.537474984159341,0.5602401097775038,0.5892934970616642,0.5942183960395421,0.6607470416442659,0.867882429939906,5,5,5,5,5,5
0.0,0.01,646659,6395,646659,0.0,0.028683944153193,0.0709876543209876,0.1049738057408471,0.1762326703944453,0.2894032248467901,0.4248835672388418,0.5329946531914245,0.5659881844738837,0.6573865873195911,0.867882429939906,0.0,0.535022714239367,0.535022714239367,0.535022714239367,0.535022714239367,0.535022714239367,0.5590659167896552,0.5891610401761478,0.594171545106053,0.6640200206021869,0.867882429939906,5,5,5,5,5,5
0.0,0.02,649751,6395,649751,0.0,0.028683944153193,0.0709876543209876,0.1049738057408471,0.1762326703944453,0.2894032248467901,0.4243177331589318,0.5329946531914245,0.5659881844738837,0.6575510164141922,0.867882429939906,0.0,0.5347258710131035,0.5347258710131035,0.5347258710131035,0.5347258710131035,0.5347258710131035,0.558909980284164,0.5892052170061798,0.5942285138931643,0.6641913867224317,0.867882429939906,5,5,5,5,5,5
0.0,0.05,650415,6395,650415,0.0,0.028683944153193,0.0714926838084335,0.1049738057408471,0.1762326703944453,0.2894032248467901,0.4244759985607592,0.5329946531914245,0.5659881844738837,0.6580440552844066,0.867882429939906,0.0,0.5348042012037059,0.5348042012037059,0.5348042012037059,0.5348042012037059,0.5348042012037059,0.5589619375804471,0.589253389914501,0.5942817003572224,0.6646598433983972,0.867882429939906,5,5,5,5,5,5
0.0,0.1,650469,6395,650469,0.0,0.028683944153193,0.07157820097813061,0.1049738057408471,0.1762326703944453,0.2894032248467901,0.4244759985607592,0.5329946531914245,0.5659881844738837,0.6580440552844066,0.867882429939906,0.0,0.5348143123002207,0.5348143123002207,0.5348143123002207,0.5348143123002207,0.5348143123002207,0.5589700415548456,0.5892589994573395,0.5942869084763277,0.6646634170303508,0.867882429939906,5,5,5,5,5,5
0.0,0.2,650474,6395,650474,0.0,0.028683944153193,0.07157892429986598,0.1049738057408471,0.1762326703944453,0.2894032248467901,0.4244759985607592,0.5329946531914245,0.5659881844738837,0.6580440552844066,0.867882429939906,0.0,0.5348143087009972,0.5348143087009972,0.5348143087009972,0.5348143087009972,0.5348143087009972,0.558969961012273,0.5892587167977092,0.5942866800766182,0.6646633656374714,0.867882429939906,5,5,5,5,5,5
0.05,0.0001,0,0,0,,,,,,,,,,,,,,,,,,,,,,,0,0,0,0,0,0
0.05,0.0005,425597,6395,425597,0.0,0.0280049391530718,0.0709876543209876,0.1025443485757329,0.1762326703944453,0.2908503174775813,0.4295066141817934,0.5305134074730484,0.5636722370434976,0.6359551346722659,0.8460525238666443,0.0,0.5542952606640498,0.5542952606640498,0.5542952606640498,0.5542952606640498,0.5542952606640498,0.5642098356368646,0.5880447251267029,0.5924014582314525,0.6423789086538891,0.8460525238666443,4,4,4,4,4,4
0.05,0.001,505755,6395,505755,0.0,0.0280049391530718,0.0709876543209876,0.1025443485757329,0.175087026451086,0.2923740438838315,0.432302579364089,0.5401601519293306,0.5659881844738837,0.6505928212526486,0.867882429939906,0.0,0.5571193953326801,0.5571193953326801,0.5571193953326801,0.5571193953326801,0.5571193953326801,0.5708682255671965,0.5916619247198158,0.5957041954828438,0.6570548249886343,0.867882429939906,4,4,4,4,4,4
0.05,0.002,544617,6395,544617,0.0,0.0280049391530718,0.0691428992535627,0.1025443485757329,0.1713731965393057,0.2894032248467901,0.432302579364089,0.5402888185220542,0.5660081326555616,0.6539897042861198,0.867882429939906,0.0,0.5499359279442865,0.5499359279442865,0.5499359279442865,0.5499359279442865,0.5499359279442865,0.5686153462346668,0.5915538425966372,0.5957979767930865,0.6605807504672694,0.867882429939906,4,4,4,4,4,4
0.05,0.005,574974,6395,574974,0.0,0.0280049391530718,0.0690715151669583,0.1017330374542646,0.1713731965393057,0.28281957430872096,0.4295066141817934,0.5399861633035797,0.5659881844738837,0.6601643701079597,0.867882429939906,0.0,0.5419568423579659,0.5419568423579659,0.5419568423579659,0.5419568423579659,0.5419568423579659,0.5652550143350712,0.5911634709450614,0.5956672213654243,0.6668294872492943,0.867882429939906,5,5,5,5,5,5
0.05,0.01,585031,6395,585031,0.0,0.0280049391530718,0.0691428992535627,0.1017330374542646,0.1713731965393057,0.2796582909046579,0.4289577393237423,0.5396051967354207,0.5659881844738837,0.6623796704761723,0.867882429939906,0.0,0.5391921955106946,0.5391921955106946,0.5391921955106946,0.5391921955106946,0.5391921955106946,0.5638992682047494,0.590974800250521,0.5955739142846824,0.6690365169771681,0.867882429939906,5,5,5,5,5,5
0.05,0.02,587689,6395,587689,0.0,0.0280049391530718,0.0691428992535627,0.1017330374542646,0.1713731965393057,0.2796582909046579,0.4286915072353132,0.5394331102134865,0.5659881844738837,0.6642474105792057,0.867882429939906,0.0,0.5388089829308762,0.5388089829308762,0.5388089829308762,0.5388089829308762,0.5388089829308762,0.5636972185706359,0.5910022388649845,0.5956154650416008,0.6709540619105769,0.867882429939906,5,5,5,5,5,5
0.05,0.05,588256,6395,588256,0.0,0.0280049391530718,0.0691428992535627,0.1017330374542646,0.1713731965393057,0.2796582909046579,0.4286915072353132,0.5396051967354207,0.5659881844738837,0.6645901457891814,0.867882429939906,0.0,0.5388418993257311,0.5388418993257311,0.5388418993257311,0.5388418993257311,0.5388418993257311,0.5637163174433478,0.5910366267819798,0.5956546743151881,0.6712898525912595,0.867882429939906,5,5,5,5,5,5
0.05,0.1,588302,6395,588302,0.0,0.0280049391530718,0.0691428992535627,0.1017330374542646,0.1713731965393057,0.2796582909046579,0.4286915072353132,0.5396051967354207,0.5659881844738837,0.6645901457891814,0.867882429939906,0.0,0.5388470867146611,0.5388470867146611,0.5388470867146611,0.5388470867146611,0.5388470867146611,0.5637234779033882,0.5910400181031124,0.5956586265109262,0.6712927811644821,0.867882429939906,5,5,5,5,5,5
0.05,0.2,588307,6395,588307,0.0,0.0280049391530718,0.0691428992535627,0.1017330374542646,0.1713731965393057,0.2796582909046579,0.4286915072353132,0.5396051967354207,0.5659881844738837,0.6645901457891814,0.867882429939906,0.0,0.5388470481420137,0.5388470481420137,0.5388470481420137,0.5388470481420137,0.5388470481420137,0.5637233465859317,0.5910396884999477,0.5956583611237812,0.671292723624513,0.867882429939906,5,5,5,5,5,5
0.1,0.0001,0,0,0,,,,,,,,,,,,,,,,,,,,,,,0,0,0,0,0,0
0.1,0.0005,384671,6395,384671,0.0,0.0280049391530718,0.0660435616484202,0.1017330374542646,0.1713731965393057,0.2948085132054494,0.432302579364089,0.534000706962326,0.5640738686113109,0.633544738640307,0.803727698276695,0.0,0.5574650806743323,0.5574650806743323,0.5574650806743323,0.5574650806743323,0.5574650806743323,0.5701138236159886,0.5883486313195759,0.5923494931594803,0.639492953576963,0.803727698276695,4,4,4,4,4,4
0.1,0.001,455717,6395,455717,0.0,0.0280049391530718,0.0648689883036682,0.1017330374542646,0.1699735536175682,0.2948085132054494,0.4325393789024877,0.5402888185220542,0.5659881844738837,0.6414590144074656,0.8151694058535253,0.0,0.5576305959753561,0.5576305959753561,0.5576305959753561,0.5576305959753561,0.5576305959753561,0.575670459212073,0.5913635799079867,0.5950789787349197,0.6479367180867295,0.8151694058535253,4,4,4,4,4,4
0.1,0.002,489640,6395,489640,0.0,0.0280049391530718,0.0644889862427802,0.0984751376626397,0.1632805280693963,0.2901467043328506,0.432302579364089,0.5402888185220542,0.5659881844738837,0.644204138815735,0.8151694058535253,0.0,0.5485214358236198,0.5485214358236198,0.5485214358236198,0.5485214358236198,0.5485214358236198,0.5725471884988595,0.5909630609648335,0.594929070706972,0.6506999755127085,0.8151694058535253,4,4,4,4,4,4
0.1,0.005,515516,6395,515516,0.0,0.027396043909112,0.0644889862427802,0.0960875584746205,0.1608403538502108,0.2853942556041886,0.432302579364089,0.5402888185220542,0.5659881844738837,0.6448864998922537,0.8151694058535253,0.0,0.5393361891627168,0.5393361891627168,0.5393361891627168,0.5393361891627168,0.5393361891627168,0.5684314015683423,0.5903296249934038,0.5945850500023203,0.6513313850072099,0.8151694058535253,5,5,5,5,5,5
0.1,0.01,523693,6395,523693,0.0,0.027396043909112,0.0644889862427802,0.0957153107386641,0.1608403538502108,0.2831857199893183,0.431871164026052,0.5401568845447232,0.5659881844738837,0.6448864998922537,0.8151694058535253,0.0,0.5362250521525429,0.5362250521525429,0.5362250521525429,0.5362250521525429,0.5362250521525429,0.5667976452991543,0.5900259182401585,0.5943724889743436,0.6513654149174787,0.8151694058535253,5,5,5,5,5,5
0.1,0.02,525739,6395,525739,0.0,0.027396043909112,0.0644889862427802,0.0963117369217116,0.1608403538502108,0.2828655722100331,0.4314479717306355,0.5399861633035797,0.5659881844738837,0.6448864998922537,0.8151694058535253,0.0,0.5356802336047424,0.5356802336047424,0.5356802336047424,0.5356802336047424,0.5356802336047424,0.5664691784425903,0.5899821262845759,0.5943431573255046,0.6513662272253766,0.8151694058535253,5,5,5,5,5,5
0.1,0.05,526166,6395,526166,0.0,0.027396043909112,0.0644889862427802,0.096640063852772,0.1608403538502108,0.2828655722100331,0.4313893484824445,0.5399861633035797,0.5659881844738837,0.6448864998922537,0.8151694058535253,0.0,0.5356301632809632,0.5356301632809632,0.5356301632809632,0.5356301632809632,0.5356301632809632,0.5664382243318135,0.5899945615637041,0.5943605097942227,0.6513759206761591,0.8151694058535253,5,5,5,5,5,5
0.1,0.1,526200,6395,526200,0.0,0.027396043909112,0.0644889862427802,0.096640063852772,0.1608403538502108,0.2828655722100331,0.4313893484824445,0.5399861633035797,0.5659881844738837,0.6448864998922537,0.8151694058535253,0.0,0.5356273591745807,0.5356273591745807,0.5356273591745807,0.5356273591745807,0.5356273591745807,0.5664395816413872,0.5899957100941091,0.5943621431111951,0.6513767474922189,0.8151694058535253,5,5,5,5,5,5
0.1,0.2,526204,6395,526204,0.0,0.027396043909112,0.0644889862427802,0.096640063852772,0.1608403538502108,0.2828655722100331,0.4313893484824445,0.5399861633035797,0.5659881844738837,0.6448864998922537,0.8151694058535253,0.0,0.5356280296474797,0.5356280296474797,0.5356280296474797,0.5356280296474797,0.5356280296474797,0.5664396583900667,0.5899954242567901,0.5943619166105792,0.6513766976593324,0.8151694058535253,5,5,5,5,5,5
0.15,0.0001,0,0,0,,,,,,,,,,,,,,,,,,,,,,,0,0,0,0,0,0
0.15,0.0005,338031,6395,338031,0.0,0.0244100332032985,0.0644889862427802,0.0936459642334688,0.1608403538502108,0.2982502755686063,0.432302579364089,0.5259312138221713,0.554646423221937,0.6169919341085934,0.7248487901883902,0.0,0.564976073362081,0.564976073362081,0.564976073362081,0.564976073362081,0.564976073362081,0.5701683215844708,0.5835702060469147,0.5835702060469147,0.6230225340578205,0.7248487901883902,4,4,4,4,4,4
0.15,0.001,397533,6395,397533,0.0,0.0244100332032985,0.0634934236838424,0.0936459642334688,0.1592472128313855,0.2956955140756954,0.432302579364089,0.5329946531914245,0.5566385607245096,0.6207919384367081,0.7248487901883902,0.0,0.5612871473293392,0.5612871473293392,0.5612871473293392,0.5612871473293392,0.5612871473293392,0.5736640555105977,0.5852832751900232,0.5859250097586909,0.6270625480702495,0.7248487901883902,4,4,4,4,4,4
0.15,0.002,425514,6395,425514,0.0,0.0244100332032985,0.061055826032767,0.0936459642334688,0.1511252783392538,0.2904586999895643,0.432302579364089,0.5329946531914245,0.5562515042020313,0.6222798745570928,0.7248487901883902,0.0,0.5505880894678208,0.5505880894678208,0.5505880894678208,0.5505880894678208,0.5505880894678208,0.5703805339972351,0.5849602519459264,0.5853531207640318,0.6285548763543385,0.7248487901883902,4,4,4,4,4,4
0.15,0.005,445378,6395,445378,0.0,0.0244100332032985,0.061055826032767,0.0935780264853634,0.1494927998498016,0.2853942556041886,0.432302579364089,0.5314412829163628,0.5562515042020313,0.621905669061629,0.7248487901883902,0.0,0.5411093341338409,0.5411093341338409,0.5411093341338409,0.5411093341338409,0.5411093341338409,0.5666500700004781,0.5843812741456199,0.5848189717212333,0.6281835838479617,0.7248487901883902,5,5,5,5,5,5
0.15,0.01,450977,6395,450977,0.0,0.0244100332032985,0.061055826032767,0.092744094722437,0.1494927998498016,0.2828655722100331,0.4316393146353512,0.5309228615658013,0.5556941838757032,0.6213099031517297,0.7248487901883902,0.0,0.5383442170866798,0.5383442170866798,0.5383442170866798,0.5383442170866798,0.5383442170866798,0.5652821740118328,0.5841371386527595,0.5845893292501781,0.6275832727326144,0.7248487901883902,5,5,5,5,5,5
0.15,0.02,452277,6395,452277,0.0,0.0244100332032985,0.061055826032767,0.09297550422287552,0.1494927998498016,0.2821924097256063,0.430986001414731,0.5309228615658013,0.5554966719956067,0.6213099031517297,0.7248487901883902,0.0,0.5378206557009921,0.5378206557009921,0.5378206557009921,0.5378206557009921,0.5378206557009921,0.5649943903394988,0.5841117965164508,0.5845675723994574,0.62758468150608,0.7248487901883902,5,5,5,5,5,5
0.15,0.05,452546,6395,452546,0.0,0.0244100332032985,0.061055826032767,0.09331625687268474,0.1494927998498016,0.2820870202201805,0.4307793358478164,0.5309228615658013,0.5555341597335199,0.6214703256023285,0.7248487901883902,0.0,0.5377604298754017,0.5377604298754017,0.5377604298754017,0.5377604298754017,0.5377604298754017,0.5649486285389537,0.5841178187380757,0.5845743189369106,0.6277443568076446,0.7248487901883902,5,5,5,5,5,5
0.15,0.1,452563,6395,452563,0.0,0.0244100332032985,0.061055826032767,0.0933205735514423,0.1494927998498016,0.2820870202201805,0.4307793358478164,0.5309228615658013,0.5555416572811008,0.6214703256023285,0.7248487901883902,0.0,0.5377501634296444,0.5377501634296444,0.5377501634296444,0.5377501634296444,0.5377501634296444,0.5649437626710954,0.5841180121252917,0.5845745583188212,0.6277441187518226,0.7248487901883902,5,5,5,5,5,5
0.15,0.2,452565,6395,452565,0.0,0.0244100332032985,0.061055826032767,0.0933205735514423,0.1494927998498016,0.2820870202201805,0.4307793358478164,0.5309228615658013,0.5555366589160469,0.6214703256023285,0.7248487901883902,0.0,0.5377505088390873,0.5377505088390873,0.5377505088390873,0.5377505088390873,0.5377505088390873,0.5649429984300225,0.5841178749623275,0.5845744267788544,0.627744090746443,0.7248487901883902,5,5,5,5,5,5
0.2,0.0001,0,0,0,,,,,,,,,,,,,,,,,,,,,,,0,0,0,0,0,0
0.2,0.0005,288259,6395,288259,0.0,0.0244100332032985,0.0579903181645727,0.0870160969502693,0.1608403538502108,0.2948085132054494,0.4248540262260245,0.5034497141817064,0.5499676009952985,0.5807508208461308,0.6596168113973184,0.0,0.551856691530027,0.551856691530027,0.551856691530027,0.551856691530027,0.551856691530027,0.551856691530027,0.5592120336750463,0.5692783454211584,0.5865171266227024,0.6596168113973184,4,4,4,4,4,4
0.2,0.001,334759,6395,334759,0.0,0.0244100332032985,0.0579903181645727,0.0863603458876261,0.1548991753676118,0.290905131079996,0.4254057513973088,0.5065836113496478,0.5521146665850665,0.5823480296000764,0.6596168113973184,0.0,0.5449726885369823,0.5449726885369823,0.5449726885369823,0.5449726885369823,0.5449726885369823,0.5527279484267499,0.562785159316536,0.5695941455188218,0.5882292857255982,0.6596168113973184,4,4,4,4,4,4
0.2,0.002,356216,6395,356216,0.0,0.0237747382139648,0.0579903181645727,0.0855588910126731,0.1494927998498016,0.2853942556041886,0.4205022464247139,0.5065836113496478,0.5536304328096472,0.5845531813681241,0.6596168113973184,0.0,0.5341054136837804,0.5341054136837804,0.5341054136837804,0.5341054136837804,0.5341054136837804,0.5501755680871406,0.5627226301974194,0.5695299613280376,0.5904474452850555,0.6596168113973184,4,4,4,4,4,4
0.2,0.005,370359,6395,370359,0.0,0.0233641505881588,0.0567819150828725,0.0855588910126731,0.1479564123409226,0.2794219015587824,0.4179449746642062,0.5056393975216281,0.554646423221937,0.5871461194147538,0.6596168113973184,0.0,0.5258840831163154,0.5258840831163154,0.5258840831163154,0.5258840831163154,0.5258840831163154,0.5478527836869518,0.5618183503388965,0.5694342884730412,0.5930726989192349,0.6596168113973184,5,5,5,5,5,5
0.2,0.01,373756,6395,373756,0.0,0.0225409243176855,0.0567819150828725,0.0855588910126731,0.1479564123409226,0.278375685717822,0.4175093096635965,0.5050547951618006,0.554646423221937,0.5870911406391257,0.6596168113973184,0.0,0.5237109391830849,0.5237109391830849,0.5237109391830849,0.5237109391830849,0.5237109391830849,0.5470698250335146,0.5610775866521636,0.5693479313872051,0.5930188540098295,0.6596168113973184,5,5,5,5,5,5
0.2,0.02,374512,6395,374512,0.0,0.022500058022496522,0.0567819150828725,0.0855588910126731,0.1479564123409226,0.2778191936928897,0.4175093096635965,0.5050547951618006,0.554646423221937,0.5871461194147538,0.6596168113973184,0.0,0.5232646982873375,0.5232646982873375,0.5232646982873375,0.5232646982873375,0.5232646982873375,0.5468984781884481,0.5610102131512118,0.5693439970335104,0.5930718976029837,0.6596168113973184,5,5,5,5,5,5
0.2,0.05,374656,6395,374656,0.0,0.02252026158416299,0.0567819150828725,0.0855588910126731,0.1479564123409226,0.2776549224125454,0.4175093096635965,0.5050547951618006,0.554646423221937,0.5871461194147538,0.6596168113973184,0.0,0.5232010018548944,0.5232010018548944,0.5232010018548944,0.5232010018548944,0.5232010018548944,0.5468769642645219,0.5610062834241738,0.5693506776772372,0.5930743938989514,0.6596168113973184,5,5,5,5,5,5
0.2,0.1,374667,6395,374667,0.0,0.02252531247457959,0.0567819150828725,0.0855588910126731,0.1479564123409226,0.2775835772200341,0.4174477402559144,0.5050547951618006,0.554646423221937,0.5871461194147538,0.6596168113973184,0.0,0.5231931391515527,0.5231931391515527,0.5231931391515527,0.5231931391515527,0.5231931391515527,0.5468749193496091,0.5610061219652723,0.5693517944307884,0.5930758170143172,0.6596168113973184,5,5,5,5,5,5
0.2,0.2,374667,6395,374667,0.0,0.02252531247457959,0.0567819150828725,0.0855588910126731,0.1479564123409226,0.2775835772200341,0.4174477402559144,0.5050547951618006,0.554646423221937,0.5871461194147538,0.6596168113973184,0.0,0.5231931391515527,0.5231931391515527,0.5231931391515527,0.5231931391515527,0.5231931391515527,0.5468749193496091,0.5610061219652723,0.5693517944307884,0.5930758170143172,0.6596168113973184,5,5,5,5,5,5
0.25,0.0001,0,0,0,,,,,,,,,,,,,,,,,,,,,,,0,0,0,0,0,0
0.25,0.0005,225337,6395,225337,0.0,0.02120213079779138,0.05225927522437,0.0782732726668304,0.1479564123409226,0.2782998664643605,0.3861520423530697,0.4545296630437649,0.4880429342099603,0.5260847174333377,0.580969114233142,0.0,0.502218467087176,0.502218467087176,0.502218467087176,0.502218467087176,0.502218467087176,0.502218467087176,0.5050055771273784,0.5136697758755218,0.5313930590546965,0.580969114233142,4,4,4,4,4,4
0.25,0.001,256508,6395,256508,0.0,0.0208151272535253,0.05225927522437,0.0741306348692159,0.1397777243388446,0.2675538261519381,0.381611432213494,0.4533282026811178,0.4879922265227188,0.5268286079114268,0.580969114233142,0.0,0.49829870328844306,0.49829870328844306,0.49829870328844306,0.49829870328844306,0.49829870328844306,0.5008976255626453,0.5036809850489601,0.5136547853188049,0.5320828922458678,0.580969114233142,4,4,4,4,4,4
0.25,0.002,269799,6395,269799,0.0,0.0208151272535253,0.0494962967370297,0.072590208590298,0.1383895932984322,0.261169379748444,0.3789941637284808,0.4525093886661683,0.4866198675543378,0.5260694652690374,0.580969114233142,0.0,0.4892386478954177,0.4892386478954177,0.4892386478954177,0.4892386478954177,0.4892386478954177,0.4990080039976734,0.5017186714069973,0.5122094440451442,0.5313831191992664,0.580969114233142,4,4,4,4,4,4
0.25,0.005,277396,6395,277396,0.0,0.0208151272535253,0.0472715396087168,0.0717746045886229,0.1339745962155613,0.2567543257495951,0.3749600157801463,0.4522530051414757,0.4856450684656488,0.5259312138221713,0.580969114233142,0.0,0.4837232665194936,0.4837232665194936,0.4837232665194936,0.4837232665194936,0.4837232665194936,0.4977487354211647,0.5006925162570186,0.5112018434932801,0.5312011731165256,0.580969114233142,5,5,5,5,5,5
0.25,0.01,278853,6395,278853,0.0,0.0208151272535253,0.0472715396087168,0.0717746045886229,0.1339745962155613,0.2554109324387584,0.3739625650149751,0.4514565555575132,0.4850254232376788,0.5259312138221713,0.580969114233142,0.0,0.48264210462484364,0.48264210462484364,0.48264210462484364,0.48264210462484364,0.48264210462484364,0.49750682903198584,0.500497994962789,0.5105529807233695,0.5311849065283831,0.580969114233142,5,5,5,5,5,5
0.25,0.02,279160,6395,279160,0.0,0.0208151272535253,0.0472715396087168,0.0717746045886229,0.1339745962155613,0.2546735220443044,0.3739625650149751,0.4512937340298437,0.485017937396923,0.5259312138221713,0.580969114233142,0.0,0.4824208943998665,0.4824208943998665,0.4824208943998665,0.4824208943998665,0.4824208943998665,0.4974528073805293,0.500451637188012,0.5105259468037835,0.5311829147995563,0.580969114233142,5,5,5,5,5,5
0.25,0.05,279207,6395,279207,0.0,0.0208151272535253,0.0472715396087168,0.0717746045886229,0.1339745962155613,0.2546589797416244,0.3739625650149751,0.45127689414074096,0.485017937396923,0.5259312138221713,0.580969114233142,0.0,0.4823857106774238,0.4823857106774238,0.4823857106774238,0.4823857106774238,0.4823857106774238,0.49744208711513205,0.5004427293425415,0.5105214271590509,0.5311820219342116,0.580969114233142,5,5,5,5,5,5
0.25,0.1,279213,6395,279213,0.0,0.0208151272535253,0.0472715396087168,0.0717746045886229,0.1339745962155613,0.2546589797416244,0.3739625650149751,0.4512766577904609,0.485017937396923,0.5259312138221713,0.580969114233142,0.0,0.48238020744958005,0.48238020744958005,0.48238020744958005,0.48238020744958005,0.48238020744958005,0.4974407188636397,0.5004415924094567,0.5105208502984074,0.5311819079732538,0.580969114233142,5,5,5,5,5,5
0.25,0.2,279213,6395,279213,0.0,0.0208151272535253,0.0472715396087168,0.0717746045886229,0.1339745962155613,0.2546589797416244,0.3739625650149751,0.4512766577904609,0.485017937396923,0.5259312138221713,0.580969114233142,0.0,0.48238020744958005,0.48238020744958005,0.48238020744958005,0.48238020744958005,0.48238020744958005,0.4974407188636397,0.5004415924094567,0.5105208502984074,0.5311819079732538,0.580969114233142,5,5,5,5,5,5
0.3,0.0001,0,0,0,,,,,,,,,,,,,,,,,,,,,,,0,0,0,0,0,0
0.3,0.0005,170859,6394,170859,0.0,0.0178588974698777,0.0465282322841672,0.0717746045886229,0.1388510292288814,0.2533320812584603,0.3514504576150673,0.4171769903706611,0.432302579364089,0.462327205777485,0.5061210828059014,0.0,0.4545989723678716,0.4545989723678716,0.4545989723678716,0.4545989723678716,0.4545989723678716,0.4545989723678716,0.4545989723678716,0.4545989723678716,0.4669792480639359,0.5061210828059014,4,4,4,4,4,4
0.3,0.001,191340,6394,191340,0.0,0.0178588974698777,0.0429976286588223,0.0709876543209876,0.1339745962155613,0.2472305399956427,0.34642585314870256,0.4171523570632974,0.432302579364089,0.4612573728985552,0.5061210828059014,0.0,0.4519372429981368,0.4519372429981368,0.4519372429981368,0.4519372429981368,0.4519372429981368,0.45381165184816663,0.45381165184816663,0.45381165184816663,0.46588112251523983,0.5061210828059014,4,4,4,4,4,4
0.3,0.002,199406,6394,199406,0.0,0.0178588974698777,0.041540496668514,0.0665401733516523,0.1339745962155613,0.2387387058017239,0.34418558406734406,0.4163361647916005,0.432302579364089,0.4612573728985552,0.5061210828059014,0.0,0.4465311127617142,0.4465311127617142,0.4465311127617142,0.4465311127617142,0.4465311127617142,0.45318908884735953,0.45318908884735953,0.45318908884735953,0.46575124669696116,0.5061210828059014,4,4,4,4,4,4
0.3,0.005,203479,6394,203479,0.0,0.0178588974698777,0.041540496668514,0.0660435616484202,0.1339745962155613,0.2359484819862625,0.3420512198370358,0.4153688040220659,0.432302579364089,0.4612573728985552,0.5061210828059014,0.0,0.44371333203461244,0.44371333203461244,0.44371333203461244,0.44371333203461244,0.44371333203461244,0.45288689379633984,0.45288689379633984,0.45288689379633984,0.46569971409870653,0.5061210828059014,5,5,5,5,5,5
0.3,0.01,204061,6394,204061,0.0,0.0178588974698777,0.041540496668514,0.065775758536928,0.1339745962155613,0.2359484819862625,0.3413269761128127,0.4153505322780449,0.432302579364089,0.4612573728985552,0.5061210828059014,0.0,0.4432768307142852,0.4432768307142852,0.4432768307142852,0.4432768307142852,0.4432768307142852,0.45283310861202025,0.45283310861202025,0.45283310861202025,0.46568922650048766,0.5061210828059014,5,5,5,5,5,5
0.3,0.02,204168,6394,204168,0.0,0.0178588974698777,0.041540496668514,0.065775758536928,0.1339745962155613,0.2359484819862625,0.34130765964592497,0.4152847631729466,0.432302579364089,0.4612573728985552,0.5061210828059014,0.0,0.44320066911877376,0.44320066911877376,0.44320066911877376,0.44320066911877376,0.44320066911877376,0.45282661821938724,0.45282661821938724,0.45282661821938724,0.46568918437360474,0.5061210828059014,5,5,5,5,5,5
0.3,0.05,204181,6394,204181,0.0,0.0178588974698777,0.041540496668514,0.0657872067148227,0.1339745962155613,0.2359484819862625,0.3413073075269853,0.4152847631729466,0.432302579364089,0.4612573728985552,0.5061210828059014,0.0,0.44318919755737984,0.44318919755737984,0.44318919755737984,0.44318919755737984,0.44318919755737984,0.45282526597254247,0.45282526597254247,0.45282526597254247,0.4656888994936653,0.5061210828059014,5,5,5,5,5,5
0.3,0.1,204183,6394,204183,0.0,0.0178588974698777,0.041540496668514,0.0657872067148227,0.1339745962155613,0.2359484819862625,0.3413073075269853,0.4152847631729466,0.432302579364089,0.4612573728985552,0.5061210828059014,0.0,0.443187432884137,0.443187432884137,0.443187432884137,0.443187432884137,0.443187432884137,0.4528250579505663,0.4528250579505663,0.4528250579505663,0.46568885566923307,0.5061210828059014,5,5,5,5,5,5
0.3,0.2,204183,6394,204183,0.0,0.0178588974698777,0.041540496668514,0.0657872067148227,0.1339745962155613,0.2359484819862625,0.3413073075269853,0.4152847631729466,0.432302579364089,0.4612573728985552,0.5061210828059014,0.0,0.443187432884137,0.443187432884137,0.443187432884137,0.443187432884137,0.443187432884137,0.4528250579505663,0.4528250579505663,0.4528250579505663,0.46568885566923307,0.5061210828059014,5,5,5,5,5,5
0.4,0.0001,0,0,0,,,,,,,,,,,,,,,,,,,,,,,0,0,0,0,0,0
0.4,0.0005,80575,6367,80575,0.0,0.0125391039048434,0.0372665857186195,0.0584356908175138,0.1283050210295884,0.2106833384213921,0.28277222532869434,0.309958735506241,0.314596179150439,0.3261484085150765,0.5,0.0,0.3263086816590223,0.3263086816590223,0.3263086816590223,0.3263086816590223,0.3263086816590223,0.3263086816590223,0.3263086816590223,0.3263086816590223,0.3292977200707901,0.5,4,4,4,4,4,4
0.4,0.001,88002,6369,88002,0.0,0.0125391039048434,0.0365527610528608,0.0558604765585891,0.1248692131035202,0.2080839877699935,0.2837987965011895,0.309958735506241,0.314596179150439,0.32607786339522815,0.5,0.0,0.3259841962780811,0.3259841962780811,0.3259841962780811,0.3259841962780811,0.3259841962780811,0.3259841962780811,0.3259841962780811,0.3259841962780811,0.3292095860293987,0.5,4,4,4,4,4,4
0.4,0.002,90598,6370,90598,0.0,0.0125391039048434,0.0365527610528608,0.05416649496105572,0.124164975340025,0.207083620300907,0.2853942556041886,0.309958735506241,0.3141935367936368,0.3257655769271302,0.5,0.0,0.32574208922720305,0.32574208922720305,0.32574208922720305,0.32574208922720305,0.32574208922720305,0.32574208922720305,0.32574208922720305,0.32574208922720305,0.32904153739792347,0.5,4,4,4,4,4,4
0.4,0.005,91904,6371,91904,0.0,0.0125391039048434,0.0365527610528608,0.0548659444615864,0.1248692131035202,0.2068164435601096,0.2853942556041886,0.309958735506241,0.3141494275221825,0.3256374557675933,0.5,0.0,0.3255968020709927,0.3255968020709927,0.3255968020709927,0.3255968020709927,0.3255968020709927,0.3255968020709927,0.3255968020709927,0.3255968020709927,0.32891662615914086,0.5,5,5,5,5,5,5
0.4,0.01,91948,6371,91948,0.0,0.0125391039048434,0.0365527610528608,0.0544583496551396,0.1248692131035202,0.2068164435601096,0.2853942556041886,0.309958735506241,0.3141494275221825,0.3256374557675933,0.5,0.0,0.3255916115226528,0.3255916115226528,0.3255916115226528,0.3255916115226528,0.3255916115226528,0.3255916115226528,0.3255916115226528,0.3255916115226528,0.3289150416108522,0.5,5,5,5,5,5,5
0.4,0.02,91955,6371,91955,0.0,0.0125391039048434,0.0365527610528608,0.0544583496551396,0.1248692131035202,0.2068164435601096,0.2853942556041886,0.309958735506241,0.3141494275221825,0.3256374557675933,0.5,0.0,0.3255907862268348,0.3255907862268348,0.3255907862268348,0.3255907862268348,0.3255907862268348,0.3255907862268348,0.3255907862268348,0.3255907862268348,0.3289147896648436,0.5,5,5,5,5,5,5
0.4,0.05,91956,6371,91956,0.0,0.0125391039048434,0.0365527610528608,0.0544583496551396,0.1248692131035202,0.2068164435601096,0.2853942556041886,0.309958735506241,0.3141494275221825,0.3256374557675933,0.5,0.0,0.32559066833803074,0.32559066833803074,0.32559066833803074,0.32559066833803074,0.32559066833803074,0.32559066833803074,0.32559066833803074,0.32559066833803074,0.32891475367571943,0.5,5,5,5,5,5,5
0.4,0.1,91956,6371,91956,0.0,0.0125391039048434,0.0365527610528608,0.0544583496551396,0.1248692131035202,0.2068164435601096,0.2853942556041886,0.309958735506241,0.3141494275221825,0.3256374557675933,0.5,0.0,0.32559066833803074,0.32559066833803074,0.32559066833803074,0.32559066833803074,0.32559066833803074,0.32559066833803074,0.32559066833803074,0.32559066833803074,0.32891475367571943,0.5,5,5,5,5,5,5
0.4,0.2,91956,6371,91956,0.0,0.0125391039048434,0.0365527610528608,0.0544583496551396,0.1248692131035202,0.2068164435601096,0.2853942556041886,0.309958735506241,0.3141494275221825,0.3256374557675933,0.5,0.0,0.32559066833803074,0.32559066833803074,0.32559066833803074,0.32559066833803074,0.32559066833803074,0.32559066833803074,0.32559066833803074,0.32559066833803074,0.32891475367571943,0.5,5,5,5,5,5,5
0.5,0.0001,0,0,0,,,,,,,,,,,,,,,,,,,,,,,0,0,0,0,0,0
0.5,0.0005,24270,5756,24270,0.0,0.0093764940749812,0.027396043909112,0.041540496668514,0.0958914444893229,0.1339745962155613,0.1770520703687302,0.1974021859588487,0.2054158127501046,0.2102152049878908,0.2696272386505622,0.0,0.21109856117763365,0.21109856117763365,0.21109856117763365,0.21109856117763365,0.21109856117763365,0.21109856117763365,0.21109856117763365,0.21109856117763365,0.21217346024520128,0.2696272386505622,4,4,4,4,4,4
0.5,0.001,26042,5817,26042,0.0,0.0093764940749812,0.027396043909112,0.041540496668514,0.096640063852772,0.1339745962155613,0.175087026451086,0.1974021859588487,0.2046062415406432,0.2096584528739223,0.2696272386505622,0.0,0.21094673927024016,0.21094673927024016,0.21094673927024016,0.21094673927024016,0.21094673927024016,0.21094673927024016,0.21094673927024016,0.21094673927024016,0.2117383082780529,0.2696272386505622,4,4,4,4,4,4
0.5,0.002,26870,5832,26870,0.0,0.0101755401234567,0.027918086398490412,0.041540496668514,0.0991171220923541,0.1339745962155613,0.175087026451086,0.1974021859588487,0.2045380228251417,0.209591782118341,0.2696272386505622,0.0,0.21084924264773022,0.21084924264773022,0.21084924264773022,0.21084924264773022,0.21084924264773022,0.21084924264773022,0.21084924264773022,0.21084924264773022,0.21166351657533064,0.2696272386505622,4,4,4,4,4,4
0.5,0.005,27500,5834,27500,0.0,0.0101755401234567,0.0280049391530718,0.04256889658041768,0.10002521472699318,0.1339745962155613,0.1734917152126667,0.1974021859588487,0.2045380228251417,0.20933159673192622,0.2696272386505622,0.0,0.21077904928489494,0.21077904928489494,0.21077904928489494,0.21077904928489494,0.21077904928489494,0.21077904928489494,0.21077904928489494,0.21077904928489494,0.21144539350502167,0.2696272386505622,5,5,5,5,5,5
0.5,0.01,27506,5834,27506,0.0,0.0101755401234567,0.0280049391530718,0.0425814947719636,0.10000371547627372,0.1339745962155613,0.1734917152126667,0.1974021859588487,0.2045380228251417,0.20932823186242833,0.2696272386505622,0.0,0.2107783964535045,0.2107783964535045,0.2107783964535045,0.2107783964535045,0.2107783964535045,0.2107783964535045,0.2107783964535045,0.2107783964535045,0.21144258077708342,0.2696272386505622,5,5,5,5,5,5
0.5,0.02,27506,5834,27506,0.0,0.0101755401234567,0.0280049391530718,0.0425814947719636,0.10000371547627372,0.1339745962155613,0.1734917152126667,0.1974021859588487,0.2045380228251417,0.20932823186242833,0.2696272386505622,0.0,0.2107783964535045,0.2107783964535045,0.2107783964535045,0.2107783964535045,0.2107783964535045,0.2107783964535045,0.2107783964535045,0.2107783964535045,0.21144258077708342,0.2696272386505622,5,5,5,5,5,5
0.5,0.05,27506,5834,27506,0.0,0.0101755401234567,0.0280049391530718,0.0425814947719636,0.10000371547627372,0.1339745962155613,0.1734917152126667,0.1974021859588487,0.2045380228251417,0.20932823186242833,0.2696272386505622,0.0,0.2107783964535045,0.2107783964535045,0.2107783964535045,0.2107783964535045,0.2107783964535045,0.2107783964535045,0.2107783964535045,0.2107783964535045,0.21144258077708342,0.2696272386505622,5,5,5,5,5,5
0.5,0.1,27506,5834,27506,0.0,0.0101755401234567,0.0280049391530718,0.0425814947719636,0.10000371547627372,0.1339745962155613,0.1734917152126667,0.1974021859588487,0.2045380228251417,0.20932823186242833,0.2696272386505622,0.0,0.2107783964535045,0.2107783964535045,0.2107783964535045,0.2107783964535045,0.2107783964535045,0.2107783964535045,0.2107783964535045,0.2107783964535045,0.21144258077708342,0.2696272386505622,5,5,5,5,5,5
0.5,0.2,27506,5834,27506,0.0,0.0101755401234567,0.0280049391530718,0.0425814947719636,0.10000371547627372,0.1339745962155613,0.1734917152126667,0.1974021859588487,0.2045380228251417,0.20932823186242833,0.2696272386505622,0.0,0.2107783964535045,0.2107783964535045,0.2107783964535045,0.2107783964535045,0.2107783964535045,0.2107783964535045,0.2107783964535045,0.2107783964535045,0.21144258077708342,0.2696272386505622,5,5,5,5,5,5
0.6,0.0001,0,0,0,,,,,,,,,,,,,,,,,,,,,,,0,0,0,0,0,0
0.6,0.0005,4091,2651,4091,0.0,0.0038503204637324,0.0136725722541203,0.0259271963914036,0.049714411168620354,0.0806242894271558,0.1035142192364414,0.1122373903754193,0.11525249596219125,0.1206053524752623,0.1355575864142994,0.0,0.12038378965306065,0.12038378965306065,0.12038378965306065,0.12038378965306065,0.12038378965306065,0.12038378965306065,0.12038378965306065,0.12038378965306065,0.12170609200204689,0.1355575864142994,4,4,4,7,12,4091
0.6,0.001,4225,2688,4225,0.0,0.003466681601161557,0.0136725722541203,0.02525683527087972,0.0488466331436358,0.0804677688478389,0.1033222896571757,0.1122072336571757,0.1150613105404902,0.1206053524752623,0.1355575864142994,0.0,0.12032033990504275,0.12032033990504275,0.12032033990504275,0.12032033990504275,0.12032033990504275,0.12032033990504275,0.12032033990504275,0.12032033990504275,0.12167087254249839,0.1355575864142994,4,4,4,14,15,4225
0.6,0.002,4241,2691,4241,0.0,0.0035474476774922594,0.0136725722541203,0.0252576975290583,0.0488460979564692,0.0804677688478389,0.1033222896571757,0.1122072336571757,0.1150613105404902,0.1206053524752623,0.1355575864142994,0.0,0.12030247561721695,0.12030247561721695,0.12030247561721695,0.12030247561721695,0.12030247561721695,0.12030247561721695,0.12030247561721695,0.12030247561721695,0.12166681728058691,0.1355575864142994,4,4,4,14,15,4241
0.6,0.005,4250,2691,4250,0.0,0.0032596589212276583,0.0136725722541203,0.02525755381936187,0.048765339492028825,0.080282572925755,0.10325138935851318,0.1122072336571757,0.11502309295639264,0.1206053524752623,0.1355575864142994,0.0,0.12029248837745372,0.12029248837745372,0.12029248837745372,0.12029248837745372,0.12029248837745372,0.12029248837745372,0.12029248837745372,0.12029248837745372,0.12166454973175049,0.1355575864142994,5,5,5,15,16,4250
0.6,0.01,4250,2691,4250,0.0,0.0032596589212276583,0.0136725722541203,0.02525755381936187,0.048765339492028825,0.080282572925755,0.10325138935851318,0.1122072336571757,0.11502309295639264,0.1206053524752623,0.1355575864142994,0.0,0.12029248837745372,0.12029248837745372,0.12029248837745372,0.12029248837745372,0.12029248837745372,0.12029248837745372,0.12029248837745372,0.12029248837745372,0.12166454973175049,0.1355575864142994,5,5,5,15,16,4250
0.6,0.02,4250,2691,4250,0.0,0.0032596589212276583,0.0136725722541203,0.02525755381936187,0.048765339492028825,0.080282572925755,0.10325138935851318,0.1122072336571757,0.11502309295639264,0.1206053524752623,0.1355575864142994,0.0,0.12029248837745372,0.12029248837745372,0.12029248837745372,0.12029248837745372,0.12029248837745372,0.12029248837745372,0.12029248837745372,0.12029248837745372,0.12166454973175049,0.1355575864142994,5,5,5,15,16,4250
0.6,0.05,4250,2691,4250,0.0,0.0032596589212276583,0.0136725722541203,0.02525755381936187,0.048765339492028825,0.080282572925755,0.10325138935851318,0.1122072336571757,0.11502309295639264,0.1206053524752623,0.1355575864142994,0.0,0.12029248837745372,0.12029248837745372,0.12029248837745372,0.12029248837745372,0.12029248837745372,0.12029248837745372,0.12029248837745372,0.12029248837745372,0.12166454973175049,0.1355575864142994,5,5,5,15,16,4250
0.6,0.1,4250,2691,4250,0.0,0.0032596589212276583,0.0136725722541203,0.02525755381936187,0.048765339492028825,0.080282572925755,0.10325138935851318,0.1122072336571757,0.11502309295639264,0.1206053524752623,0.1355575864142994,0.0,0.12029248837745372,0.12029248837745372,0.12029248837745372,0.12029248837745372,0.12029248837745372,0.12029248837745372,0.12029248837745372,0.12029248837745372,0.12166454973175049,0.1355575864142994,5,5,5,15,16,4250
0.6,0.2,4250,2691,4250,0.0,0.0032596589212276583,0.0136725722541203,0.02525755381936187,0.048765339492028825,0.080282572925755,0.10325138935851318,0.1122072336571757,0.11502309295639264,0.1206053524752623,0.1355575864142994,0.0,0.12029248837745372,0.12029248837745372,0.12029248837745372,0.12029248837745372,0.12029248837745372,0.12029248837745372,0.12029248837745372,0.12029248837745372,0.12166454973175049,0.1355575864142994,5,5,5,15,16,4250
0.7,0.0001,0,0,0,,,,,,,,,,,,,,,,,,,,,,,0,0,0,0,0,0
0.7,0.0005,683,689,683,0.0,0.00011296980299320494,0.010677310871598011,0.0183044450820487,0.02954310342540315,0.0387306322238119,0.0487729730344351,0.0520356899764027,0.0530780634263805,0.07850039425340473,0.103515625,0.0,0.009825733525251111,0.05543259215742484,0.05543259215742484,0.05543259215742484,0.05543259215742484,0.05543259215742484,0.05543259215742484,0.05543259215742484,0.07919439989638039,0.103515625,4,4,7,12,682,683
0.7,0.001,729,715,729,0.0,0.00013232094922406402,0.0101755401234567,0.017184725799062557,0.0290577363841915,0.0382539075836574,0.0483489344439156,0.0520356899764027,0.0530780634263805,0.0835795351426318,0.103515625,0.0,0.009243477796905415,0.055457564605744435,0.055457564605744435,0.055457564605744435,0.055457564605744435,0.055457564605744435,0.055457564605744435,0.055457564605744435,0.08377687324815723,0.103515625,4,4,13,15,728,729
0.7,0.002,735,717,735,0.0,0.000135030510195192,0.0101755401234567,0.0172281191037331,0.029124646825194098,0.0381210709327906,0.048346909524159654,0.0520356899764027,0.0530780634263805,0.0835795351426318,0.103515625,0.0,0.009319555803464306,0.055440157962742,0.055440157962742,0.055440157962742,0.055440157962742,0.055440157962742,0.055440157962742,0.055440157962742,0.08377593384544535,0.103515625,4,4,13,15,734,735
0.7,0.005,741,719,741,0.0,9.732123680681645e-05,0.0101755401234567,0.0172281191037331,0.0290577363841915,0.0381200867016522,0.0482958134772943,0.0520356899764027,0.0530780634263805,0.0835795351426318,0.103515625,0.0,0.008070178326110735,0.055423043868361464,0.055423043868361464,0.055423043868361464,0.055423043868361464,0.055423043868361464,0.055423043868361464,0.055423043868361464,0.08377500967629097,0.103515625,5,5,14,16,740,741
0.7,0.01,741,719,741,0.0,9.732123680681645e-05,0.0101755401234567,0.0172281191037331,0.0290577363841915,0.0381200867016522,0.0482958134772943,0.0520356899764027,0.0530780634263805,0.0835795351426318,0.103515625,0.0,0.008070178326110735,0.055423043868361464,0.055423043868361464,0.055423043868361464,0.055423043868361464,0.055423043868361464,0.055423043868361464,0.055423043868361464,0.08377500967629097,0.103515625,5,5,14,16,740,741
0.7,0.02,741,719,741,0.0,9.732123680681645e-05,0.0101755401234567,0.0172281191037331,0.0290577363841915,0.0381200867016522,0.0482958134772943,0.0520356899764027,0.0530780634263805,0.0835795351426318,0.103515625,0.0,0.008070178326110735,0.055423043868361464,0.055423043868361464,0.055423043868361464,0.055423043868361464,0.055423043868361464,0.055423043868361464,0.055423043868361464,0.08377500967629097,0.103515625,5,5,14,16,740,741
0.7,0.05,741,719,741,0.0,9.732123680681645e-05,0.0101755401234567,0.0172281191037331,0.0290577363841915,0.0381200867016522,0.0482958134772943,0.0520356899764027,0.0530780634263805,0.0835795351426318,0.103515625,0.0,0.008070178326110735,0.055423043868361464,0.055423043868361464,0.055423043868361464,0.055423043868361464,0.055423043868361464,0.055423043868361464,0.055423043868361464,0.08377500967629097,0.103515625,5,5,14,16,740,741
0.7,0.1,741,719,741,0.0,9.732123680681645e-05,0.0101755401234567,0.0172281191037331,0.0290577363841915,0.0381200867016522,0.0482958134772943,0.0520356899764027,0.0530780634263805,0.0835795351426318,0.103515625,0.0,0.008070178326110735,0.055423043868361464,0.055423043868361464,0.055423043868361464,0.055423043868361464,0.055423043868361464,0.055423043868361464,0.055423043868361464,0.08377500967629097,0.103515625,5,5,14,16,740,741
0.7,0.2,741,719,741,0.0,9.732123680681645e-05,0.0101755401234567,0.0172281191037331,0.0290577363841915,0.0381200867016522,0.0482958134772943,0.0520356899764027,0.0530780634263805,0.0835795351426318,0.103515625,0.0,0.008070178326110735,0.055423043868361464,0.055423043868361464,0.055423043868361464,0.055423043868361464,0.055423043868361464,0.055423043868361464,0.055423043868361464,0.08377500967629097,0.103515625,5,5,14,16,740,741
0.8,0.0001,0,0,0,,,,,,,,,,,,,,,,,,,,,,,0,0,0,0,0,0
0.8,0.0005,47,74,47,0.0,0.0,0.0,8.241784043882739e-05,0.00396453448470255,0.0107641170815869,0.0150098726437722,0.01653804655985374,0.017798276757557106,0.02093297196336503,0.0232320204377174,0.0,0.0,0.0,0.0005533769286606982,0.014837291428262036,0.01815390951595136,0.01815390951595136,0.01825345114480223,0.018562166623598532,0.021115312853082373,0.0232320204377174,9,9,10,47,47,47
0.8,0.001,55,82,55,0.0,0.0,0.0,8.241784043882739e-05,0.0032613427166284003,0.0107641170815869,0.0150510815639916,0.01714133249439202,0.017472472383943387,0.02053313744608637,0.0232320204377174,0.0,0.0,0.0,0.0006475687463050724,0.012266952451106834,0.01822204905202539,0.01822204905202539,0.01822204905202539,0.018326961522225384,0.020715478335803707,0.0232320204377174,12,12,13,55,55,55
0.8,0.002,55,82,55,0.0,0.0,0.0,8.241784043882739e-05,0.0032613427166284003,0.0107641170815869,0.0150510815639916,0.01714133249439202,0.017472472383943387,0.02053313744608637,0.0232320204377174,0.0,0.0,0.0,0.0006475687463050724,0.012266952451106834,0.01822204905202539,0.01822204905202539,0.01822204905202539,0.018326961522225384,0.020715478335803707,0.0232320204377174,12,12,13,55,55,55
0.8,0.005,56,84,56,0.0,0.0,0.0,8.241784043882739e-05,0.0026946655565391,0.010715891409370851,0.0150304771038819,0.017119635842056752,0.017431746837241673,0.020483158131426545,0.0232320204377174,0.0,0.0,0.0,0.0005769248830717917,0.010029226163879438,0.018203295656774594,0.018203295656774594,0.018203295656774594,0.018293876208113236,0.020665499021143886,0.0232320204377174,13,14,14,56,56,56
0.8,0.01,56,84,56,0.0,0.0,0.0,8.241784043882739e-05,0.0026946655565391,0.010715891409370851,0.0150304771038819,0.017119635842056752,0.017431746837241673,0.020483158131426545,0.0232320204377174,0.0,0.0,0.0,0.0005769248830717917,0.010029226163879438,0.018203295656774594,0.018203295656774594,0.018203295656774594,0.018293876208113236,0.020665499021143886,0.0232320204377174,13,14,14,56,56,56
0.8,0.02,56,84,56,0.0,0.0,0.0,8.241784043882739e-05,0.0026946655565391,0.010715891409370851,0.0150304771038819,0.017119635842056752,0.017431746837241673,0.020483158131426545,0.0232320204377174,0.0,0.0,0.0,0.0005769248830717917,0.010029226163879438,0.018203295656774594,0.018203295656774594,0.018203295656774594,0.018293876208113236,0.020665499021143886,0.0232320204377174,13,14,14,56,56,56
0.8,0.05,56,84,56,0.0,0.0,0.0,8.241784043882739e-05,0.0026946655565391,0.010715891409370851,0.0150304771038819,0.017119635842056752,0.017431746837241673,0.020483158131426545,0.0232320204377174,0.0,0.0,0.0,0.0005769248830717917,0.010029226163879438,0.018203295656774594,0.018203295656774594,0.018203295656774594,0.018293876208113236,0.020665499021143886,0.0232320204377174,13,14,14,56,56,56
0.8,0.1,56,84,56,0.0,0.0,0.0,8.241784043882739e-05,0.0026946655565391,0.010715891409370851,0.0150304771038819,0.017119635842056752,0.017431746837241673,0.020483158131426545,0.0232320204377174,0.0,0.0,0.0,0.0005769248830717917,0.010029226163879438,0.018203295656774594,0.018203295656774594,0.018203295656774594,0.018293876208113236,0.020665499021143886,0.0232320204377174,13,14,14,56,56,56
0.8,0.2,56,84,56,0.0,0.0,0.0,8.241784043882739e-05,0.0026946655565391,0.010715891409370851,0.0150304771038819,0.017119635842056752,0.017431746837241673,0.020483158131426545,0.0232320204377174,0.0,0.0,0.0,0.0005769248830717917,0.010029226163879438,0.018203295656774594,0.018203295656774594,0.018203295656774594,0.018293876208113236,0.020665499021143886,0.0232320204377174,13,14,14,56,56,56
