Unnamed: 0,p_val,avg_log2FC,p_val_adj
Rpl7,1.5876796062554575e-05,-0.1670699930156119,0.0001008127848143
Eloc,0.0005851107704714,-0.6942807602804095,0.0017402001363158
Ptpn18,0.0054933714376438,-0.2401533738884907,0.0113259749760185
Neurl3,0.7702490012791944,-0.1643584762784474,0.7838817269655518
Cox5b,1.5876796062554575e-05,-0.5242741273636078,0.0001008127848143
Rpl31,1.5876796062554575e-05,-0.3580842132704562,0.0001008127848143
Rnf149,0.0105995443391097,2.088980732680681,0.0203534849554332
Map4k4,0.0095578312296578,-0.3928867807172752,0.0184558867960743
Il1r2,0.0029639058244674,-0.9903183654791914,0.0068499046072102
Stat1,0.0002219962051443,-1.7708422655310103,0.0008975854205964
Gls,0.3053901722632373,0.1529489160372955,0.3835908110345274
Sf3b1,0.015860919266492,-0.1803212808129764,0.0285000893069778
Hspd1,0.1837871594137701,-0.4017389226213815,0.2489786780016388
Hspe1,0.004096213384139,-0.3904039197542523,0.0088140974066192
Clk1,0.0048460129906725,-0.5599802127776614,0.0103414916398887
Ndufb3,0.0007761696331711,-0.7188782197354984,0.0022130456482977
Cflar,0.0690958164642375,0.3725305370811569,0.10641989589358
Sumo1,0.0013430421695079,-0.4968081757232312,0.0036199183475017
Eef1b2,0.0001111375724378,-0.2289026861863001,0.0005158178810453
Rpl37a,0.0001905215527506,-0.0476902236593221,0.0008216241962369
Arpc2,1.5876796062554575e-05,-0.2271264850336122,0.0001008127848143
Dock10,0.0021358168527197,-0.6907567792642489,0.0052460512060215
Trip12,0.1630390876376388,-1.970004227853852,0.2240975507369935
Itm2c,0.0021592442645074,0.4205743444056841,0.0052460512060215
Ptma,1.5876796062554575e-05,-0.1260231130720981,0.0001008127848143
Arl4c,1.5876796062554575e-05,0.7928995768334047,0.0001008127848143
Lrrfip1,0.0015241724220052,-0.4361240639494016,0.0039241752656104
Cops9,0.0095578312296578,-0.2556792768965854,0.0184558867960743
Vps4b,0.3341195270386536,0.2225185512480631,0.4181544262212896
Dbi,0.0573787409700722,0.1719464855317738,0.0897084545378017
Actr3,6.35071842502183e-05,-0.2321717876259583,0.0003206338326779
Cxcr4,3.175359212510915e-05,0.9419129073044784,0.0001786139557037
Mapkapk2,0.0123997777248551,0.3648944696483186,0.0229174463307589
Snrpe,0.0007144558228149,-0.4677233874100279,0.0020427120900923
Ptprc,0.004096213384139,-0.190287756155352,0.0088140974066192
Rgs1,1.5876796062554575e-05,-0.5785981191313544,0.0001008127848143
Ptgs2,0.4726680955783123,0.1636229542778613,0.5534066503660104
Tpr,1.5876796062554575e-05,-0.6491024983255494,0.0001008127848143
Arpc5,0.0001905215527506,-0.187353811439842,0.0008216241962369
Ncf2,1.5876796062554575e-05,1.3930754050835814,0.0001008127848143
Soat1,0.0015241724220052,0.5223512723376,0.0039241752656104
Gas5,0.0073033261887751,-0.4903845315768973,0.0144807329605023
Prdx6,0.0003168535922656,-0.8634362696810216,0.0010544806044851
Prrc2c,0.0054933714376438,-0.1961584748158926,0.0113259749760185
Creg1,0.015860919266492,0.3603588401110382,0.0285000893069778
Fcer1g,0.004096213384139,0.4684394892868401,0.0088140974066192
Tagln2,0.015860919266492,0.265725598719611,0.0285000893069778
H3f3a,0.0054933714376438,-0.0822471732679554,0.0113259749760185
Wdr26,0.004096213384139,0.4457698256140446,0.0088140974066192
Atp5c1,0.0010637453361911,-0.3482380845223112,0.002889701897527
Vim,1.5876796062554575e-05,0.2870347797475409,0.0001008127848143
Abi1,0.2630889109848705,0.1989342427037859,0.3416524753693111
Edf1,1.5876796062554575e-05,-0.3377117382666266,0.0001008127848143
Rpl7a,6.35071842502183e-05,-0.2143295026684262,0.0003206338326779
Set,0.015860919266492,-0.4751089630636164,0.0285000893069778
Fnbp1,0.0115206170324675,-0.3770719678302119,0.0220403671508389
Rpl12,0.0003016591251885,-0.22861112350446,0.0010104116329129
Hspa5,3.175359212510915e-05,0.4548293328271544,0.0001786139557037
Traf1,0.0002462939704825,-0.8897146655864815,0.0008975854205964
Gsn,0.6784313725490196,-0.1037925242500904,0.7201809954751132
Ggta1,6.35071842502183e-05,0.6559302880182933,0.0003206338326779
Rpl35,3.175359212510915e-05,-0.2444688712284872,0.0001786139557037
Zeb2,0.0002345546750104,3.153163976227856,0.0008975854205964
Cytip,0.015860919266492,-0.2771260790327825,0.0285000893069778
March7,0.0054933714376438,-0.5791236385187439,0.0113259749760185
Rbms1,1.5876796062554575e-05,0.9573477368895462,0.0001008127848143
Tank,0.7344923394458999,0.1298571572743486,0.752672842897531
Ppig,3.175359212510915e-05,0.6126315437068721,0.0001786139557037
Ssb,0.0073033261887751,-0.2846535641317921,0.0144807329605023
Hnrnpa3,0.0029848376597602,-0.2198199037790646,0.0068499046072102
Nfe2l2,0.0015241724220052,0.4450284567793562,0.0039241752656104
Itprid2,0.0007869050746109,1.606129025213208,0.0022313609649925
Spi1,0.0054933714376438,0.2052667500537955,0.0113259749760185
Cd44,0.0002423343526326,1.967715605175932,0.0008975854205964
Nop10,0.4171856441993936,-0.1877056146544439,0.5009638255757187
Srp14,0.0201317774073192,-0.2637334072130114,0.035132484652937
Pdia3,0.0123997777248551,0.2396130032084321,0.0229174463307589
Serf2,1.5876796062554575e-05,-0.1846155489452739,0.0001008127848143
B2m,0.0003016591251885,-0.0670240038152853,0.0010104116329129
Gatm,0.0123997777248551,0.8639817081147878,0.0229174463307589
Bcl2l11,0.4726680955783123,0.1305892079950726,0.5534066503660104
Il1b,0.6238787012780821,0.0567905022307635,0.6840195506597616
Sirpa,1.5876796062554575e-05,1.0887910296609364,0.0001008127848143
Snrpb,0.0473446058585377,-0.2223175987267991,0.0752713779778594
Rrbp1,0.7344923394458999,0.0188638624939422,0.752672842897531
Cst3,1.5876796062554575e-05,-0.7050315283553845,0.0001008127848143
Fkbp1a,0.0021592442645074,0.2953046261060259,0.0052460512060215
Chmp4b,0.038707628800508,0.2036060663521015,0.0627937238378147
Eif2s2,0.0073033261887751,-0.2516012315914185,0.0144807329605023
Eif6,0.1136029476053177,0.290516850696958,0.165924663829821
Scand1,1.5876796062554575e-05,-0.4633484987276247,0.0001008127848143
Samhd1,1.5876796062554575e-05,-0.9999248907732684,0.0001008127848143
Tgm2,0.0004763038818766,1.0431220086914272,0.00143724349196
Top1,0.0073033261887751,0.2500350999759081,0.0144807329605023
Serinc3,0.0002423343526326,1.4152362939601737,0.0008975854205964
Ctsa,1.5876796062554575e-05,0.9843004461111138,0.0001008127848143
B4galt5,0.0002345546750104,3.572872977821566,0.0008975854205964
Tmem189,0.0002345546750104,3.529136986743878,0.0008975854205964
Cebpb,1.5876796062554575e-05,1.889734302579794,0.0001008127848143
Ptpn1,0.0824958323410335,-0.1900213122579766,0.1235646692807086
Gnas,0.6784313725490196,-0.0019422571552322,0.7201809954751132
Ctsz,3.175359212510915e-05,0.2070463499152965,0.0001786139557037
Atp5e,0.0123997777248551,-0.163500210904338,0.0229174463307589
Psma7,6.35071842502183e-05,-0.5306180530700759,0.0003206338326779
Rps21,0.0001905215527506,-0.0698715451360534,0.0008216241962369
Tpd52,1.5876796062554575e-05,1.0725191148774194,0.0001008127848143
Rpl22l1,0.0095578312296578,-0.1724879051208044,0.0184558867960743
Ndufb5,0.0007144558228149,-0.4155765737502746,0.0020427120900923
Anxa5,1.5876796062554575e-05,0.7909675869951541,0.0001008127848143
Slc7a11,0.0802713616470359,1.6853233939240335,0.123082754525455
Ndufc1,0.0201317774073192,-0.2724271148983117,0.035132484652937
Serp1,0.0007144558228149,0.4726575984357909,0.0020427120900923
Mbnl1,0.0123997777248551,-0.3020135148477696,0.0229174463307589
Ssr3,0.2379772961816305,0.1704048831719178,0.310209699682604
Tiparp,1.5876796062554575e-05,1.0601311264372582,0.0001008127848143
Mfsd1,0.0002423343526326,1.7878382191581228,0.0008975854205964
Pdcd10,0.0013600451325973,-0.459470567087841,0.0036467531405134
Rapgef2,0.0325325182293942,0.8902260801129065,0.0537877897243178
Ubap2l,0.2023371148299164,-0.213174315201987,0.2719622618005705
Tpm3,0.0021592442645074,-0.2481845923406199,0.0052460512060215
Rps27,1.5876796062554575e-05,-0.21393362464875,0.0001008127848143
S100a6,0.0109788044772564,-0.5407087334642652,0.0210427085814081
S100a11,1.5876796062554575e-05,-1.1726848927527864,0.0001008127848143
Psmb4,3.175359212510915e-05,-0.4448912678728349,0.0001786139557037
Psmd4,0.0002219962051443,-1.9193100748612224,0.0008975854205964
Ctss,3.175359212510915e-05,0.309268035603217,0.0001786139557037
Mcl1,0.0021592442645074,0.2255102552689589,0.0052460512060215
Plekho1,0.4726680955783123,0.132239772282303,0.5534066503660104
Atp1a1,0.0005935583603352,0.7001700277217204,0.0017602661975556
Capza1,0.0690958164642375,-0.1949415996727764,0.10641989589358
Rap1a,0.004096213384139,0.1663149914919883,0.0088140974066192
Atp5f1,0.0003016591251885,-0.318580073834526,0.0010104116329129
Cd53,0.0314201794077955,0.2021583530635906,0.0521988534302862
Psma5,0.0002040915427345,-2.471535963894936,0.0008621826397151
Stxbp3,0.0488002359715315,0.3422818408413196,0.0773480003530399
1810037I17Rik,0.0021592442645074,-0.3895264268340172,0.0052460512060215
Rpl34,1.5876796062554575e-05,-0.165355772239323,0.0001008127848143
Ube2d3,0.1349368897356513,0.0912154620405741,0.1900131712604069
Nfkb1,0.0021592442645074,0.6796105304411668,0.0052460512060215
H2afz,1.5876796062554575e-05,-0.3424304649251296,0.0001008127848143
Eif4e,0.0002462939704825,1.2672761712529304,0.0008975854205964
Sh3glb1,0.0314201794077955,0.1129868814845436,0.0521988534302862
Lyn,3.175359212510915e-05,0.6196056639480899,0.0001786139557037
Rps20,1.5876796062554575e-05,-0.1371711720184336,0.0001008127848143
Sdcbp,1.5876796062554575e-05,0.6897014901790672,0.0001008127848143
Pnrc1,0.0824958323410335,0.1644275404306573,0.1235646692807086
Bag1,0.2025921776311496,-0.1686139263359109,0.2719622618005705
Tln1,0.0007144558228149,-0.1937815021050285,0.0020427120900923
Clta,0.0314201794077955,0.1040691572681889,0.0521988534302862
Anp32b,0.004096213384139,-0.7645309806584285,0.0088140974066192
Sec61b,0.1813447646264983,-0.1552574762051783,0.2459919153190376
Txn1,0.0010637453361911,-0.2641941424049923,0.002889701897527
Gng10,0.0002423343526326,-1.3330842791534274,0.0008975854205964
Ptbp3,0.0095578312296578,0.3196119307132388,0.0184558867960743
Rps6,1.5876796062554575e-05,-0.273284488918865,0.0001008127848143
Jak1,0.0001905215527506,0.4127233562120453,0.0008216241962369
Pde4b,0.0473446058585377,0.2162733390762057,0.0752713779778594
Scp2,0.2379772961816305,0.0892507966211878,0.310209699682604
Uqcrh,0.2379772961816305,-0.0527457675428595,0.310209699682604
Prdx1,0.0095578312296578,-0.1830286451615337,0.0184558867960743
Rps8,3.175359212510915e-05,-0.1349405218738223,0.0001786139557037
Atp6v0b,1.5876796062554575e-05,0.5031150102635293,0.0001008127848143
Cap1,0.0013430421695079,-0.8169881591842914,0.0036199183475017
Zc3h12a,0.0032520819383354,1.0922014481861564,0.0074466920490644
Psmb2,0.0002345546750104,-0.8721399476953267,0.0008975854205964
Sfpq,0.1349368897356513,0.203958448480265,0.1900131712604069
Rnf19b,0.4268635389378423,0.1633633209088031,0.5066556912851683
Khdrbs1,0.0017519219857639,-0.4819370676928096,0.0044442138609451
Laptm5,1.5876796062554575e-05,0.2248686689608409,0.0001008127848143
Atpif1,0.0015241724220052,-0.331755347080128,0.0039241752656104
Dnajc8,0.0003348594455668,-1.5376456806745409,0.001086456194864
Ptafr,0.0095578312296578,0.352342048168016,0.0184558867960743
Cd52,0.004096213384139,-0.2000563945500081,0.0088140974066192
Sh3bgrl3,0.0003016591251885,0.1825605401800697,0.0010104116329129
Tmem50a,1.5876796062554575e-05,0.6689065817180849,0.0001008127848143
Runx3,0.0003016591251885,0.2491488116410722,0.0010104116329129
Clic4,0.004096213384139,0.2944520749896318,0.0088140974066192
Srrm1,6.35071842502183e-05,-0.5111404585678888,0.0003206338326779
Fuca1,0.001641642300541,-1.6882135690271538,0.0041953081013825
Rpl11,1.5876796062554575e-05,-0.2131583302681196,0.0001008127848143
Efhd2,1.5876796062554575e-05,0.3580972771640411,0.0001008127848143
Tnfrsf1b,0.0007144558228149,0.7213901655611307,0.0020427120900923
Park7,0.000277215933798,-2.0688660778873467,0.0009997159981913
Rpl22,1.5876796062554575e-05,-0.1693181766759729,0.0001008127848143
Sri,0.0002462939704825,-0.7735308596129705,0.0008975854205964
Fgl2,0.0095578312296578,-0.6168004553009354,0.0184558867960743
Tomm7,1.5876796062554575e-05,-0.3192124494256022,0.0001008127848143
Rheb,0.004096213384139,-0.3832437736024048,0.0088140974066192
Dnajb6,0.5208065412399778,-0.0318298567829523,0.5982627859970889
Mrpl33,0.0001111375724378,-0.3664689541933097,0.0005158178810453
Fosl2,0.0003016591251885,0.5204132819966738,0.0010104116329129
Wdr1,0.00089067411736,-0.9510144803763588,0.0025118466252523
Rbpj,0.0824958323410335,0.2523210888198743,0.1235646692807086
Rpl9,1.5876796062554575e-05,-0.1909579920028389,0.0001008127848143
Jchain,0.0473446058585377,0.366658294343905,0.0752713779778594
Hnrnpd,1.5876796062554575e-05,-0.8395598826237978,0.0001008127848143
Hnrnpdl,0.0002423343526326,-0.677201006061251,0.0008975854205964
Rpl5,6.35071842502183e-05,-0.2853935478320216,0.0003206338326779
Atp5k,0.0004763038818766,-0.3994797794125589,0.00143724349196
Tpst2,0.0218317488739345,1.3646232779921204,0.0379762354361717
Srsf9,0.0037806282899225,-0.5225731249119954,0.0086188332160127
Cox6a1,0.0001905215527506,-0.3150467483831348,0.0008216241962369
Pxn,0.0002345546750104,3.3050976369430902,0.0008975854205964
Rplp0,1.5876796062554575e-05,-0.1644890676208418,0.0001008127848143
Rpl6,1.5876796062554575e-05,-0.2656706318586685,0.0001008127848143
Erp29,0.0824958323410335,-0.2235905599435008,0.1235646692807086
Arpc3,0.4726680955783123,-0.018176221749856,0.5534066503660104
Rsrc2,0.1152655394141462,-0.1632344520876358,0.165924663829821
Rilpl2,1.5876796062554575e-05,0.5591153293792099,0.0001008127848143
Ubc,0.0007144558228149,0.3666911477847097,0.0020427120900923
Ran,0.3837421608319441,-0.1381104137858651,0.4650739302822742
Chchd2,0.0123997777248551,-0.1004229866464697,0.0229174463307589
Eif4h,0.0022206758115434,-1.394219452212663,0.0053826685361766
Mdh2,0.001641642300541,-1.2325582485934214,0.0041953081013825
Gnb2,0.004096213384139,-0.2062797571939058,0.0088140974066192
Actb,1.5876796062554575e-05,-0.2478383020310008,0.0001008127848143
Rac1,0.1813447646264983,0.0410957845727428,0.2459919153190376
Bri3,0.0004763038818766,0.3007084615439166,0.00143724349196
Arpc1b,3.175359212510915e-05,-0.1581776520851662,0.0001786139557037
Atp5j2,6.35071842502183e-05,-0.3557650415984925,0.0003206338326779
Rpl21,1.5876796062554575e-05,-0.2977831541218417,0.0001008127848143
Pomp,0.0003016591251885,-0.3844700670846245,0.0010104116329129
Hmgb1,0.0001111375724378,-0.504804705091362,0.0005158178810453
Sem1,0.3837421608319441,0.0441364663762214,0.4650739302822742
Ndufa4,0.0201317774073192,-0.2567979969968082,0.035132484652937
Capza2,0.0015241724220052,0.2170506492102555,0.0039241752656104
Arf5,0.0252441057394617,-0.1901778638419513,0.0428322121972833
Hilpda,0.0004256089954081,3.64746605480521,0.0013680289138117
Irf5,0.6784313725490196,0.0029493882140884,0.7201809954751132
Luc7l2,0.0824958323410335,-0.1425597078880121,0.1235646692807086
Kdm7a,0.0002345546750104,1.114728616052097,0.0008975854205964
Mkrn1,0.0038003384534461,-0.3440756154595832,0.0086447259325642
Tmem176b,0.0003168535922656,1.860080121174453,0.0010544806044851
Tmem176a,0.0003269429143729,1.9357164109322127,0.0010708415075188
Tra2a,0.0061455131856455,-0.4160856256800713,0.0126202502919505
Hnrnpa2b1,0.0004763038818766,-0.181594993744758,0.00143724349196
Skap2,0.0002345546750104,-1.0055633642236326,0.0008975854205964
Tax1bp1,0.0573787409700722,-0.0833613533765964,0.0897084545378017
Creb5,0.0367103646724126,2.539383795249765,0.060405766988787
Serbp1,0.0095578312296578,-0.180211900214698,0.0184558867960743
Igkc,0.0015241724220052,0.2101619283483397,0.0039241752656104
Tmsb10,1.5876796062554575e-05,-0.8683813436144893,0.0001008127848143
Dusp11,0.0482901904027378,-0.326685836587845,0.0766569740288859
Snrpg,1.5876796062554575e-05,-0.441509756491007,0.0001008127848143
Pcbp1,0.0073033261887751,0.1743899102778182,0.0144807329605023
Mxd1,0.0003016591251885,-1.018182566054496,0.0010104116329129
Rab7,0.0314201794077955,0.157045041104631,0.0521988534302862
Rpn1,0.0059733731716288,1.2714651725336248,0.0122911356513634
Slc6a6,0.0001111375724378,0.5409208214480304,0.0005158178810453
Foxp1,0.0069063949580851,0.8988401321563169,0.0141267169597195
Ppp4r2,0.0007869050746109,0.8655705145281181,0.0022313609649925
Bhlhe40,0.0002462939704825,-0.8457333546930733,0.0008975854205964
Arpc4,0.0001111375724378,-0.4265486571503664,0.0005158178810453
Rpl32,1.5876796062554575e-05,-0.208533088371381,0.0001008127848143
Hnrnpf,0.7344923394458999,0.0096611403946523,0.752672842897531
Atp6v1e1,0.0004763038818766,0.7180475158327934,0.00143724349196
Grcc10,0.0184394950081998,-0.3778809509068415,0.0330188189160671
Ptms,0.0473446058585377,-0.2061355034949841,0.0752713779778594
Chd4,0.0201317774073192,-0.2455744614817264,0.035132484652937
Gapdh,6.35071842502183e-05,-0.2735071436797005,0.0003206338326779
Cd9,0.2096116245803212,-0.3223653938375505,0.2777823706026023
Clec2d,0.0073033261887751,0.3363476196660656,0.0144807329605023
H2afj,0.1813447646264983,-0.0853150541710628,0.2459919153190376
Rps9,1.5876796062554575e-05,-0.1250540627923773,0.0001008127848143
Rpl28,1.5876796062554575e-05,-0.2156983660563123,0.0001008127848143
Rps5,1.5876796062554575e-05,-0.2267944867566426,0.0001008127848143
Chmp2a,6.35071842502183e-05,-0.450269409521175,0.0003206338326779
Tmem160,0.015860919266492,-0.2677271506136431,0.0285000893069778
Ap2s1,0.0004386095771341,-0.4990974695909578,0.0013968028071809
Calm3,0.0003853413810254,-0.4283927236173898,0.001246338529254
Snrpd2,0.0004386095771341,-0.6910539742877977,0.0013968028071809
Vasp,0.0015241724220052,-0.5659432629785549,0.0039241752656104
Plaur,0.0002423343526326,1.4616043339807456,0.0008975854205964
Rps19,1.5876796062554575e-05,-0.2305500283439005,0.0001008127848143
Tgfb1,1.5876796062554575e-05,1.015818930909442,0.0001008127848143
Rps16,1.5876796062554575e-05,-0.1476558370374284,0.0001008127848143
Zfp36,1.5876796062554575e-05,0.4789192736798686,0.0001008127848143
Gmfg,0.015860919266492,-0.1892531714730952,0.0285000893069778
Eif3k,1.5876796062554575e-05,-0.4887850351687664,0.0001008127848143
Psmd8,0.0002462939704825,-0.7064752180461917,0.0008975854205964
Psenen,0.0147089871357653,-0.4028508739790081,0.0270886150987848
Cox6b1,0.0029848376597602,-0.1657642942736263,0.0068499046072102
Gpi1,0.0252441057394617,-0.268997182981418,0.0428322121972833
Pdcd5,0.0065360274816589,-2.5513852519837728,0.0133956206802316
Rps11,1.5876796062554575e-05,-0.2585693179179658,0.0001008127848143
Rpl13a,6.35071842502183e-05,-0.1532004628387245,0.0003206338326779
Snrnp70,0.038707628800508,-0.1843908244068101,0.0627937238378147
Ftl1,1.5876796062554575e-05,0.2661511132646802,0.0001008127848143
Bax,0.004096213384139,-0.4392421859794342,0.0088140974066192
Ppp1r15a,0.022796347982707,0.4540565032002612,0.0393893491854787
Rpl18,1.5876796062554575e-05,-0.2497454886869885,0.0001008127848143
Emp3,0.0003269429143729,3.358334766099878,0.0010708415075188
Spty2d1,0.3713264582342768,-0.2449104018505423,0.4586191936425733
Akap13,0.0015241724220052,-0.2621564793596092,0.0039241752656104
Iqgap1,0.6238787012780821,0.0187487840007002,0.6840195506597616
Rps17,0.0003016591251885,-0.2184440160175532,0.0010104116329129
Tm6sf1,0.0054771689693262,0.7170351778342319,0.0113259749760185
Ctsc,6.35071842502183e-05,0.7193579731663551,0.0003206338326779
Picalm,0.0314201794077955,0.1629484900514177,0.0521988534302862
Rps3,1.5876796062554575e-05,-0.2030268700478479,0.0001008127848143
Ucp2,0.0001111375724378,0.268672930552305,0.0005158178810453
Taf10,0.0001111375724378,-0.5793940313632548,0.0005158178810453
Eif3f,1.5876796062554575e-05,-0.3715206604115701,0.0001008127848143
Rpl27a,1.5876796062554575e-05,-0.1602930975886587,0.0001008127848143
Eif4g2,1.5876796062554575e-05,0.4606011907978801,0.0001008127848143
Rps13,0.0001905215527506,-0.1131762178466652,0.0008216241962369
Rps15a,1.5876796062554575e-05,-0.1718637060859976,0.0001008127848143
Arl6ip1,0.0054933714376438,0.2794328801067769,0.0113259749760185
Eif3c,3.175359212510915e-05,-0.4068199276063573,0.0001786139557037
Bola2,0.0821176473869336,0.3388220510830869,0.1235646692807086
Coro1a,0.0004763038818766,-0.4105985105218873,0.00143724349196
Gdpd3,0.0003016591251885,1.273270657174558,0.0010104116329129
Aldoa,0.0690958164642375,-0.1293907024531974,0.10641989589358
Pycard,0.0008074274754744,-3.247811742817412,0.0022832990085136
Itgax,0.2013144812161835,-0.5380136634181436,0.2716564381470012
Rgs10,0.0026120715148522,0.3159551824744885,0.0062580880043333
Ifitm2,0.0021592442645074,-0.2661099520979622,0.0052460512060215
Ifitm3,0.0003016591251885,-1.142536219834429,0.0010104116329129
Rnh1,0.0073033261887751,0.2431281615060709,0.0144807329605023
Taldo1,0.0073033261887751,-0.4553376451466357,0.0144807329605023
Rplp2,3.175359212510915e-05,-0.1227931167739974,0.0001786139557037
Lamp1,1.5876796062554575e-05,0.7425473822430737,0.0001008127848143
Ikbkb,0.0002040915427345,-3.290864689168451,0.0008621826397151
Asah1,0.0004763038818766,0.4842983308489663,0.00143724349196
Hmgb2,0.0002462939704825,-1.0322795153835456,0.0008975854205964
Ndufa13,0.0003016591251885,-0.3523791943071199,0.0010104116329129
Uba52,0.0002040915427345,-3.057698436796251,0.0008621826397151
Jund,0.0824958323410335,0.2191771164848391,0.1235646692807086
Ifi30,6.35071842502183e-05,-0.2130983524254205,0.0003206338326779
Rpl18a,1.5876796062554575e-05,-0.254229564511327,0.0001008127848143
Pgls,0.000577576792485,-1.0996513083767625,0.0017277224861906
Tpm4,0.0003016591251885,-0.4089820354185546,0.0010104116329129
Ndufb7,0.0001905215527506,-0.4367621969155903,0.0008216241962369
D8Ertd738e,0.0690958164642375,-0.1609094326788957,0.10641989589358
Calr,0.0010637453361911,0.2743231429407051,0.002889701897527
Junb,1.5876796062554575e-05,0.2807393021258603,0.0001008127848143
Snx20,0.0123997777248551,-0.4517748466379222,0.0229174463307589
Lpcat2,0.090108576081082,1.4681110059646612,0.1343838274408067
Mt1,0.0054933714376438,0.3934314940441643,0.0113259749760185
Herpud1,0.0223375101482305,-0.5752557569805526,0.0387258341765805
Atp6v0d1,0.0013600451325973,0.5756066384803096,0.0036467531405134
Psmb10,0.0002040915427345,-2.2313791381544643,0.0008621826397151
Ist1,0.1425303019847767,0.5039801989026624,0.2001612789067081
Gabarapl2,0.0003005389112932,-1.884128578845982,0.0010104116329129
Cox4i1,0.0824958323410335,-0.0436161881493995,0.1235646692807086
Irf8,0.1568627450980392,0.2967192426515082,0.2161823451084828
Map1lc3b,0.0029848376597602,0.27185209594305,0.0068499046072102
Aprt,0.0002423343526326,1.6097172087903455,0.0008975854205964
Rpl13,1.5876796062554575e-05,-0.1399486866692212,0.0001008127848143
Irf2bp2,0.0010637453361911,0.3634732396565114,0.002889701897527
Tmem123,0.0201317774073192,-0.2717084930101264,0.035132484652937
Cwc15,0.0002040915427345,-2.884387081291763,0.0008621826397151
Ubl5,6.35071842502183e-05,-0.2809518521913768,0.0003206338326779
Hspa8,0.0201317774073192,-0.2178077842270324,0.035132484652937
Rps25,6.35071842502183e-05,-0.2167117908157858,0.0003206338326779
Ddx6,0.0314201794077955,0.211907231714427,0.0521988534302862
Atp5l,1.5876796062554575e-05,-0.2031816058288743,0.0001008127848143
Psma4,0.0003269429143729,-1.026144816495092,0.0010708415075188
Cox5a,0.0003016591251885,-0.2452085945039634,0.0010104116329129
Nptn,0.0315432613391559,0.7447483559863015,0.0523193517404268
Hexa,1.5876796062554575e-05,1.2402087876758718,0.0001008127848143
Pkm,0.3053901722632373,0.1202445138782375,0.3835908110345274
Rpl4,1.5876796062554575e-05,-0.3369185991724355,0.0001008127848143
Dennd4a,0.0021592442645074,-0.5427000512553259,0.0052460512060215
Plekho2,0.0010374103461443,0.6123241974691884,0.002889701897527
Ppib,1.5876796062554575e-05,-0.3788024488118776,0.0001008127848143
Rab8b,0.038707628800508,0.334374792404452,0.0627937238378147
Rps27l,0.0314201794077955,-0.205389185028721,0.0521988534302862
Arpp19,0.0002219962051443,-1.8238793796581043,0.0008975854205964
Eef1a1,1.5876796062554575e-05,-0.0883008135116647,0.0001008127848143
Cox7a2,0.0001111375724378,-0.28889957465729,0.0005158178810453
Syncrip,0.038707628800508,0.2895567841084554,0.0627937238378147
Bcl2a1d,0.0002423343526326,-0.6897598572969528,0.0008975854205964
Bcl2a1b,0.0252441057394617,-0.1408606517297722,0.0428322121972833
Ctsh,0.0015241724220052,-0.1809766713564062,0.0039241752656104
Atp1b3,0.0015241724220052,0.5074031343600766,0.0039241752656104
Rpl29,0.0002345546750104,-1.0168155393831868,0.0008975854205964
Manf,0.0029848376597602,0.4543308886598863,0.0068499046072102
Gnai2,1.5876796062554575e-05,-0.1655556630184598,0.0001008127848143
Rhoa,0.0473446058585377,-0.0962220855032604,0.0752713779778594
Gpx1,0.015860919266492,-0.1660392336506642,0.0285000893069778
Tma7,1.5876796062554575e-05,-0.3047756234312572,0.0001008127848143
Rpsa,1.5876796062554575e-05,-0.2823146467429813,0.0001008127848143
Rpl14,1.5876796062554575e-05,-0.3236064432680033,0.0001008127848143
Ccr1,0.0002423343526326,2.624368434494013,0.0008975854205964
Ccr5,0.0004386095771341,1.6334984469396616,0.0013968028071809
Tab2,0.0119353940509598,-0.6998543985760399,0.0227917580124416
Abracl,0.0073033261887751,-0.2432112039923357,0.0144807329605023
Rps12,0.0001111375724378,-0.1114331002813752,0.0005158178810453
Stx7,0.0010374103461443,-0.6471487553385291,0.002889701897527
Epb41l2,3.175359212510915e-05,0.7410455233178391,0.0001786139557037
Marcks,0.004096213384139,0.440912237280288,0.0088140974066192
Cd164,0.0003016591251885,0.5737286810410883,0.0010104116329129
Snx3,0.0201317774073192,0.1830297610335032,0.035132484652937
Lilr4b,0.0473446058585377,0.5108723744023724,0.0752713779778594
Lilrb4a,0.1152655394141462,0.2442106470929873,0.165924663829821
Man1a,0.0029848376597602,0.9018479378116002,0.0068499046072102
Serinc1,0.0573787409700722,0.2322089653196407,0.0897084545378017
Psap,1.5876796062554575e-05,1.0056385588758534,0.0001008127848143
Sgpl1,0.0002462939704825,1.0661779556704616,0.0008975854205964
Sar1a,0.0367103646724126,-1.4012679518467903,0.060405766988787
Srgn,0.1349368897356513,-0.0627003501421211,0.1900131712604069
Ddx21,0.5087557841299859,-0.1255081485516126,0.5916429624432982
Specc1l,0.0002345546750104,3.4745652244473453,0.0008975854205964
Mif,0.0473446058585377,-0.1853951601912103,0.0752713779778594
Itgb2,0.0095578312296578,0.3767960345705319,0.0184558867960743
Cstb,1.5876796062554575e-05,1.0448765420172328,0.0001008127848143
Bsg,0.0123997777248551,0.3254531338074952,0.0229174463307589
Gpx4,0.0201317774073192,0.1919764650620734,0.035132484652937
Atp5d,0.0004763038818766,-0.2036784324748471,0.00143724349196
Rps15,1.5876796062554575e-05,-0.2832161971459819,0.0001008127848143
Oaz1,0.0004763038818766,-0.1321499894288362,0.00143724349196
Gadd45b,0.3837421608319441,0.1474075311863837,0.4650739302822742
Tle5,0.0003269429143729,-0.5792906999231665,0.0010708415075188
Txnrd1,0.004096213384139,0.5180719820814873,0.0088140974066192
Hsp90b1,3.175359212510915e-05,0.5402277504068436,0.0001786139557037
Snrpf,0.0573787409700722,-0.2292306881419162,0.0897084545378017
Ube2n,0.0015241724220052,-0.3528043653859882,0.0039241752656104
Atp2b1,1.5876796062554575e-05,0.9571163248346812,0.0001008127848143
Nap1l1,1.5876796062554575e-05,-0.5908312124472687,0.0001008127848143
Atxn7l3b,0.0966610330578377,-0.3550832534994457,0.1435353934216097
Cct2,0.0029848376597602,-0.5626382665987562,0.0068499046072102
Lyz2,1.5876796062554575e-05,1.7482588792741458,0.0001008127848143
Rap1b,0.0010637453361911,0.2680532679490275,0.002889701897527
Llph,0.0073033261887751,-0.261931142756113,0.0144807329605023
Gns,0.0010637453361911,0.8446312776339169,0.002889701897527
Rassf3,0.2023371148299164,0.3037164350713713,0.2719622618005705
Naca,1.5876796062554575e-05,-0.261756256693547,0.0001008127848143
Ptges3,0.1152655394141462,-0.1675356950395139,0.165924663829821
Atp5b,0.004096213384139,-0.23808509995042,0.0088140974066192
Myl6,0.0001905215527506,-0.1111439650514188,0.0008216241962369
Rpl41,0.0004763038818766,-0.09369906557457,0.00143724349196
Rps26,1.5876796062554575e-05,-0.2669438652549137,0.0001008127848143
Uqcr10,0.1349368897356513,-0.2037729654960166,0.1900131712604069
Ppia,0.004096213384139,-0.1934304481705703,0.0088140974066192
Sec61g,0.0001111375724378,-0.2013065601204422,0.0005158178810453
Plek,0.0001111375724378,0.3605352541479526,0.0005158178810453
Actr2,0.0015241724220052,-0.2328217794385232,0.0039241752656104
Rab1a,0.0029848376597602,0.42623729916135,0.0068499046072102
Cct4,0.0024059978987341,-1.824455727645888,0.0057911809888134
Rel,0.2082876875446535,-0.0723234210398463,0.276381739241944
Rps27a,1.5876796062554575e-05,-0.1680733238058269,0.0001008127848143
Rtn4,0.0123997777248551,0.4095002260224643,0.0229174463307589
Npm1,0.0021592442645074,-0.2329741014350335,0.0052460512060215
Havcr2,0.2790896659545502,-0.1871903156993498,0.3579402778970997
Rack1,0.0010637453361911,-0.1198515093186665,0.002889701897527
Rnf130,0.0003016591251885,0.6065201129900988,0.0010104116329129
Sqstm1,3.175359212510915e-05,0.6136822806001201,0.0001786139557037
Canx,1.5876796062554575e-05,0.6427511249908622,0.0001008127848143
Ppp2ca,1.5876796062554575e-05,0.3698639675819848,0.0001008127848143
Uqcrq,0.0201317774073192,-0.1092464601956585,0.035132484652937
Fnip1,0.0022988170023958,0.9673152609344948,0.005546096963822
Cdc42se2,0.004096213384139,0.4442218223240042,0.0088140974066192
Hint1,0.0029848376597602,-0.2341613707073731,0.0068499046072102
Gm2a,0.2379772961816305,-0.0971713997539787,0.310209699682604
Atox1,0.0001111375724378,-0.3150057500054212,0.0005158178810453
Nlrp3,1.5876796062554575e-05,0.8889124282629626,0.0001008127848143
Ubb,1.5876796062554575e-05,-0.3291902412561212,0.0001008127848143
2410006H16Rik,0.0005684668718268,-3.177871927007693,0.0017054006154804
Rpl26,1.5876796062554575e-05,-0.165392023810812,0.0001008127848143
Kdm6b,0.0029848376597602,0.4094289169876403,0.0068499046072102
Cd68,0.0001111375724378,0.772695475850476,0.0005158178810453
Eif4a1,0.0021592442645074,0.1631905152676286,0.0052460512060215
Eif5a,6.35071842502183e-05,-0.3154206362647448,0.0003206338326779
Gabarap,0.0123997777248551,0.1128887720049791,0.0229174463307589
Rnasek,0.0252441057394617,-0.1924346487831262,0.0428322121972833
Cxcl16,0.0824958323410335,0.1401350487596049,0.1235646692807086
Psmb6,0.0003320731849167,-0.556968186937224,0.0010808042339269
Pfn1,1.5876796062554575e-05,-0.3316912005878436,0.0001008127848143
Pitpna,0.2702706993728666,0.0505561919541012,0.3470597690458026
Rpl23a,0.0015241724220052,-0.2512966204275438,0.0039241752656104
Evi2a,0.090108576081082,-0.838116210454726,0.1343838274408067
Slfn2,1.5876796062554575e-05,0.6542446087332188,0.0001008127848143
Vmp1,0.022796347982707,-0.3794312079813907,0.0393893491854787
Cltc,1.5876796062554575e-05,0.6978708462528583,0.0001008127848143
Scpep1,0.7575324115669454,0.0555735255839343,0.7716988641454611
Nme2,0.0054933714376438,-0.2333817241820173,0.0113259749760185
Spag9,0.4268635389378423,-0.081608510849155,0.5066556912851683
Atp5g1,0.0025720409621338,-0.4381418445801012,0.0061764788765858
Rpl23,0.0001905215527506,-0.1000731931558193,0.0008216241962369
Lasp1,0.0022725832923102,1.6475412272779606,0.0054956161391146
Rpl19,1.5876796062554575e-05,-0.1840588790745743,0.0001008127848143
Eif1,0.0054933714376438,0.1349400632610571,0.0113259749760185
Rpl27,1.5876796062554575e-05,-0.2487709737640552,0.0001008127848143
Lsm12,0.4268635389378423,-0.0446306483030567,0.5066556912851683
Grn,3.175359212510915e-05,0.869426708897851,0.0001786139557037
Ddx5,0.5208065412399778,0.0255690990390624,0.5982627859970889
Gna13,1.5876796062554575e-05,0.513305075266548,0.0001008127848143
Prkar1a,0.0824958323410335,0.1834925287164729,0.1235646692807086
Rpl38,0.0004763038818766,-0.1087825780459328,0.00143724349196
Cd300c2,0.0003016591251885,0.5673503120830716,0.0010104116329129
Atp5h,0.0003016591251885,-0.2323662324395183,0.0010104116329129
Jpt1,0.0004763038818766,-0.5114685378725994,0.00143724349196
Sumo2,1.5876796062554575e-05,-0.5930990168704859,0.0001008127848143
Srsf2,0.1813447646264983,0.1643118820925877,0.2459919153190376
Syngr2,0.0001111375724378,-0.3106172268581962,0.0005158178810453
Socs3,0.004096213384139,0.6491499085570192,0.0088140974066192
Cyth1,0.0002423343526326,1.1628477633340049,0.0008975854205964
Actg1,0.0007144558228149,-0.1416515610720863,0.0020427120900923
P4hb,0.0015241724220052,0.5389739387287434,0.0039241752656104
Sf3b6,0.003760918126399,-0.5194328159390716,0.0085928261828321
Laptm4a,3.175359212510915e-05,0.6677495970816796,0.0001786139557037
Pdia6,0.0123997777248551,0.2579692604177525,0.0229174463307589
Adam17,0.0020203268737022,0.7872241003183453,0.0051125631156033
Id2,0.7344923394458999,0.0294487424942649,0.752672842897531
Rps7,1.5876796062554575e-05,-0.2410354440834048,0.0001008127848143
Tspan13,0.0179963483369056,-0.3312826436605429,0.0322811447637734
Nfkbia,0.0004763038818766,0.3585929815307169,0.00143724349196
Rpl36al,0.0021592442645074,-0.1553522589944957,0.0052460512060215
Psma3,1.5876796062554575e-05,-0.6426030953366414,0.0001008127848143
Hif1a,0.0007144558228149,0.3959792430628637,0.0020427120900923
Atp6v1d,0.2968939270753236,0.2008395633135855,0.3793644623740245
Srsf5,0.0473446058585377,-0.2012464402054136,0.0752713779778594
Rbm25,0.0978804477256489,-0.1289288993849388,0.1447232334229237
Npc2,1.5876796062554575e-05,0.508301901052746,0.0001008127848143
Tmed10,0.004096213384139,0.1840605688977789,0.0088140974066192
Fos,1.5876796062554575e-05,1.698853776576478,0.0001008127848143
Foxn3,0.0403722919623584,1.553622147606888,0.0653917405024114
Calm1,0.0029848376597602,-0.1629055137315898,0.0068499046072102
Ndufb1-ps,0.0054933714376438,-0.2537231098421048,0.0113259749760185
Lgmn,1.5876796062554575e-05,1.7891896691874607,0.0001008127848143
Ddx24,0.069716785684335,-0.3961437096433027,0.1072167506438138
Hsp90aa1,0.0004763038818766,0.2204846597315407,0.00143724349196
Tnfaip2,0.0201317774073192,0.4226669353135538,0.035132484652937
Eif5,1.5876796062554575e-05,0.4414283335254932,0.0001008127848143
Atp5mpl,0.0073033261887751,-0.1982556017778552,0.0144807329605023
Igha,3.175359212510915e-05,0.4465834984504471,0.0001786139557037
Gdi2,0.0824958323410335,-0.0967671351818798,0.1235646692807086
Klf6,0.3053901722632373,0.1357529733970164,0.3835908110345274
Larp4b,0.0021592442645074,0.473033491783829,0.0052460512060215
Gpr137b,0.0147089871357653,-0.4929643222056078,0.0270886150987848
Psma2,1.5876796062554575e-05,-0.6619011171317889,0.0001008127848143
BC005537,1.5876796062554575e-05,0.6783458143747251,0.0001008127848143
Uqcrfs1,0.001641642300541,-0.5623456085165766,0.0041953081013825
Ly86,0.0201317774073192,0.3816035840232326,0.035132484652937
Tmem14c,0.015049240840804,-0.3834597034773436,0.0275680783543931
Cd83,0.3053901722632373,0.1119610860889101,0.3835908110345274
Ninj1,0.0002423343526326,1.7432571867428044,0.0008975854205964
Card19,0.0002423343526326,2.3736717795940656,0.0008975854205964
Sema4d,0.090108576081082,0.7939786956146135,0.1343838274408067
Syk,1.5876796062554575e-05,1.0483743365861131,0.0001008127848143
Prelid1,0.0004256089954081,-0.6856068732807198,0.0013680289138117
H2afy,1.5876796062554575e-05,-0.876330851239718,0.0001008127848143
Hnrnpa0,0.0573787409700722,0.1889728905523114,0.0897084545378017
Hnrnpk,0.0252441057394617,0.095923951705972,0.0428322121972833
Uqcrb,0.004096213384139,-0.3222861707974691,0.0088140974066192
Ndufs6,0.0002219962051443,-2.8538757796368586,0.0008975854205964
Cox7c,0.0001111375724378,-0.2204532280526119,0.0005158178810453
Rps23,1.5876796062554575e-05,-0.1515110652591887,0.0001008127848143
Tbca,0.0001905215527506,-0.3984862127778398,0.0008216241962369
Nsa2,1.5876796062554575e-05,-0.4743994973833341,0.0001008127848143
Hexb,0.0223375101482305,1.3289540006092522,0.0387258341765805
Btf3,3.175359212510915e-05,-0.2312292967338929,0.0001786139557037
Pik3r1,0.4726680955783123,0.1963938397266211,0.5534066503660104
Erbin,0.0105995443391097,1.6832705858608588,0.0203534849554332
Gpbp1,0.015860919266492,-0.3216267181636872,0.0285000893069778
Snx18,1.5876796062554575e-05,0.59569559340314,0.0001008127848143
Rpl15,1.5876796062554575e-05,-0.3306084207150089,0.0001008127848143
Rtraf,0.0012547060309404,-0.9605642945855886,0.0033995307382809
Vdac2,0.0029848376597602,-0.3295155013438953,0.0068499046072102
Rps24,1.5876796062554575e-05,-0.1292036715552413,0.0001008127848143
Prkcd,0.0005851107704714,0.7099711232862804,0.0017402001363158
Timm23,0.0201629911921204,-0.4726772173832189,0.035132484652937
Glud1,0.3792549761626181,-0.0835598502184919,0.4650739302822742
Lgals3,1.5876796062554575e-05,0.7411309414242306,0.0001008127848143
Hnrnpc,0.004096213384139,-0.2982237624361384,0.0088140974066192
Mrpl52,0.0201317774073192,-0.1765598763191468,0.035132484652937
Psme1,1.5876796062554575e-05,-0.7050436657147721,0.0001008127848143
Psme2,1.5876796062554575e-05,-1.0376656622040394,0.0001008127848143
Nedd8,0.0007144558228149,-0.4315303028520276,0.0020427120900923
Ctsb,1.5876796062554575e-05,1.1825074843906287,0.0001008127848143
Itm2b,3.175359212510915e-05,0.638836340424882,0.0001786139557037
Lcp1,0.0001905215527506,-0.281206739538203,0.0008216241962369
Kctd12,1.5876796062554575e-05,0.9661979633837842,0.0001008127848143
Gm10076,0.0054933714376438,-0.3966923771210511,0.0113259749760185
Gpr183,0.0029848376597602,0.6436039312539877,0.0068499046072102
Rpl37,1.5876796062554575e-05,-0.188902185106826,0.0001008127848143
Fyb,0.0001905215527506,0.6950232848524782,0.0008216241962369
Sub1,1.5876796062554575e-05,-0.3703833191343394,0.0001008127848143
Cct5,0.0002588227880259,-0.7195307947495901,0.000939935388094
Rpl30,1.5876796062554575e-05,-0.1463884658267755,0.0001008127848143
Cox6c,0.0001111375724378,-0.1717474281140237,0.0005158178810453
Pabpc1,6.35071842502183e-05,0.2126066226587649,0.0003206338326779
Ywhaz,0.052361673414305,0.125853535241557,0.0828659510455744
Eif3e,0.0123997777248551,-0.3101807561844236,0.0229174463307589
Trps1,0.0252441057394617,0.286861283412753,0.0428322121972833
Eif3h,1.5876796062554575e-05,-0.5938638301515711,0.0001008127848143
Ndufb9,0.0007144558228149,-0.2477723953534641,0.0020427120900923
Fam49b,1.5876796062554575e-05,-0.4016781026671224,0.0001008127848143
Ago2,0.0978804477256489,0.3027938142986197,0.1447232334229237
Eef1d,0.0001905215527506,-0.5210871728688256,0.0008216241962369
Rpl8,0.0003016591251885,-0.1778255978110903,0.0010104116329129
Myh9,1.5876796062554575e-05,-0.4746499123452868,0.0001008127848143
Ncf4,0.1152655394141462,0.403186719833411,0.165924663829821
Csf2rb2,0.2082876875446535,0.3912310932369676,0.276381739241944
Csf2rb,0.0073033261887751,0.3054867191157976,0.0144807329605023
Rpl3,1.5876796062554575e-05,-0.1516536774864736,0.0001008127848143
Atf4,0.0004763038818766,0.3413199740358953,0.00143724349196
Rbx1,0.0010637453361911,-0.5681103534485892,0.002889701897527
Snu13,0.0073033261887751,-0.4077440801409245,0.0144807329605023
Smdt1,0.004096213384139,-0.3896382986397458,0.0088140974066192
Ndufa6,0.0003016591251885,-0.5931595213797077,0.0010104116329129
Poldip3,0.0021358168527197,-0.6380854265760227,0.0052460512060215
Tspo,1.5876796062554575e-05,-0.6832066672148487,0.0001008127848143
Zcrb1,0.0088116873156729,-1.7448390443559505,0.0174047640681707
Slc38a1,0.0758721322565368,0.3935134173846936,0.1165098766847412
Tmbim6,0.038707628800508,0.1423344395862261,0.0627937238378147
Dazap2,0.0123997777248551,0.1997220261774705,0.0229174463307589
Eif4b,0.0047032888980492,-0.5524010550301992,0.0100576529121506
Pfdn5,1.5876796062554575e-05,-0.2001207856565253,0.0001008127848143
Prr13,0.0009971025540068,-0.8007420225194977,0.0028043509331441
Atp5g2,6.35071842502183e-05,-0.2049506392744305,0.0003206338326779
Hnrnpa1,1.5876796062554575e-05,-0.6301107022993655,0.0001008127848143
Litaf,0.0001111375724378,0.4512034415075953,0.0005158178810453
Gspt1,0.2166433052467157,-1.27150561314839,0.286367587395084
Ranbp1,0.0120318597994687,-0.592259683577415,0.0229174463307589
Tra2b,0.0314201794077955,0.2276908846064753,0.0521988534302862
Ccdc50,0.0005414641473833,-0.8712901360882693,0.0016291145132026
Ppp1r2,0.0017100293456709,-0.6081065065578004,0.0043593112629787
Pak2,0.0073033261887751,-0.2325334977996216,0.0144807329605023
Nrros,0.0029639058244674,0.7114739154115262,0.0068499046072102
Rpl35a,0.0004763038818766,-0.090798590210641,0.00143724349196
Cd86,0.015860919266492,-0.2581688030696829,0.0285000893069778
Cox17,0.0003016591251885,-0.4612041748464408,0.0010104116329129
Atp6v1a,0.0102121639484016,0.6602048295452445,0.0196826623586511
Cd47,0.0001905215527506,-0.4669923837266926,0.0008216241962369
Rpl24,1.5876796062554575e-05,-0.187370140779985,0.0001008127848143
Cggbp1,0.0577801196730283,-0.267309755105213,0.090199734331198
Atp5j,6.35071842502183e-05,-0.3006013941413611,0.0003206338326779
App,0.0573787409700722,0.1570053138328297,0.0897084545378017
Cct8,0.0051351318928053,-1.6946496346370816,0.0109359290309742
Bach1,1.5876796062554575e-05,1.0984605847426931,0.0001008127848143
Sod1,0.0335975653949324,-0.3773456378163983,0.0554600959868501
Synj1,0.0325325182293942,-0.3351619290586179,0.0537877897243178
Ifnar2,0.0004763038818766,0.4651260825838776,0.00143724349196
Ifnar1,0.0314201794077955,0.3065088477750115,0.0521988534302862
Ifngr2,0.0824958323410335,0.3134143381138958,0.1235646692807086
Atp5o,0.0201317774073192,-0.2588180120338597,0.035132484652937
Runx1,0.0054933714376438,1.0160128327945044,0.0113259749760185
Mpc1,0.2974397791804603,-0.1227950154047742,0.3795933063523753
Qk,0.0123997777248551,0.3908087392763301,0.0229174463307589
Tcp1,0.015049240840804,-0.4262504304284116,0.0275680783543931
Sod2,0.0010637453361911,0.6382185163304519,0.002889701897527
Psmb1,1.5876796062554575e-05,-0.5911425998787783,0.0001008127848143
Elob,1.5876796062554575e-05,-0.3138733422515053,0.0001008127848143
Atp6v0c,1.5876796062554575e-05,0.358994939022453,0.0001008127848143
Ndufb10,0.015049240840804,-0.4052450471401249,0.0275680783543931
Ube2i,0.0003320731849167,-0.6617639157046984,0.0010808042339269
Dusp1,0.0006540070915751,1.1642495986311472,0.001933992399372
Atp6v0e,0.2702706993728666,-0.0605524124768015,0.3470597690458026
Rps10,1.5876796062554575e-05,-0.1456935284990765,0.0001008127848143
Rpl10a,1.5876796062554575e-05,-0.2218469542127762,0.0001008127848143
Srsf3,1.5876796062554575e-05,-0.4360205592170205,0.0001008127848143
Cdkn1a,0.0252441057394617,0.2102175303148824,0.0428322121972833
Ndufv3,0.0045475302289993,-0.5903659456541634,0.0097447076335699
U2af1,0.0002219962051443,-2.0393404982024634,0.0008975854205964
Brd4,0.0946475624588327,-0.3177296491854687,0.1407474527943848
Rps28,0.0824958323410335,-0.0425626332513021,0.1235646692807086
Ndufa7,0.0001905215527506,-0.3898698326990422,0.0008216241962369
Tapbp,0.0054933714376438,-0.208732833297482,0.0113259749760185
Rps18,1.5876796062554575e-05,-0.235123755443495,0.0001008127848143
Brd2,0.0073033261887751,0.3702294374344989,0.0144807329605023
H2-DMa,0.0095578312296578,0.152264758589003,0.0184558867960743
H2-DMb1,0.004096213384139,0.3929466926910874,0.0088140974066192
Psmb9,0.0002423343526326,-1.40389292823392,0.0008975854205964
Psmb8,1.5876796062554575e-05,-0.759425481024804,0.0001008127848143
H2-Aa,0.0001905215527506,0.1213332927907386,0.0008216241962369
H2-Eb1,0.0473446058585377,0.050841513600243,0.0752713779778594
Clic1,0.0004763038818766,-0.5778585069379899,0.00143724349196
Aif1,1.5876796062554575e-05,0.5206301897266952,0.0001008127848143
Lst1,1.5876796062554575e-05,0.9167096803734291,0.0001008127848143
H2-D1,0.0252441057394617,-0.0595592147729377,0.0428322121972833
H2-Q7,1.5876796062554575e-05,-0.7518403644466892,0.0001008127848143
Ier3,0.0002462939704825,1.66479548247225,0.0008975854205964
H2-T23,1.5876796062554575e-05,-0.6619923301824664,0.0001008127848143
Gm42418,1.5876796062554575e-05,0.4570969577990058,0.0001008127848143
Pla2g7,0.0002345546750104,3.7668772268942807,0.0008975854205964
Hsp90ab1,0.0010637453361911,-0.1509552732137036,0.002889701897527
Tomm6,0.038707628800508,-0.133927030161511,0.0627937238378147
Rpl36,1.5876796062554575e-05,-0.2062459822282342,0.0001008127848143
Vapa,0.0073033261887751,0.2484598311988257,0.0144807329605023
Tgif1,0.0573787409700722,0.3326803461246289,0.0897084545378017
Myl12b,1.5876796062554575e-05,-0.3335006080649296,0.0001008127848143
Myl12a,0.0001111375724378,-0.3076734722045253,0.0005158178810453
Srsf7,0.004096213384139,-0.319629529143765,0.0088140974066192
Cox7a2l,1.5876796062554575e-05,-0.4428541026908394,0.0001008127848143
Zfp36l2,0.1136029476053177,0.6242710742983938,0.165924663829821
Calm2,0.0690958164642375,0.1669615695061948,0.10641989589358
Crem,0.0405991304587522,0.7739039085776441,0.0655539781978292
Wac,0.0267227434121398,-0.9914737075219257,0.0452668403135265
Snrpd1,0.0043194691495863,-1.8592787787321867,0.0092752086510826
Etf1,0.0573787409700722,0.1224782868649157,0.0897084545378017
Hspa9,0.0002462939704825,0.9623770693577172,0.0008975854205964
Fem1c,1.5876796062554575e-05,0.508851226518354,0.0001008127848143
Eif1a,0.343145193299992,0.1858474897364537,0.4263568728277211
Tnfaip8,0.0002462939704825,-0.8453660693983778,0.0008975854205964
Rps14,0.0015241724220052,-0.131255166998189,0.0039241752656104
Cd74,0.0029848376597602,0.0755192823393013,0.0068499046072102
Csnk1a1,0.0252441057394617,0.1756962551755537,0.0428322121972833
Txnl1,0.0017519219857639,-0.4709200191578183,0.0044442138609451
Malt1,0.0054933714376438,-0.2897736196309484,0.0113259749760185
Sec11c,0.0122643234974432,-0.4178424880859341,0.0229174463307589
Rpl17,1.5876796062554575e-05,-0.2011356901657419,0.0001008127848143
Unc93b1,1.5876796062554575e-05,0.5917681068934753,0.0001008127848143
Ppp1ca,0.0314201794077955,-0.1311895025599723,0.0521988534302862
Cfl1,1.5876796062554575e-05,-0.2190407524048692,0.0001008127848143
Neat1,0.015860919266492,-0.2767411613873515,0.0285000893069778
Fau,1.5876796062554575e-05,-0.1521885010217449,0.0001008127848143
Ehd1,1.5876796062554575e-05,0.9286757279009472,0.0001008127848143
Prdx5,0.0095578312296578,0.1843976980351465,0.0184558867960743
Fermt3,0.0914330982248826,-1.2896305716947896,0.1361629592269834
Cox8a,0.0029848376597602,-0.1184425476246467,0.0068499046072102
Slc3a2,0.0473446058585377,0.1028707532494249,0.0752713779778594
Ubxn1,6.35071842502183e-05,-0.5677154592476081,0.0003206338326779
Eef1g,0.0021592442645074,-0.4346187967941317,0.0052460512060215
Fth1,1.5876796062554575e-05,0.2298820136204589,0.0001008127848143
Tmem258,0.0095578312296578,-0.4063596673118717,0.0184558867960743
Slc15a3,1.5876796062554575e-05,0.9758880147036044,0.0001008127848143
AW112010,0.0015241724220052,-0.2920663992652139,0.0039241752656104
Ms4a6c,0.6238787012780821,0.0264742910228667,0.6840195506597616
Mpeg1,1.5876796062554575e-05,1.40236515751294,0.0001008127848143
Ostf1,1.5876796062554575e-05,-0.4582442266214488,0.0001008127848143
Jak2,0.0003269429143729,-0.7969936883605409,0.0010708415075188
Cd274,0.0007144558228149,-0.3636480913095237,0.0020427120900923
Tm9sf3,0.038707628800508,0.2331162786399662,0.0627937238378147
Pik3ap1,0.0010637453361911,0.4979708786279067,0.002889701897527
Got1,1.5876796062554575e-05,1.338763697317186,0.0001008127848143
Ndufb8,0.0123997777248551,-0.2283263943931613,0.0229174463307589
Eif3a,0.0029848376597602,0.1966868301408138,0.0068499046072102
Rbm3,0.0007144558228149,-0.3604694497793588,0.0020427120900923
Cybb,6.35071842502183e-05,0.3954949347001829,0.0003206338326779
Atp6ap2,0.0021592442645074,0.397371514404767,0.0052460512060215
Usp9x,0.0001905215527506,0.5114406702291598,0.0008216241962369
Ddx3x,1.5876796062554575e-05,0.4933982654847519,0.0001008127848143
Ndufb11,0.0054933714376438,-0.5155856797160323,0.0113259749760185
Rpl39,1.5876796062554575e-05,-0.200593572478282,0.0001008127848143
Ndufa1,0.0201317774073192,-0.2868115565766319,0.035132484652937
Lamp2,0.004096213384139,0.3333862167196992,0.0088140974066192
Ssr4,0.0029848376597602,-0.2955262389009885,0.0068499046072102
Rpl10,3.175359212510915e-05,-0.2051671063782316,0.0001786139557037
Msn,1.5876796062554575e-05,-0.3919354313997001,0.0001008127848143
Il2rg,0.000277215933798,-1.7726854381564734,0.0009997159981913
Rps4x,1.5876796062554575e-05,-0.194119240582906,0.0001008127848143
Atrx,0.0002423343526326,-0.6877267872301345,0.0008975854205964
Cox7b,0.004096213384139,-0.4776620001782717,0.0088140974066192
Sh3bgrl,0.0201317774073192,-0.231206169842519,0.035132484652937
Rpl36a,1.5876796062554575e-05,-0.2516199150276435,0.0001008127848143
Hnrnph2,0.0690958164642375,0.4378333137317077,0.10641989589358
Sat1,1.5876796062554575e-05,0.607684891851773,0.0001008127848143
Tmsb4x,1.5876796062554575e-05,-0.066245580045449,0.0001008127848143
mt-Nd1,0.0029848376597602,0.1308770385871856,0.0068499046072102
mt-Nd2,0.004096213384139,0.1056028258796241,0.0088140974066192
mt-Co3,6.35071842502183e-05,0.0932801620616789,0.0003206338326779
mt-Nd3,1.5876796062554575e-05,0.6807871112033044,0.0001008127848143
mt-Nd4l,0.0314201794077955,0.4022997991127958,0.0521988534302862
mt-Nd4,0.0021592442645074,0.1049745360906032,0.0052460512060215
mt-Nd5,0.2379772961816305,0.102421007081969,0.310209699682604
Lrrc8d,0.0170924461025135,1.6221757676572013,0.0308269072185154
Mat2a,0.0017630427548157,2.1514981469884447,0.0042471408207025
Vegfa,0.0012547060309404,3.424565680192291,0.0031491267131238
Emilin2,0.0007549992228802,1.083709092985277,0.002062585008351
Csf1r,0.0002345546750104,2.8514072040586624,0.0008095921158763
Actn1,0.001,-29.549379538589,0.001
Appl1,0.001,-28.66929160828529,0.001
Arap2,0.001,-26.13595894848176,0.001
Avpi1,0.001,-28.721397791813185,0.001
Ccnd2,0.001,-29.577913767979872,0.001
Ccr7,0.001,-30.09880260496931,0.001
Dpp4,0.001,-29.18125067641933,0.001
Epcam,0.001,0.0,0.001
Grasp,0.001,-29.94028550017435,0.001
H2-DMb2,0.001,-30.11092920606984,0.001
H2-Oa,0.001,-30.126568372150988,0.001
H2-Ob,0.001,-29.316574624648737,0.001
Kit,0.001,-28.33557372622725,0.001
Map3k14,0.001,-28.85216913299754,0.001
Napsa,0.001,-30.6785394351613,0.001
Nr4a3,0.001,-30.602826594773497,0.001
P2ry10,0.001,-29.77777342219487,0.001
Pkib,0.001,-29.991920568216017,0.001
Plet1,0.001,0.0,0.001
Pmvk,0.001,-29.611767840072623,0.001
Ramp3,0.001,0.0,0.001
Rap2a,0.001,-28.672038575038627,0.001
Rogdi,0.001,-28.98176014107375,0.001
S100a4,0.001,-30.71094247042308,0.001
Sema7a,0.001,-28.711094709516274,0.001
Serpinb6b,0.001,-29.478948969226728,0.001
Serpinb9,0.001,-30.16200490335923,0.001
Snhg15,0.001,-29.782347596908377,0.001
Stat4,0.001,-29.39720506703128,0.001
Tbc1d4,0.001,-30.4157034334178,0.001
