1700017B05Rik_B3,B3
1810037I17Rik_M0,M0
1810037I17Rik_M3,M3
1810037I17Rik_T5,T5
2410006H16Rik_B1,B1
2410006H16Rik_B2,B2
2410006H16Rik_B5,B5
2410006H16Rik_M1,M1
2410006H16Rik_M3,M3
2410006H16Rik_T2,T2
4930523C07Rik_B3,B3
4930523C07Rik_B5,B5
A530032D15Rik_B1,B1
Abca1_M1,M1
Abi1_M3,M3
Abi3bp_T4,T4
Ablim1_B1,B1
Ablim1_B2,B2
Ablim1_B4,B4
Ablim1_M7,M7
Ablim1_T3,T3
Ablim1_T6,T6
Abracl_M0,M0
Abracl_M3,M3
Abracl_M4,M4
Abracl_M5,M5
Abracl_T2,T2
Abracl_T3,T3
Abracl_T4,T4
Acbd3_B3,B3
Acbd3_M4,M4
Acod1_M2,M2
Acsl1_M0,M0
Actb_B1,B1
Actb_B4,B4
Actb_B5,B5
Actb_M0,M0
Actb_M3,M3
Actb_M4,M4
Actb_T0,T0
Actb_T1,T1
Actb_T2,T2
Actb_T3,T3
Actb_T4,T4
Actb_T5,T5
Actb_T6,T6
Actg1_B0,B0
Actg1_B3,B3
Actg1_B4,B4
Actg1_M0,M0
Actg1_M3,M3
Actg1_M5,M5
Actg1_M7,M7
Actg1_T1,T1
Actg1_T3,T3
Actg1_T4,T4
Actg1_T6,T6
Actg1_T7,T7
Actn1_M3,M3
Actn1_M4,M4
Actr2_B4,B4
Actr2_M0,M0
Actr2_M3,M3
Actr2_M4,M4
Actr2_T1,T1
Actr3_B1,B1
Actr3_M0,M0
Actr3_M3,M3
Actr3_T2,T2
Actr3_T3,T3
Actr3_T4,T4
Adam17_M1,M1
Adam17_M3,M3
Adam19_M4,M4
Adamts1_O7,O7
Adgre5_M4,M4
Adgrf5_O10,O10
Adgrl4_O10,O10
Adipor1_M5,M5
Aebp2_M4,M4
Aebp2_M5,M5
Aebp2_T1,T1
Aebp2_T2,T2
Aebp2_T5,T5
Aff4_B4,B4
Ago2_M3,M3
Ago2_M4,M4
Ago2_T5,T5
Ahnak_B7,B7
Ahnak_M1,M1
Ahnak_O7,O7
Ahnak_T4,T4
Ahr_M1,M1
Ahr_M5,M5
AI662270_M4,M4
Aif1_M1,M1
Aif1_M3,M3
Aif1_M4,M4
Aif1_M5,M5
Akap13_B1,B1
Akap13_B3,B3
Akap13_M1,M1
Akap13_M3,M3
Akap13_T3,T3
Akap13_T4,T4
Akr1a1_B4,B4
Akr1a1_M0,M0
Akr1a1_M1,M1
Aldoa_B1,B1
Aldoa_B3,B3
Aldoa_M0,M0
Aldoa_M3,M3
Aldoa_M5,M5
Aldoa_T2,T2
Aldoa_T5,T5
Aldoa_T7,T7
Alox5ap_M0,M0
Alox5ap_M4,M4
Alox5ap_M5,M5
Anapc13_B3,B3
Ankrd11_M4,M4
Ankrd12_B1,B1
Ankrd12_B4,B4
Ankrd12_T2,T2
Ankrd12_T4,T4
Anp32a_T4,T4
Anp32b_B5,B5
Anp32b_M0,M0
Anp32b_M1,M1
Anp32b_M3,M3
Anp32e_M4,M4
Antxr2_M1,M1
Antxr2_M4,M4
Anxa2_M4,M4
Anxa5_M1,M1
Anxa5_M3,M3
Anxa5_M4,M4
Ap2s1_M3,M3
Ap2s1_M4,M4
Apoe_B1,B1
Apoe_M0,M0
Apoe_M1,M1
Apoe_O7,O7
Apold1_O10,O10
App_M0,M0
App_M3,M3
App_M5,M5
Appl1_M3,M3
Appl1_M4,M4
Aprt_M1,M1
Aprt_M3,M3
Arap2_B5,B5
Arap2_M3,M3
Arap2_M5,M5
Arap2_T0,T0
Arap2_T3,T3
Arap2_T5,T5
Arf1_M0,M0
Arf1_T1,T1
Arf4_B1,B1
Arf4_M4,M4
Arf4_T2,T2
Arf5_M0,M0
Arf5_M3,M3
Arf5_T0,T0
Arf5_T2,T2
Arhgap15_M4,M4
Arhgap5_M4,M4
Arhgdia_M0,M0
Arhgdib_B3,B3
Arhgdib_B4,B4
Arhgdib_B5,B5
Arhgdib_M0,M0
Arhgdib_M5,M5
Arhgdib_T1,T1
Arhgdib_T2,T2
Arhgdib_T3,T3
Arhgdib_T4,T4
Arhgdib_T5,T5
Arid1a_T5,T5
Arid4a_M4,M4
Arid4b_B1,B1
Arih2_M1,M1
Arl1_T5,T5
Arl4c_M1,M1
Arl4c_M3,M3
Arl4c_M5,M5
Arl6ip1_M3,M3
Arl6ip1_T3,T3
Arl6ip5_M4,M4
Arl8b_M1,M1
Arpc1b_B1,B1
Arpc1b_B2,B2
Arpc1b_B3,B3
Arpc1b_M0,M0
Arpc1b_M3,M3
Arpc1b_M4,M4
Arpc1b_M5,M5
Arpc1b_T1,T1
Arpc1b_T3,T3
Arpc1b_T4,T4
Arpc1b_T5,T5
Arpc1b_T7,T7
Arpc2_B1,B1
Arpc2_M0,M0
Arpc2_M2,M2
Arpc2_M3,M3
Arpc2_M4,M4
Arpc2_T2,T2
Arpc2_T5,T5
Arpc3_B1,B1
Arpc3_B3,B3
Arpc3_B4,B4
Arpc3_B5,B5
Arpc3_M1,M1
Arpc3_M2,M2
Arpc3_M3,M3
Arpc3_T0,T0
Arpc3_T1,T1
Arpc3_T2,T2
Arpc3_T3,T3
Arpc3_T4,T4
Arpc3_T5,T5
Arpc3_T6,T6
Arpc4_B4,B4
Arpc4_M3,M3
Arpc4_M4,M4
Arpc5_T1,T1
Arpc5l_M4,M4
Arpp19_M3,M3
Asah1_M0,M0
Asah1_M3,M3
Asah1_M5,M5
Asap1_T6_3,T63
Asap2_M4,M4
Asf1b_T5,T5
Atf4_B3,B3
Atf4_M1,M1
Atf4_O7,O7
Atf6_B3,B3
Atox1_M1,M1
Atox1_M2,M2
Atox1_M3,M3
Atox1_M4,M4
Atox1_M5,M5
Atp13a2_M0,M0
Atp1a1_M1,M1
Atp1a1_M3,M3
Atp1a1_M4,M4
Atp1a1_M5,M5
Atp1b1_M7,M7
Atp1b3_M0,M0
Atp1b3_M3,M3
Atp2b1_M2,M2
Atp2b1_M3,M3
Atp2b1_M4,M4
Atp2b1_T2,T2
Atp5a1_M0,M0
Atp5a1_M1,M1
Atp5a1_M4,M4
Atp5a1_T5,T5
Atp5b_M3,M3
Atp5b_M4,M4
Atp5b_T3,T3
Atp5c1_B4,B4
Atp5c1_M0,M0
Atp5c1_M1,M1
Atp5c1_M3,M3
Atp5c1_M4,M4
Atp5c1_T5,T5
Atp5d_B1,B1
Atp5d_B3,B3
Atp5d_M3,M3
Atp5d_T1,T1
Atp5d_T3,T3
Atp5d_T5,T5
Atp5e_B1,B1
Atp5e_M3,M3
Atp5e_M5,M5
Atp5e_T4,T4
Atp5e_T7,T7
Atp5f1_M0,M0
Atp5f1_M3,M3
Atp5f1_M4,M4
Atp5g1_M0,M0
Atp5g1_M3,M3
Atp5g1_M4,M4
Atp5g1_T4,T4
Atp5g2_B1,B1
Atp5g2_B2,B2
Atp5g2_B5,B5
Atp5g2_M3,M3
Atp5g2_T1,T1
Atp5g2_T2,T2
Atp5g2_T3,T3
Atp5g2_T4,T4
Atp5g3_M0,M0
Atp5g3_T3,T3
Atp5h_B2,B2
Atp5h_M3,M3
Atp5j_M0,M0
Atp5j_M3,M3
Atp5j_T4,T4
Atp5j2_M0,M0
Atp5j2_M1,M1
Atp5j2_M3,M3
Atp5j2_T4,T4
Atp5k_M0,M0
Atp5k_M3,M3
Atp5k_M4,M4
Atp5l_B1,B1
Atp5l_M0,M0
Atp5l_M1,M1
Atp5l_M2,M2
Atp5l_M3,M3
Atp5l_O10,O10
Atp5l_T0,T0
Atp5l_T2,T2
Atp5l_T3,T3
Atp5l_T4,T4
Atp5md_B1,B1
Atp5md_B2,B2
Atp5md_B5,B5
Atp5md_T1,T1
Atp5md_T2,T2
Atp5mpl_B3,B3
Atp5mpl_M0,M0
Atp5mpl_M3,M3
Atp5mpl_M4,M4
Atp5mpl_T3,T3
Atp5mpl_T4,T4
Atp5o_M3,M3
Atp6ap2_M0,M0
Atp6ap2_M3,M3
Atp6v0b_M0,M0
Atp6v0b_M3,M3
Atp6v0c_B1,B1
Atp6v0c_B3,B3
Atp6v0c_M3,M3
Atp6v0c_M4,M4
Atp6v0c_M5,M5
Atp6v0c_T1,T1
Atp6v0c_T4,T4
Atp6v0d1_M1,M1
Atp6v0d1_M3,M3
Atp6v0e_B1,B1
Atp6v0e_B3,B3
Atp6v0e_M0,M0
Atp6v0e_M3,M3
Atp6v0e_T1,T1
Atp6v1a_M3,M3
Atp6v1d_M3,M3
Atp6v1e1_M0,M0
Atp6v1e1_M3,M3
Atp6v1e1_M5,M5
Atp6v1f_B5,B5
Atp6v1f_M0,M0
Atp6v1f_M1,M1
Atp6v1g1_M0,M0
Atp6v1g1_M4,M4
Atp6v1g1_T0,T0
Atpif1_B3,B3
Atpif1_M3,M3
Atrx_M1,M1
Atrx_M3,M3
Atrx_O10,O10
Atxn7l3b_M3,M3
AU020206_T4,T4
Aup1_B3,B3
Aurkaip1_T5,T5
Aurkb_T5,T5
Avpi1_M3,M3
Avpi1_M4,M4
Avpi1_T4,T4
AW112010_M0,M0
AW112010_M1,M1
AW112010_M3,M3
AW112010_M4,M4
AW112010_M5,M5
AW112010_O10,O10
AW112010_T0,T0
AW112010_T1,T1
AW112010_T2,T2
AW112010_T3,T3
AW112010_T4,T4
AW112010_T5,T5
AW112010_T7,T7
Axl_M1,M1
AY036118_B1,B1
AY036118_B3,B3
AY036118_M0,M0
Azin1_B3,B3
B2m_B0,B0
B2m_B1,B1
B2m_B2,B2
B2m_B3,B3
B2m_B4,B4
B2m_B5,B5
B2m_B6_0,B60
B2m_M0,M0
B2m_M1,M1
B2m_M2,M2
B2m_M3,M3
B2m_M4,M4
B2m_M5,M5
B2m_M7,M7
B2m_O10,O10
B2m_O7,O7
B2m_T0,T0
B2m_T2,T2
B2m_T3,T3
B2m_T4,T4
B2m_T6,T6
B2m_T7,T7
B4galt5_M1,M1
B4galt5_M3,M3
Bach1_M3,M3
Basp1_B3,B3
Basp1_B4,B4
Basp1_M4,M4
Basp1_M5,M5
Basp1_M7,M7
Bax_M4,M4
Bax_M5,M5
Bax_T5,T5
Baz1a_M5,M5
BC005537_M0,M0
BC005537_M1,M1
BC005537_M3,M3
BC005537_T5,T5
BC018473_M2,M2
BC018473_M7,M7
BC018473_T0,T0
BC018473_T4,T4
BC028528_M4,M4
BC031181_M4,M4
BC035044_M4,M4
Bcl11a_M7,M7
Bcl2a1a_M0,M0
Bcl2a1b_B1,B1
Bcl2a1b_B5,B5
Bcl2a1b_M2,M2
Bcl2a1b_M3,M3
Bcl2a1b_T3,T3
Bcl2a1b_T4,T4
Bcl2a1d_M3,M3
Bcl2a1d_M4,M4
Bcl2a1d_T4,T4
Bcl2l11_B3,B3
Bcl2l11_M3,M3
Bcl2l11_M7,M7
Bcr_O10,O10
BE692007_B2,B2
BE692007_T6_3,T63
Bhlhe40_B6_0,B60
Bhlhe40_M3,M3
Bhlhe40_T3,T3
Bhlhe40_T4,T4
Bhlhe40_T5,T5
Birc2_T2,T2
Birc6_M4,M4
Bloc1s2_M4,M4
Blvrb_B4,B4
Blvrb_M0,M0
Blvrb_M1,M1
Blvrb_M5,M5
Bola2_M3,M3
Bola3_T5,T5
Bptf_B4,B4
Brd2_M3,M3
Brd4_M3,M3
Bri3_B1,B1
Bri3_B4,B4
Bri3_B5,B5
Bri3_M0,M0
Bri3_M3,M3
Brk1_M0,M0
Bsg_M1,M1
Bsg_M3,M3
Bst2_B3,B3
Bst2_M0,M0
Btf3_B3,B3
Btf3_M1,M1
Btf3_T2,T2
Btf3_T4,T4
Btg1_B1,B1
Btg1_B2,B2
Btg1_B4,B4
Btg1_M5,M5
Btg1_T0,T0
Btg1_T2,T2
Btg1_T3,T3
Btg2_B1,B1
Btg2_T4,T4
Btg2_T5,T5
Btg2_T7,T7
Btg3_B3,B3
Btla_M4,M4
Bzw1_B5,B5
Bzw1_M1,M1
Bzw1_M5,M5
Bzw1_T4,T4
C1qa_M0,M0
C1qa_M1,M1
C1qb_M0,M0
C1qb_M1,M1
C1qb_M5,M5
C1qbp_M4,M4
C1qc_M0,M0
C1qc_M1,M1
C1qc_M5,M5
C3_M0,M0
C3_M1,M1
C3_O7,O7
C3ar1_M1,M1
C5ar1_M2,M2
Cacna1s_B3,B3
Cacybp_M4,M4
Cadm1_M4,M4
Calhm6_M0,M0
Calm1_B0,B0
Calm1_B1,B1
Calm1_B2,B2
Calm1_B3,B3
Calm1_B5,B5
Calm1_M0,M0
Calm1_M3,M3
Calm1_T1,T1
Calm1_T2,T2
Calm1_T3,T3
Calm1_T6,T6
Calm2_B1,B1
Calm2_B3,B3
Calm2_M2,M2
Calm2_M3,M3
Calm2_T1,T1
Calm2_T2,T2
Calm2_T3,T3
Calm3_M3,M3
Calr_B3,B3
Calr_B4,B4
Calr_M0,M0
Calr_T2,T2
Canx_B3,B3
Canx_M1,M1
Canx_M3,M3
Cap1_M1,M1
Cap1_M3,M3
Cap1_T5,T5
Capg_B1,B1
Capg_M0,M0
Capg_T4,T4
Capns1_M0,M0
Caprin1_M4,M4
Capza1_M3,M3
Capza2_M0,M0
Capza2_M1,M1
Capza2_M3,M3
Capza2_T4,T4
Capzb_M0,M0
Car2_T7,T7
Card19_M1,M1
Card19_M3,M3
Casp3_T5,T5
Cavin1_O7,O7
Cavin2_O10,O10
Cblb_T6,T6
Cbx3_T5,T5
Ccdc184_T7,T7
Ccdc50_M3,M3
Ccl7_O7,O7
Ccna2_T5,T5
Ccnb2_T5,T5
Ccnd2_B3,B3
Ccnd2_M3,M3
Ccnd2_T3,T3
Ccnl1_B5,B5
Ccnl2_B4,B4
Ccnl2_T5,T5
Ccr1_M1,M1
Ccr1_M3,M3
Ccr2_M0,M0
Ccr5_M3,M3
Ccr7_B0,B0
Ccr7_B1,B1
Ccr7_M3,M3
Ccr7_T6,T6
Ccr7_T6_3,T63
Ccr9_M7,M7
Ccrl2_M0,M0
Cct2_B4,B4
Cct2_M3,M3
Cct2_T5,T5
Cct4_M3,M3
Cct5_M1,M1
Cct5_M3,M3
Cct6a_M5,M5
Cct7_T5,T5
Cct8_M3,M3
Cct8_T5,T5
Cd14_M0,M0
Cd14_M1,M1
Cd14_M2,M2
Cd14_M5,M5
Cd163l1_T4,T4
Cd164_M0,M0
Cd164_M3,M3
Cd164_T1,T1
Cd164_T2,T2
Cd164_T4,T4
Cd164_T5,T5
Cd2_T1,T1
Cd2_T2,T2
Cd2_T3,T3
Cd209d_M7,M7
Cd274_B3,B3
Cd274_M0,M0
Cd274_M2,M2
Cd274_M3,M3
Cd28_B3,B3
Cd28_B6_0,B60
Cd28_T2,T2
Cd2ap_M4,M4
Cd300c2_M0,M0
Cd300c2_M3,M3
Cd300c2_M4,M4
Cd302_M0,M0
Cd36_O10,O10
Cd37_B0,B0
Cd37_B1,B1
Cd37_B2,B2
Cd37_B5,B5
Cd38_M0,M0
Cd3d_B6_0,B60
Cd3d_M5,M5
Cd3d_T1,T1
Cd3d_T2,T2
Cd3d_T3,T3
Cd3d_T4,T4
Cd3e_B6_0,B60
Cd3e_M5,M5
Cd3e_T1,T1
Cd3e_T2,T2
Cd3e_T3,T3
Cd3g_B6_0,B60
Cd3g_M5,M5
Cd3g_T4,T4
Cd3g_T5,T5
Cd4_T0,T0
Cd4_T1,T1
Cd44_B3,B3
Cd44_M1,M1
Cd44_M2,M2
Cd44_M3,M3
Cd44_M4,M4
Cd44_T4,T4
Cd44_T5,T5
Cd47_B3,B3
Cd47_M0,M0
Cd47_M3,M3
Cd47_M4,M4
Cd47_M7,M7
Cd47_O10,O10
Cd47_T1,T1
Cd47_T4,T4
Cd47_T7,T7
Cd48_M4,M4
Cd48_T5,T5
Cd5_T0,T0
Cd52_B0,B0
Cd52_B1,B1
Cd52_B2,B2
Cd52_M0,M0
Cd52_M3,M3
Cd52_M7,M7
Cd52_T2,T2
Cd52_T5,T5
Cd52_T6,T6
Cd52_T7,T7
Cd53_B3,B3
Cd53_B4,B4
Cd53_M3,M3
Cd53_T1,T1
Cd53_T2,T2
Cd68_M0,M0
Cd68_M5,M5
Cd69_B5,B5
Cd7_M7,M7
Cd74_M0,M0
Cd74_M1,M1
Cd74_M3,M3
Cd74_M4,M4
Cd74_T5,T5
Cd79a_B5,B5
Cd79b_B0,B0
Cd79b_B1,B1
Cd79b_B4,B4
Cd81_B3,B3
Cd81_M1,M1
Cd81_M4,M4
Cd83_B1,B1
Cd83_B4,B4
Cd83_B5,B5
Cd83_M1,M1
Cd83_M3,M3
Cd86_B1,B1
Cd86_M0,M0
Cd86_M3,M3
Cd8a_T3,T3
Cd9_M2,M2
Cd9_M3,M3
Cd9_M4,M4
Cd93_M1,M1
Cd93_O10,O10
Cd93_T7,T7
Cdc14a_T7,T7
Cdc42_B0,B0
Cdc42_B1,B1
Cdc42_B2,B2
Cdc42_B3,B3
Cdc42_B4,B4
Cdc42_B5,B5
Cdc42_M1,M1
Cdc42_T1,T1
Cdc42_T2,T2
Cdc42_T3,T3
Cdc42se1_M4,M4
Cdc42se2_M3,M3
Cdca3_T5,T5
Cdca8_T5,T5
Cdh5_O10,O10
Cdk1_T5,T5
Cdk2ap2_B4,B4
Cdk2ap2_M0,M0
Cdk4_T5,T5
Cdkn1a_M0,M0
Cdkn1a_M1,M1
Cdkn1a_M3,M3
Cdkn1a_O10,O10
Cdkn1b_T2,T2
Cdkn1b_T4,T4
Cdkn1b_T5,T5
Cdv3_B1,B1
Cdv3_B3,B3
Cdv3_M4,M4
Cebpb_B3,B3
Cebpb_M1,M1
Cebpb_M3,M3
Cebpb_M5,M5
Cebpz_B1,B1
Celf2_B1,B1
Cenpe_T5,T5
Cenpf_T5,T5
Cenps_B4,B4
Cfb_M0,M0
Cfl1_B1,B1
Cfl1_B3,B3
Cfl1_M3,M3
Cfl1_M4,M4
Cfl1_T0,T0
Cfl1_T3,T3
Cfl1_T4,T4
Cfl1_T6,T6
Cfl1_T7,T7
Cflar_M3,M3
Cggbp1_M3,M3
Chchd1_M4,M4
Chchd10_B4,B4
Chchd2_B0,B0
Chchd2_B1,B1
Chchd2_B5,B5
Chchd2_M0,M0
Chchd2_M3,M3
Chchd2_T0,T0
Chchd2_T1,T1
Chchd2_T2,T2
Chchd2_T3,T3
Chchd2_T4,T4
Chchd2_T5,T5
Chd2_B1,B1
Chd2_T2,T2
Chd2_T7,T7
Chd4_M1,M1
Chd4_M3,M3
Chil1_M0,M0
Chmp2a_M3,M3
Chmp4b_M1,M1
Chmp4b_M3,M3
Chuk_M4,M4
Churc1_M4,M4
Ciita_B4,B4
Cisd2_T5,T5
Cited2_B3,B3
Ckb_M4,M4
Ckb_T4,T4
Cks1b_T5,T5
Cldnd1_M5,M5
Cldnd1_T2,T2
Cldnd1_T5,T5
Clec12a_M0,M0
Clec12a_M4,M4
Clec2d_M0,M0
Clec2d_M1,M1
Clec2d_M3,M3
Clec2d_T1,T1
Clec2d_T2,T2
Clec4a2_M1,M1
Clec4d_M2,M2
Clec4n_M1,M1
Clec9a_M4,M4
Clic1_B1,B1
Clic1_B3,B3
Clic1_M0,M0
Clic1_M1,M1
Clic1_M3,M3
Clic1_M5,M5
Clic1_T3,T3
Clic1_T4,T4
Clic4_B3,B3
Clic4_M0,M0
Clic4_M1,M1
Clic4_M3,M3
Clic4_M4,M4
Clint1_T1,T1
Clint1_T2,T2
Clint1_T5,T5
Clk1_B1,B1
Clk1_B5,B5
Clk1_M3,M3
Clk1_T1,T1
Clk1_T2,T2
Clptm1l_B3,B3
Clta_B1,B1
Clta_B4,B4
Clta_B5,B5
Clta_M0,M0
Clta_M3,M3
Clta_M4,M4
Clta_T3,T3
Clta_T7,T7
Cltc_M1,M1
Cltc_M3,M3
Cltc_M4,M4
Cmas_M4,M4
Cmc1_T5,T5
Cmtm7_M4,M4
Cmtr1_M4,M4
Cnbp_B1,B1
Cnbp_B4,B4
Cnbp_M1,M1
Cnbp_M5,M5
Cnbp_T1,T1
Cnbp_T2,T2
Cnbp_T3,T3
Cnbp_T5,T5
Cnbp_T7,T7
Cnn2_T5,T5
Cnot6l_M5,M5
Cnpy2_B3,B3
Coa5_M4,M4
Col12a1_O4,O4
Col14a1_O7,O7
Col15a1_O4,O4
Col6a3_O7,O7
Cops9_M0,M0
Cops9_M3,M3
Coro1a_B1,B1
Coro1a_M3,M3
Coro1a_M4,M4
Coro1a_T1,T1
Coro1a_T2,T2
Coro1a_T3,T3
Coro1a_T4,T4
Coro1a_T5,T5
Cotl1_M0,M0
Cotl1_M1,M1
Cox14_M4,M4
Cox17_B1,B1
Cox17_M0,M0
Cox17_M1,M1
Cox17_M2,M2
Cox17_M3,M3
Cox17_T4,T4
Cox4i1_B1,B1
Cox4i1_B3,B3
Cox4i1_M3,M3
Cox4i1_T2,T2
Cox4i1_T4,T4
Cox5a_B1,B1
Cox5a_B5,B5
Cox5a_M0,M0
Cox5a_M3,M3
Cox5a_T4,T4
Cox5a_T5,T5
Cox5b_M0,M0
Cox5b_M1,M1
Cox5b_M3,M3
Cox5b_M4,M4
Cox5b_T4,T4
Cox6a1_M0,M0
Cox6a1_M3,M3
Cox6a2_M7,M7
Cox6b1_M0,M0
Cox6b1_M3,M3
Cox6b1_M4,M4
Cox6b1_T0,T0
Cox6b1_T4,T4
Cox6c_M0,M0
Cox6c_M3,M3
Cox6c_T3,T3
Cox6c_T4,T4
Cox7a2_M0,M0
Cox7a2_M3,M3
Cox7a2_M4,M4
Cox7a2_M5,M5
Cox7a2_T4,T4
Cox7a2l_B1,B1
Cox7a2l_M0,M0
Cox7a2l_M3,M3
Cox7a2l_M7,M7
Cox7a2l_T1,T1
Cox7a2l_T2,T2
Cox7a2l_T3,T3
Cox7a2l_T4,T4
Cox7b_B3,B3
Cox7b_M0,M0
Cox7b_M4,M4
Cox7b_T3,T3
Cox7b_T4,T4
Cox7c_B5,B5
Cox7c_M3,M3
Cox7c_T1,T1
Cox8a_B1,B1
Cox8a_B2,B2
Cox8a_M0,M0
Cox8a_M2,M2
Cox8a_M3,M3
Cox8a_M4,M4
Cox8a_M5,M5
Cox8a_T1,T1
Cox8a_T2,T2
Cox8a_T4,T4
Creb5_M1,M1
Creb5_M3,M3
Creb5_O7,O7
Creg1_M1,M1
Creg1_M3,M3
Creg1_M5,M5
Creld2_B3,B3
Crem_B0,B0
Crem_B1,B1
Crem_B5,B5
Crem_B6_0,B60
Crem_M1,M1
Crem_M3,M3
Crem_M4,M4
Crem_M5,M5
Crem_T0,T0
Crem_T2,T2
Crem_T3,T3
Crem_T4,T4
Crem_T5,T5
Crip1_B2,B2
Crip1_B3,B3
Crip1_M0,M0
Crip1_M1,M1
Crip1_M4,M4
Crip1_M5,M5
Crip1_T0,T0
Crip1_T1,T1
Crip1_T2,T2
Crip1_T3,T3
Crip1_T4,T4
Crip1_T5,T5
Csde1_B5,B5
Csf1r_M0,M0
Csf1r_M1,M1
Csf1r_M3,M3
Csf1r_M5,M5
Csf2ra_M1,M1
Csf2ra_M4,M4
Csf2rb_M1,M1
Csf2rb_M3,M3
Csf2rb_M4,M4
Csf2rb_M5,M5
Csf2rb2_M1,M1
Csf2rb2_M3,M3
Csf3r_M2,M2
Csnk1a1_M1,M1
Csnk1a1_M3,M3
Csnk1a1_T2,T2
Cst3_M3,M3
Cst3_M5,M5
Cst3_O10,O10
Cstb_M0,M0
Cstb_M1,M1
Cstb_M3,M3
Cstb_M5,M5
Ctla2a_O10,O10
Ctla2a_T0,T0
Ctla4_B6_0,B60
Ctla4_T1,T1
Ctla4_T2,T2
Ctnna1_M4,M4
Ctsa_M0,M0
Ctsa_M1,M1
Ctsa_M3,M3
Ctsb_M0,M0
Ctsb_M3,M3
Ctsb_M4,M4
Ctsb_M5,M5
Ctsc_M0,M0
Ctsc_M1,M1
Ctsc_M3,M3
Ctsc_M4,M4
Ctsc_M5,M5
Ctsd_M0,M0
Ctsd_M1,M1
Ctsd_M5,M5
Ctsh_B1,B1
Ctsh_M0,M0
Ctsh_M1,M1
Ctsh_M3,M3
Ctsl_M0,M0
Ctsl_O10,O10
Ctss_B1,B1
Ctss_B2,B2
Ctss_B3,B3
Ctss_B5,B5
Ctss_M0,M0
Ctss_M1,M1
Ctss_M3,M3
Ctss_M4,M4
Ctss_M5,M5
Ctsw_T0,T0
Ctsw_T3,T3
Ctsz_B1,B1
Ctsz_M1,M1
Ctsz_M3,M3
Ctsz_M4,M4
Ctsz_M5,M5
Cwc15_M3,M3
Cwc15_T2,T2
Cwc15_T3,T3
Cwc15_T4,T4
Cx3cl1_T7,T7
Cxcl16_M3,M3
Cxcl9_M0,M0
Cxcr2_M2,M2
Cxcr4_B1,B1
Cxcr4_B4,B4
Cxcr4_M1,M1
Cxcr4_M3,M3
Cxcr4_M5,M5
Cxcr6_B6_0,B60
Cxcr6_T0,T0
Cxcr6_T4,T4
Cyb561a3_M7,M7
Cyb5a_M5,M5
Cyb5a_T5,T5
Cyba_B3,B3
Cyba_M0,M0
Cyba_M1,M1
Cyba_M4,M4
Cyba_M5,M5
Cyba_T2,T2
Cyba_T3,T3
Cyba_T4,T4
Cyba_T5,T5
Cybb_B1,B1
Cybb_M0,M0
Cybb_M1,M1
Cybb_M3,M3
Cybb_M5,M5
Cycs_M4,M4
Cycs_T5,T5
Cyfip2_M4,M4
Cyp4v3_M0,M0
Cystm1_M4,M4
Cyth1_B1,B1
Cyth1_M1,M1
Cyth1_M3,M3
Cyth1_M5,M5
Cyth4_M1,M1
Cytip_B1,B1
Cytip_B3,B3
Cytip_B4,B4
Cytip_M1,M1
Cytip_M3,M3
Cytip_M4,M4
Cytip_M5,M5
Cytip_T1,T1
Cytip_T2,T2
Cytip_T3,T3
Cytip_T5,T5
D16Ertd472e_B3,B3
D16Ertd472e_T2,T2
D16Ertd472e_T5,T5
D8Ertd738e_M3,M3
D8Ertd738e_T2,T2
D8Ertd738e_T7,T7
Dad1_B1,B1
Dad1_B3,B3
Dad1_B5,B5
Dad1_M4,M4
Dap_T5,T5
Dapp1_M4,M4
Dazap1_T5,T5
Dazap2_M0,M0
Dazap2_M3,M3
Dbi_B4,B4
Dbi_M0,M0
Dbi_T5,T5
Dbnl_M4,M4
Dctn2_M4,M4
Dcun1d5_T5,T5
Ddx21_B1,B1
Ddx21_B5,B5
Ddx21_M3,M3
Ddx24_M3,M3
Ddx24_T1,T1
Ddx39_T5,T5
Ddx39b_T5,T5
Ddx3x_M1,M1
Ddx3x_M3,M3
Ddx3x_O7,O7
Ddx5_M3,M3
Ddx5_O10,O10
Ddx5_T4,T4
Ddx6_M1,M1
Ddx6_M3,M3
Ddx6_M4,M4
Ddx6_M5,M5
Ddx6_T1,T1
Ddx6_T7,T7
Degs1_B3,B3
Dennd1b_M4,M4
Dennd4a_B0,B0
Dennd4a_B1,B1
Dennd4a_B3,B3
Dennd4a_B4,B4
Dennd4a_B5,B5
Dennd4a_M3,M3
Dennd4a_M5,M5
Dennd4a_T2,T2
Dennd4a_T4,T4
Dennd4a_T5,T5
Dennd5b_B3,B3
Denr_M4,M4
Derl3_B3,B3
Dgat1_T5,T5
Diaph1_T4,T4
Dnaja1_B1,B1
Dnaja1_B3,B3
Dnaja1_B5,B5
Dnaja1_M4,M4
Dnaja1_M5,M5
Dnaja1_T3,T3
Dnajb6_B3,B3
Dnajb6_B5,B5
Dnajb6_M0,M0
Dnajb6_M3,M3
Dnajb6_M5,M5
Dnajb6_T1,T1
Dnajb9_B3,B3
Dnajc15_T5,T5
Dnajc7_B3,B3
Dnajc7_M4,M4
Dnajc8_M1,M1
Dnajc8_M3,M3
Dnajc8_M4,M4
Dnase1l3_M1,M1
Dnase1l3_M4,M4
Dock10_M3,M3
Dock2_M4,M4
Dpm3_B3,B3
Dpp4_M3,M3
Dpt_O7,O7
Dram1_M0,M0
Dusp1_M0,M0
Dusp1_M3,M3
Dusp10_T6,T6
Dusp11_B3,B3
Dusp11_M3,M3
Dusp11_M4,M4
Dusp2_B5,B5
Dusp5_M1,M1
Dusp5_M4,M4
Dusp5_M5,M5
Dusp5_T3,T3
Dusp5_T4,T4
Dut_B4,B4
Dynll1_B4,B4
Dynll1_M5,M5
Dynll1_T3,T3
Eaf2_B3,B3
Ebf1_B0,B0
Ebf1_B1,B1
Ebf1_B2,B2
Ebf1_O7,O7
Ecscr_O10,O10
Edem1_B3,B3
Edf1_B3,B3
Edf1_M0,M0
Edf1_M3,M3
Eed_T5,T5
Eef1a1_B0,B0
Eef1a1_B1,B1
Eef1a1_B2,B2
Eef1a1_B3,B3
Eef1a1_B4,B4
Eef1a1_B5,B5
Eef1a1_M0,M0
Eef1a1_M1,M1
Eef1a1_M3,M3
Eef1a1_T2,T2
Eef1a1_T4,T4
Eef1a1_T5,T5
Eef1b2_B1,B1
Eef1b2_B3,B3
Eef1b2_M1,M1
Eef1b2_M3,M3
Eef1b2_T1,T1
Eef1b2_T2,T2
Eef1b2_T5,T5
Eef1b2_T6,T6
Eef1d_M0,M0
Eef1d_M1,M1
Eef1d_M3,M3
Eef1d_T3,T3
Eef1g_M3,M3
Eef2_B0,B0
Eef2_B1,B1
Eef2_B4,B4
Eef2_B5,B5
Eef2_M1,M1
Eef2_T5,T5
Efhd2_M1,M1
Efhd2_M3,M3
Egr3_B5,B5
Ehd1_M1,M1
Ehd1_M2,M2
Ehd1_M3,M3
Ehd1_M4,M4
Eif1_B1,B1
Eif1_B3,B3
Eif1_B5,B5
Eif1_M0,M0
Eif1_M1,M1
Eif1_M2,M2
Eif1_M3,M3
Eif1_M5,M5
Eif1_O10,O10
Eif1_T0,T0
Eif1_T1,T1
Eif1_T2,T2
Eif1_T3,T3
Eif1_T4,T4
Eif1_T5,T5
Eif1_T7,T7
Eif1a_M0,M0
Eif1a_M3,M3
Eif1a_M4,M4
Eif2ak3_B3,B3
Eif2s2_B1,B1
Eif2s2_B3,B3
Eif2s2_B5,B5
Eif2s2_M3,M3
Eif2s2_M4,M4
Eif2s2_T1,T1
Eif3a_B3,B3
Eif3a_M1,M1
Eif3a_M3,M3
Eif3c_B3,B3
Eif3c_M0,M0
Eif3c_M1,M1
Eif3e_B1,B1
Eif3e_B2,B2
Eif3e_M0,M0
Eif3e_M3,M3
Eif3e_T1,T1
Eif3e_T2,T2
Eif3e_T5,T5
Eif3f_B1,B1
Eif3f_M0,M0
Eif3f_M1,M1
Eif3f_M3,M3
Eif3f_M7,M7
Eif3f_T2,T2
Eif3h_B1,B1
Eif3h_B3,B3
Eif3h_B5,B5
Eif3h_M0,M0
Eif3h_M1,M1
Eif3h_M3,M3
Eif3h_T2,T2
Eif3h_T3,T3
Eif3h_T4,T4
Eif3i_M4,M4
Eif3k_B1,B1
Eif3k_B5,B5
Eif3k_M3,M3
Eif3k_T2,T2
Eif3k_T4,T4
Eif3m_B1,B1
Eif3m_B3,B3
Eif3m_T5,T5
Eif4a1_B1,B1
Eif4a1_B5,B5
Eif4a1_M1,M1
Eif4a1_M3,M3
Eif4b_M1,M1
Eif4b_M3,M3
Eif4e_M0,M0
Eif4e_M1,M1
Eif4e_M3,M3
Eif4e_M4,M4
Eif4g2_B3,B3
Eif4g2_M1,M1
Eif4g2_M3,M3
Eif4g2_O7,O7
Eif4g2_T1,T1
Eif4g2_T3,T3
Eif4g2_T4,T4
Eif4h_M3,M3
Eif5_B1,B1
Eif5_B3,B3
Eif5_M1,M1
Eif5_M3,M3
Eif5_M4,M4
Eif5_O10,O10
Eif5_T1,T1
Eif5_T3,T3
Eif5_T4,T4
Eif5_T6,T6
Eif5a_B1,B1
Eif5a_B4,B4
Eif5a_M3,M3
Eif5a_T1,T1
Eif5a_T2,T2
Eif5a_T4,T4
Eif5a_T5,T5
Eif5b_B5,B5
Eif6_M1,M1
Eif6_M3,M3
Eif6_M4,M4
Eldr_M7,M7
Elf1_B1,B1
Elf1_B3,B3
Elk3_O10,O10
Elob_B1,B1
Elob_B3,B3
Elob_M3,M3
Elob_T2,T2
Eloc_M3,M3
Emb_B6_0,B60
Emb_M5,M5
Emb_T1,T1
Emb_T2,T2
Emb_T3,T3
Emb_T4,T4
Emb_T5,T5
Emb_T6,T6
Emcn_O10,O10
Emilin2_M1,M1
Emilin2_M3,M3
Emp3_B3,B3
Emp3_M0,M0
Emp3_M1,M1
Emp3_M3,M3
Emp3_M5,M5
Eno1_T5,T5
Entpd1_M1,M1
Epb41l2_M3,M3
Epcam_B3,B3
Epsti1_M4,M4
Erg28_T5,T5
Ergic2_B3,B3
Ergic3_B3,B3
Erh_B4,B4
Erh_T5,T5
Erlin1_M4,M4
Erp29_M0,M0
Erp29_M1,M1
Erp29_M3,M3
Erp29_M4,M4
Erp44_M4,M4
Esam_O10,O10
Esd_M5,M5
Etf1_B4,B4
Etf1_M0,M0
Etf1_M1,M1
Etf1_M3,M3
Etfb_T5,T5
Ets1_B0,B0
Ets1_B2,B2
Ets1_B5,B5
Ets1_M5,M5
Ets1_T0,T0
Ets1_T1,T1
Ets1_T2,T2
Ets1_T3,T3
Ets1_T4,T4
Ets1_T5,T5
Ets1_T7,T7
Ets2_M0,M0
Ets2_M5,M5
Etv3_M1,M1
Etv3_M4,M4
Etv3_M5,M5
Evi2a_M1,M1
Evi2a_M3,M3
Evi2a_M4,M4
Ewsr1_T5,T5
Ezh2_B4,B4
Ezr_B3,B3
Ezr_M4,M4
F10_M0,M0
F2r_T4,T4
Fabp4_O10,O10
Fam104a_B3,B3
Fam107b_B3,B3
Fam107b_T2,T2
Fam107b_T4,T4
Fam110a_T7,T7
Fam111a_B4,B4
Fam174a_M5,M5
Fam214a_B3,B3
Fam49b_B1,B1
Fam49b_B4,B4
Fam49b_M3,M3
Fam49b_M4,M4
Fam49b_M5,M5
Fam49b_T5,T5
Fam76b_B4,B4
Fas_B4,B4
Fau_B4,B4
Fau_M3,M3
Fau_M4,M4
Fau_T2,T2
Fau_T4,T4
Fbxo5_T5,T5
Fcer1g_M0,M0
Fcer1g_M1,M1
Fcer1g_M3,M3
Fcer1g_M5,M5
Fcgr2b_M0,M0
Fcgr3_M0,M0
Fcgr3_M1,M1
Fcrla_B2,B2
Fem1c_M1,M1
Fem1c_M3,M3
Fem1c_M4,M4
Fermt3_M1,M1
Fermt3_M3,M3
Fermt3_M4,M4
Fermt3_M5,M5
Fermt3_T5,T5
Fgfr1op_M4,M4
Fgl2_M0,M0
Fgl2_M3,M3
Fgl2_M4,M4
Fis1_M0,M0
Fis1_M5,M5
Fis1_T4,T4
Fkbp11_B3,B3
Fkbp1a_M1,M1
Fkbp1a_M3,M3
Fkbp2_B3,B3
Fkbp3_B4,B4
Fkbp3_T5,T5
Fkbp8_T5,T5
Fli1_M4,M4
Flt1_O10,O10
Flt3_M4,M4
Fnbp1_M3,M3
Fnbp1_M5,M5
Fndc1_O7,O7
Fnip1_M3,M3
Fos_M1,M1
Fos_M4,M4
Fosb_B3,B3
Fosb_M1,M1
Fosl2_M3,M3
Fosl2_M5,M5
Foxn3_M3,M3
Foxn3_M4,M4
Foxn3_M5,M5
Foxo1_T5,T5
Foxp1_B2,B2
Foxp1_B3,B3
Foxp1_B4,B4
Foxp1_B5,B5
Foxp1_M1,M1
Foxp1_M3,M3
Foxp1_M4,M4
Foxp1_M5,M5
Foxp1_T6,T6
Foxp1_T6_3,T63
Fth1_B0,B0
Fth1_B1,B1
Fth1_B7,B7
Fth1_M0,M0
Fth1_M1,M1
Fth1_M3,M3
Fth1_M5,M5
Fth1_O7,O7
Fth1_T4,T4
Ftl1_B5,B5
Ftl1_M0,M0
Ftl1_M1,M1
Ftl1_M3,M3
Ftl1_M4,M4
Ftl1_T1,T1
Ftl1_T2,T2
Fuca1_M1,M1
Fuca1_M3,M3
Fuca1_M4,M4
Fuca1_M5,M5
Furin_B6_0,B60
Furin_M5,M5
Furin_T4,T4
Furin_T5,T5
Fus_B1,B1
Fus_B4,B4
Fus_M0,M0
Fxyd5_B3,B3
Fxyd5_M0,M0
Fxyd5_M1,M1
Fxyd5_M5,M5
Fyb_M0,M0
Fyb_M1,M1
Fyb_M3,M3
Fyb_M5,M5
Fyb_T1,T1
Fyb_T2,T2
Fyb_T3,T3
Fyb_T6_3,T63
Fyn_M4,M4
Fyn_T1,T1
G3bp1_M1,M1
G3bp1_M5,M5
Gabarap_M3,M3
Gabarap_T1,T1
Gabarapl2_B3,B3
Gabarapl2_B4,B4
Gabarapl2_M1,M1
Gabarapl2_M3,M3
Gabarapl2_T0,T0
Gadd45b_M0,M0
Gadd45b_M3,M3
Gadd45b_T2,T2
Gapdh_B1,B1
Gapdh_B4,B4
Gapdh_M0,M0
Gapdh_M2,M2
Gapdh_M3,M3
Gapdh_T5,T5
Gas5_B3,B3
Gas5_M3,M3
Gas5_M4,M4
Gas5_T1,T1
Gas5_T3,T3
Gatm_M0,M0
Gatm_M1,M1
Gatm_M3,M3
Gatm_M5,M5
Gbp2_O10,O10
Gbp7_O10,O10
Gch1_B5,B5
Gcnt2_M7,M7
Gde1_M1,M1
Gdi2_B3,B3
Gdi2_B4,B4
Gdi2_M3,M3
Gdi2_M5,M5
Gdi2_O10,O10
Gdi2_T5,T5
Gdpd3_B1,B1
Gdpd3_B3,B3
Gdpd3_B4,B4
Gdpd3_M0,M0
Gdpd3_M2,M2
Gdpd3_M3,M3
Gdpd3_M4,M4
Gdpd3_T2,T2
Gfod1_M4,M4
Gfpt1_M4,M4
Gfpt2_O7,O7
Ggta1_M1,M1
Ggta1_M3,M3
Gimap1_T1,T1
Gimap1_T2,T2
Gimap3_M5,M5
Gimap3_T1,T1
Gimap3_T2,T2
Gimap3_T3,T3
Gimap4_M5,M5
Gimap4_T0,T0
Gimap4_T1,T1
Gimap4_T2,T2
Gimap4_T3,T3
Gimap5_T3,T3
Gimap6_B0,B0
Gimap6_B1,B1
Gimap6_B2,B2
Gimap6_B4,B4
Gimap6_B5,B5
Gimap6_T1,T1
Gimap6_T2,T2
Gimap6_T3,T3
Gimap6_T5,T5
Gimap7_T0,T0
Gimap7_T3,T3
Gimap7_T5,T5
Gja1_O10,O10
Glipr1_B3,B3
Glo1_T5,T5
Glrx_M5,M5
Glrx3_B4,B4
Glrx3_T5,T5
Gls_M3,M3
Gltp_M4,M4
Glud1_M3,M3
Gm10076_M3,M3
Gm15056_M0,M0
Gm26917_B7,B7
Gm2a_M3,M3
Gm42418_B0,B0
Gm42418_B1,B1
Gm42418_B2,B2
Gm42418_B3,B3
Gm42418_B4,B4
Gm42418_B5,B5
Gm42418_B6_0,B60
Gm42418_B7,B7
Gm42418_M1,M1
Gm42418_M2,M2
Gm42418_M3,M3
Gm42418_M4,M4
Gm42418_M5,M5
Gm42418_M7,M7
Gm42418_O10,O10
Gm42418_T0,T0
Gm42418_T1,T1
Gm42418_T2,T2
Gm42418_T3,T3
Gm42418_T4,T4
Gm42418_T5,T5
Gm42418_T6,T6
Gm42418_T7,T7
Gm47283_T5,T5
Gm5547_B3,B3
Gm8369_T0,T0
Gm8369_T6,T6
Gm8369_T6_3,T63
Gm8797_B3,B3
Gmfg_B1,B1
Gmfg_M0,M0
Gmfg_M1,M1
Gmfg_M3,M3
Gmfg_M5,M5
Gmfg_T2,T2
Gmfg_T3,T3
Gmfg_T4,T4
Gmfg_T6,T6
Gna13_B4,B4
Gna13_B5,B5
Gna13_M0,M0
Gna13_M1,M1
Gna13_M4,M4
Gna13_M7,M7
Gna13_T1,T1
Gna13_T2,T2
Gna13_T3,T3
Gna13_T4,T4
Gna13_T5,T5
Gna13_T7,T7
Gnai2_B1,B1
Gnai2_B5,B5
Gnai2_M0,M0
Gnai2_M1,M1
Gnai2_M3,M3
Gnai2_O10,O10
Gnai2_T4,T4
Gnas_B1,B1
Gnas_B3,B3
Gnas_B5,B5
Gnas_M3,M3
Gnas_M5,M5
Gnas_T2,T2
Gnas_T4,T4
Gnas_T5,T5
Gnb1_M0,M0
Gnb2_M3,M3
Gnb2_M4,M4
Gng10_B4,B4
Gng10_M3,M3
Gng10_T5,T5
Gng2_M4,M4
Gng2_T5,T5
Gng5_B1,B1
Gng5_B3,B3
Gng5_B4,B4
Gng5_B5,B5
Gng5_M2,M2
Gng5_M4,M4
Gng5_M7,M7
Gng5_T1,T1
Gng5_T2,T2
Gng5_T3,T3
Gng5_T5,T5
Gngt2_M0,M0
Gngt2_M1,M1
Gns_M1,M1
Gns_M3,M3
Gns_M4,M4
Got1_M1,M1
Got1_M3,M3
Got1_M4,M4
Got1_M5,M5
Got1_T2,T2
Got2_M4,M4
Gpbp1_M3,M3
Gpcpd1_M4,M4
Gpi1_B4,B4
Gpi1_M3,M3
Gpi1_M4,M4
Gpr132_M1,M1
Gpr137b_M3,M3
Gpr141b_M4,M4
Gpr171_M4,M4
Gpr183_B5,B5
Gpr183_M1,M1
Gpr183_M3,M3
Gpr183_M5,M5
Gpr183_T4,T4
Gpsm3_M4,M4
Gpx1_M0,M0
Gpx1_M1,M1
Gpx1_M3,M3
Gpx1_M4,M4
Gpx1_T4,T4
Gpx1_T5,T5
Gpx4_B1,B1
Gpx4_M3,M3
Gpx4_M4,M4
Gpx4_T2,T2
Gramd3_M5,M5
Gramd3_T0,T0
Gramd3_T3,T3
Grap_B4,B4
Grasp_M3,M3
Grb2_B1,B1
Grb2_B3,B3
Grb2_M5,M5
Grcc10_M0,M0
Grcc10_M3,M3
Grina_M2,M2
Grk2_M4,M4
Grk2_T5,T5
Grn_M0,M0
Grn_M1,M1
Grn_M3,M3
Grn_M4,M4
Grn_M5,M5
Gsn_M5,M5
Gsn_O7,O7
Gspt1_M1,M1
Gspt1_M3,M3
Gtf2b_B4,B4
Gtf2e2_M4,M4
H13_M4,M4
H2-Aa_B0,B0
H2-Aa_B1,B1
H2-Aa_B4,B4
H2-Aa_B5,B5
H2-Aa_M0,M0
H2-Aa_M1,M1
H2-Aa_M3,M3
H2-Aa_O10,O10
H2-Ab1_B0,B0
H2-Ab1_B1,B1
H2-Ab1_B3,B3
H2-Ab1_B5,B5
H2-Ab1_M0,M0
H2-Ab1_M1,M1
H2-Ab1_M5,M5
H2-Ab1_M7,M7
H2-Ab1_O10,O10
H2-D1_B1,B1
H2-D1_B2,B2
H2-D1_B3,B3
H2-D1_B4,B4
H2-D1_B5,B5
H2-D1_M0,M0
H2-D1_M1,M1
H2-D1_M2,M2
H2-D1_M3,M3
H2-D1_M4,M4
H2-D1_M5,M5
H2-D1_O10,O10
H2-D1_O7,O7
H2-D1_T4,T4
H2-D1_T6,T6
H2-D1_T7,T7
H2-DMa_B1,B1
H2-DMa_B2,B2
H2-DMa_M0,M0
H2-DMa_M1,M1
H2-DMa_M3,M3
H2-DMa_M4,M4
H2-DMa_M5,M5
H2-DMb1_M0,M0
H2-DMb1_M1,M1
H2-DMb1_M3,M3
H2-DMb1_M4,M4
H2-DMb1_M5,M5
H2-DMb1_M7,M7
H2-DMb2_B1,B1
H2-DMb2_M3,M3
H2-Eb1_B3,B3
H2-Eb1_B4,B4
H2-Eb1_M0,M0
H2-Eb1_M1,M1
H2-Eb1_M3,M3
H2-Eb1_M7,M7
H2-K1_B1,B1
H2-K1_B2,B2
H2-K1_B3,B3
H2-K1_B4,B4
H2-K1_B5,B5
H2-K1_M0,M0
H2-K1_M1,M1
H2-K1_M2,M2
H2-K1_M4,M4
H2-K1_M5,M5
H2-K1_M7,M7
H2-K1_O10,O10
H2-K1_O7,O7
H2-K1_T4,T4
H2-K1_T6,T6
H2-K1_T7,T7
H2-Oa_B2,B2
H2-Oa_M3,M3
H2-Oa_M4,M4
H2-Ob_B1,B1
H2-Ob_M3,M3
H2-Q6_B2,B2
H2-Q6_M4,M4
H2-Q6_M5,M5
H2-Q6_O10,O10
H2-Q6_T3,T3
H2-Q6_T5,T5
H2-Q7_B0,B0
H2-Q7_B1,B1
H2-Q7_B2,B2
H2-Q7_B3,B3
H2-Q7_B5,B5
H2-Q7_B6_0,B60
H2-Q7_M0,M0
H2-Q7_M1,M1
H2-Q7_M3,M3
H2-Q7_M4,M4
H2-Q7_M5,M5
H2-Q7_M7,M7
H2-Q7_O10,O10
H2-Q7_T1,T1
H2-Q7_T2,T2
H2-Q7_T3,T3
H2-Q7_T4,T4
H2-Q7_T5,T5
H2-Q7_T6,T6
H2-Q7_T7,T7
H2-T22_M5,M5
H2-T22_O10,O10
H2-T23_B3,B3
H2-T23_M0,M0
H2-T23_M1,M1
H2-T23_M3,M3
H2-T23_M4,M4
H2-T23_M5,M5
H2-T23_M7,M7
H2-T23_O10,O10
H2-T23_T5,T5
H2afj_B1,B1
H2afj_M1,M1
H2afj_T1,T1
H2afj_T2,T2
H2afj_T3,T3
H2afj_T4,T4
H2afj_T5,T5
H2afy_B4,B4
H2afy_M3,M3
H2afz_B0,B0
H2afz_B1,B1
H2afz_B3,B3
H2afz_B4,B4
H2afz_M3,M3
H2afz_O10,O10
H2afz_T0,T0
H2afz_T1,T1
H2afz_T2,T2
H2afz_T3,T3
H3f3a_B0,B0
H3f3a_B1,B1
H3f3a_B3,B3
H3f3a_B5,B5
H3f3a_M3,M3
H3f3a_T5,T5
H3f3b_B3,B3
H3f3b_M0,M0
H3f3b_M2,M2
H3f3b_M5,M5
H3f3b_T2,T2
H3f3b_T7,T7
Has1_O7,O7
Havcr2_M3,M3
Havcr2_M4,M4
Hcar2_M2,M2
Hcls1_B4,B4
Hcls1_M0,M0
Hcls1_M1,M1
Hcls1_M4,M4
Hcst_T4,T4
Hdac1_T5,T5
Hdc_M2,M2
Hdlbp_B3,B3
Hdlbp_M1,M1
Hdlbp_T5,T5
Herpud1_M3,M3
Hexa_M0,M0
Hexa_M3,M3
Hexa_M4,M4
Hexb_M1,M1
Hif1a_B4,B4
Hif1a_M0,M0
Hif1a_M3,M3
Hif1a_M4,M4
Hif1a_M5,M5
Hif1a_T0,T0
Hif1a_T1,T1
Hif1a_T2,T2
Hif1a_T4,T4
Hif1a_T5,T5
Higd1a_T5,T5
Hilpda_M1,M1
Hilpda_M3,M3
Hint1_B3,B3
Hint1_M3,M3
Hint1_T1,T1
Hint1_T4,T4
Hint3_M4,M4
Hist1h1b_T5,T5
Hist1h1c_T5,T5
Hist1h1d_T5,T5
Hist1h1e_T5,T5
Hist1h2ae_T5,T5
Hist1h2ap_T5,T5
Hist1h2bc_B3,B3
Hist1h4d_T5,T5
Hk2_T7,T7
Hmces_B4,B4
Hmgb1_B3,B3
Hmgb1_B4,B4
Hmgb1_M0,M0
Hmgb1_M1,M1
Hmgb1_M3,M3
Hmgb1_T1,T1
Hmgb2_B4,B4
Hmgb2_B5,B5
Hmgb2_M0,M0
Hmgb2_M1,M1
Hmgb2_M3,M3
Hmgb2_M5,M5
Hmgb2_T2,T2
Hmgb2_T3,T3
Hmgb2_T4,T4
Hmgb2_T5,T5
Hmgn2_B4,B4
Hmgn2_M4,M4
Hmmr_T5,T5
Hnrnpa0_B4,B4
Hnrnpa0_M1,M1
Hnrnpa0_M3,M3
Hnrnpa0_M5,M5
Hnrnpa0_T5,T5
Hnrnpa1_B1,B1
Hnrnpa1_T2,T2
Hnrnpa1_T4,T4
Hnrnpa1_T5,T5
Hnrnpa1_T7,T7
Hnrnpa2b1_B1,B1
Hnrnpa2b1_M1,M1
Hnrnpa2b1_M3,M3
Hnrnpa2b1_T2,T2
Hnrnpa3_B3,B3
Hnrnpa3_M1,M1
Hnrnpa3_M3,M3
Hnrnpa3_T2,T2
Hnrnpa3_T3,T3
Hnrnpa3_T4,T4
Hnrnpab_B1,B1
Hnrnpab_B5,B5
Hnrnpab_M1,M1
Hnrnpc_M0,M0
Hnrnpc_M3,M3
Hnrnpc_M5,M5
Hnrnpc_T5,T5
Hnrnpc_T7,T7
Hnrnpd_M3,M3
Hnrnpd_T5,T5
Hnrnpdl_B1,B1
Hnrnpdl_B4,B4
Hnrnpdl_M3,M3
Hnrnpdl_T5,T5
Hnrnpf_B1,B1
Hnrnpf_B3,B3
Hnrnpf_B5,B5
Hnrnpf_M0,M0
Hnrnpf_M1,M1
Hnrnpf_M3,M3
Hnrnpf_T2,T2
Hnrnph2_M3,M3
Hnrnpk_B3,B3
Hnrnpk_M1,M1
Hnrnpk_M3,M3
Hnrnpk_T2,T2
Hnrnpk_T4,T4
Hnrnpk_T5,T5
Hnrnpll_M1,M1
Hnrnpm_M1,M1
Hnrnpu_M0,M0
Hnrnpu_T2,T2
Hnrnpu_T4,T4
Hopx_T0,T0
Hpf1_B4,B4
Hsbp1_M1,M1
Hsp90aa1_B0,B0
Hsp90aa1_B1,B1
Hsp90aa1_B2,B2
Hsp90aa1_B3,B3
Hsp90aa1_B5,B5
Hsp90aa1_M1,M1
Hsp90aa1_M3,M3
Hsp90aa1_O10,O10
Hsp90aa1_T1,T1
Hsp90aa1_T3,T3
Hsp90aa1_T5,T5
Hsp90ab1_B1,B1
Hsp90ab1_B2,B2
Hsp90ab1_B3,B3
Hsp90ab1_B5,B5
Hsp90ab1_M0,M0
Hsp90ab1_M3,M3
Hsp90ab1_T1,T1
Hsp90ab1_T2,T2
Hsp90ab1_T3,T3
Hsp90ab1_T5,T5
Hsp90ab1_T6,T6
Hsp90b1_B0,B0
Hsp90b1_B1,B1
Hsp90b1_B3,B3
Hsp90b1_B7,B7
Hsp90b1_M3,M3
Hspa4_B1,B1
Hspa5_B3,B3
Hspa5_B4,B4
Hspa5_M1,M1
Hspa5_M2,M2
Hspa5_M3,M3
Hspa5_M4,M4
Hspa5_O10,O10
Hspa5_T2,T2
Hspa8_B5,B5
Hspa8_M0,M0
Hspa8_M3,M3
Hspa8_T0,T0
Hspa8_T1,T1
Hspa8_T2,T2
Hspa9_M1,M1
Hspa9_M3,M3
Hspd1_M3,M3
Hspe1_B5,B5
Hspe1_M3,M3
Htra1_O4,O4
Icos_M5,M5
Icos_T1,T1
Icos_T2,T2
Icos_T4,T4
Icos_T5,T5
Id2_M0,M0
Id2_M3,M3
Id2_T2,T2
Ier3_M0,M0
Ier3_M1,M1
Ier3_M3,M3
Ier3_M5,M5
Ier5_B3,B3
Ier5_M0,M0
Ifi205_M4,M4
Ifi207_M0,M0
Ifi27l2a_B4,B4
Ifi27l2a_T1,T1
Ifi27l2a_T2,T2
Ifi30_B0,B0
Ifi30_B1,B1
Ifi30_B2,B2
Ifi30_B4,B4
Ifi30_B5,B5
Ifi30_M1,M1
Ifi30_M3,M3
Ifi44_M0,M0
Ifitm1_M2,M2
Ifitm2_M3,M3
Ifitm2_M4,M4
Ifitm3_M0,M0
Ifitm3_M2,M2
Ifitm3_M3,M3
Ifitm3_O7,O7
Ifnar1_B0,B0
Ifnar1_M3,M3
Ifnar2_B3,B3
Ifnar2_M3,M3
Ifngr1_B6_0,B60
Ifngr1_M4,M4
Ifngr1_M5,M5
Ifngr1_T1,T1
Ifngr1_T3,T3
Ifngr1_T5,T5
Ifngr1_T7,T7
Ifngr2_M3,M3
Ifngr2_M4,M4
Ifrd1_B3,B3
Ifrd1_M2,M2
Ifrd1_O10,O10
Ift20_B3,B3
Igfbp6_O7,O7
Igfbp7_O7,O7
Igha_B0,B0
Igha_B1,B1
Igha_B2,B2
Igha_B3,B3
Igha_B4,B4
Igha_B5,B5
Igha_B6_0,B60
Igha_B7,B7
Igha_M0,M0
Igha_M1,M1
Igha_M2,M2
Igha_M3,M3
Igha_M4,M4
Igha_M5,M5
Igha_O10,O10
Igha_T1,T1
Igha_T2,T2
Igha_T3,T3
Igha_T4,T4
Igha_T5,T5
Igha_T6,T6
Igha_T7,T7
Ighd_B0,B0
Ighd_B2,B2
Ighd_B3,B3
Ighd_B4,B4
Ighd_B5,B5
Ighd_B6_0,B60
Ighd_B7,B7
Ighg1_B0,B0
Ighg1_B1,B1
Ighg1_B2,B2
Ighg1_B3,B3
Ighg1_B4,B4
Ighg1_B5,B5
Ighg1_B6_0,B60
Ighg1_B7,B7
Ighg2b_B0,B0
Ighg2b_B1,B1
Ighg2b_B2,B2
Ighg2b_B3,B3
Ighg2b_B4,B4
Ighg2b_B5,B5
Ighg2b_B6_0,B60
Ighg2c_B0,B0
Ighg2c_B1,B1
Ighg2c_B2,B2
Ighg2c_B3,B3
Ighg2c_B4,B4
Ighg2c_B5,B5
Ighg2c_B6_0,B60
Ighg2c_B7,B7
Ighg3_B2,B2
Ighg3_B3,B3
Ighg3_B4,B4
Ighg3_B5,B5
Ighj4_B3,B3
Ighm_B0,B0
Ighm_B1,B1
Ighm_B2,B2
Ighm_B3,B3
Ighm_B4,B4
Ighm_B5,B5
Ighm_B7,B7
Ighv1-14_B2,B2
Ighv1-14_B3,B3
Ighv1-19_B3,B3
Ighv1-2_B2,B2
Ighv1-2_B3,B3
Ighv1-22_B3,B3
Ighv1-25_B3,B3
Ighv1-26_B2,B2
Ighv1-33_B3,B3
Ighv1-34_B3,B3
Ighv1-39_B2,B2
Ighv1-4_B3,B3
Ighv1-42_B3,B3
Ighv1-5_B2,B2
Ighv1-5_B3,B3
Ighv1-50_B3,B3
Ighv1-52_B3,B3
Ighv1-53_B1,B1
Ighv1-53_B3,B3
Ighv1-54_B2,B2
Ighv1-54_B3,B3
Ighv1-55_B2,B2
Ighv1-56_B3,B3
Ighv1-61_B3,B3
Ighv1-63_B3,B3
Ighv1-64_B2,B2
Ighv1-64_B3,B3
Ighv1-66_B2,B2
Ighv1-66_B3,B3
Ighv1-69_B2,B2
Ighv1-69_B3,B3
Ighv1-74_B1,B1
Ighv1-74_B2,B2
Ighv1-74_B3,B3
Ighv1-74_B7,B7
Ighv1-77_B2,B2
Ighv1-77_B3,B3
Ighv1-78_B3,B3
Ighv1-80_B2,B2
Ighv1-80_B3,B3
Ighv1-81_B3,B3
Ighv1-82_B2,B2
Ighv1-82_B3,B3
Ighv1-83_B3,B3
Ighv1-85_B3,B3
Ighv1-9_B2,B2
Ighv1-9_B3,B3
Ighv14-1_B2,B2
Ighv14-1_B3,B3
Ighv14-2_B3,B3
Ighv14-3_B2,B2
Ighv14-3_B3,B3
Ighv2-2_B3,B3
Ighv2-3_B3,B3
Ighv2-5_B2,B2
Ighv2-6_B3,B3
Ighv2-6-8_B3,B3
Ighv2-9_B2,B2
Ighv2-9_B3,B3
Ighv2-9-1_B3,B3
Ighv3-1_B2,B2
Ighv3-1_B3,B3
Ighv3-2_B1,B1
Ighv3-2_B3,B3
Ighv3-6_B2,B2
Ighv3-8_B3,B3
Ighv4-1_B3,B3
Ighv4-2_B2,B2
Ighv5-12_B2,B2
Ighv5-15_B3,B3
Ighv5-17_B2,B2
Ighv5-17_B3,B3
Ighv5-4_B3,B3
Ighv5-4_B7,B7
Ighv5-6_B1,B1
Ighv5-6_B3,B3
Ighv5-6_B5,B5
Ighv5-6_B7,B7
Ighv5-9_B3,B3
Ighv5-9_B7,B7
Ighv5-9-1_B3,B3
Ighv6-3_B2,B2
Ighv6-3_B3,B3
Ighv6-6_B3,B3
Ighv7-2_B3,B3
Ighv7-3_B1,B1
Ighv7-3_B2,B2
Ighv8-11_B2,B2
Ighv8-11_B3,B3
Ighv8-12_B2,B2
Ighv8-12_B3,B3
Ighv8-5_B3,B3
Ighv8-8_B2,B2
Ighv8-8_B3,B3
Ighv9-1_B3,B3
Ighv9-2_B3,B3
Ighv9-3_B0,B0
Ighv9-3_B1,B1
Ighv9-3_B2,B2
Ighv9-3_B3,B3
Ighv9-4_B3,B3
Igkc_B0,B0
Igkc_B1,B1
Igkc_B2,B2
Igkc_B3,B3
Igkc_B4,B4
Igkc_B5,B5
Igkc_B6_0,B60
Igkc_B7,B7
Igkc_M0,M0
Igkc_M2,M2
Igkc_M3,M3
Igkv1-110_B1,B1
Igkv1-110_B3,B3
Igkv1-117_B0,B0
Igkv1-117_B1,B1
Igkv1-117_B2,B2
Igkv1-117_B3,B3
Igkv1-117_B4,B4
Igkv1-117_B5,B5
Igkv1-135_B0,B0
Igkv1-135_B5,B5
Igkv10-94_B2,B2
Igkv10-94_B3,B3
Igkv10-96_B2,B2
Igkv10-96_B3,B3
Igkv10-96_B4,B4
Igkv10-96_B7,B7
Igkv12-41_B3,B3
Igkv12-44_B1,B1
Igkv12-44_B2,B2
Igkv12-44_B3,B3
Igkv12-44_B5,B5
Igkv12-46_B1,B1
Igkv12-46_B2,B2
Igkv14-111_B0,B0
Igkv14-111_B1,B1
Igkv14-111_B2,B2
Igkv14-111_B3,B3
Igkv15-103_B1,B1
Igkv15-103_B2,B2
Igkv15-103_B3,B3
Igkv16-104_B1,B1
Igkv16-104_B3,B3
Igkv17-121_B2,B2
Igkv17-121_B3,B3
Igkv17-121_B5,B5
Igkv17-127_B2,B2
Igkv17-127_B3,B3
Igkv17-127_B5,B5
Igkv2-109_B2,B2
Igkv2-109_B3,B3
Igkv3-1_B3,B3
Igkv3-1_B7,B7
Igkv3-10_B2,B2
Igkv3-10_B3,B3
Igkv3-12_B1,B1
Igkv3-12_B2,B2
Igkv3-12_B3,B3
Igkv3-2_B3,B3
Igkv3-2_B4,B4
Igkv3-4_B1,B1
Igkv3-4_B2,B2
Igkv3-4_B3,B3
Igkv3-5_B3,B3
Igkv3-7_B3,B3
Igkv4-57_B3,B3
Igkv4-59_B3,B3
Igkv4-70_B3,B3
Igkv4-72_B2,B2
Igkv4-72_B3,B3
Igkv5-39_B3,B3
Igkv5-39_B4,B4
Igkv5-43_B2,B2
Igkv5-43_B3,B3
Igkv5-48_B1,B1
Igkv5-48_B2,B2
Igkv5-48_B3,B3
Igkv6-13_B3,B3
Igkv6-17_B2,B2
Igkv6-17_B3,B3
Igkv6-20_B1,B1
Igkv6-20_B3,B3
Igkv6-23_B2,B2
Igkv6-23_B3,B3
Igkv6-25_B1,B1
Igkv6-25_B3,B3
Igkv6-32_B2,B2
Igkv6-32_B3,B3
Igkv8-21_B2,B2
Igkv8-21_B3,B3
Igkv8-24_B2,B2
Igkv8-28_B3,B3
Igkv9-120_B1,B1
Igkv9-120_B2,B2
Igkv9-120_B3,B3
Igkv9-124_B4,B4
Iglc1_B0,B0
Iglc1_B1,B1
Iglc1_B2,B2
Iglc1_B3,B3
Iglc1_B4,B4
Iglc1_B5,B5
Iglc1_B7,B7
Iglc2_B0,B0
Iglc2_B1,B1
Iglc2_B2,B2
Iglc2_B3,B3
Iglc2_B4,B4
Iglc2_B5,B5
Iglc2_B6_0,B60
Iglc2_B7,B7
Iglc3_B0,B0
Iglc3_B1,B1
Iglc3_B2,B2
Iglc3_B3,B3
Iglc3_B4,B4
Iglc3_B5,B5
Iglc3_M7,M7
Iglc4_B3,B3
Iglv1_B0,B0
Iglv1_B1,B1
Iglv1_B2,B2
Iglv1_B3,B3
Iglv1_B4,B4
Iglv1_B5,B5
Iglv1_B7,B7
Iglv2_B3,B3
Iglv3_B0,B0
Iglv3_B1,B1
Iglv3_B2,B2
Iglv3_B3,B3
Iglv3_B4,B4
Iglv3_B5,B5
Iglv3_B6_0,B60
Iglv3_B7,B7
Igsf6_M0,M0
Igsf6_M1,M1
Iigp1_M0,M0
Ikbkb_M1,M1
Ikbkb_M3,M3
Ikzf2_T2,T2
Il12rb2_T0,T0
Il18r1_B6_0,B60
Il18r1_M5,M5
Il18r1_T0,T0
Il18r1_T4,T4
Il18rap_T0,T0
Il1b_M0,M0
Il1b_M3,M3
Il1r1_T4,T4
Il1r2_M2,M2
Il1r2_M3,M3
Il1r2_M5,M5
Il1rn_M0,M0
Il1rn_M5,M5
Il2rb_M5,M5
Il2rb_T4,T4
Il2rb_T5,T5
Il2rb_T7,T7
Il2rg_M3,M3
Il2rg_M5,M5
Il2rg_T2,T2
Il7r_M5,M5
Il7r_T2,T2
Il7r_T4,T4
Il7r_T5,T5
Inhba_M0,M0
Iqgap1_B3,B3
Iqgap1_M3,M3
Iqgap1_M5,M5
Iqgap1_T2,T2
Iqgap1_T3,T3
Irf1_M4,M4
Irf1_M5,M5
Irf2bp2_B1,B1
Irf2bp2_M0,M0
Irf2bp2_M3,M3
Irf5_M3,M3
Irf8_B1,B1
Irf8_B4,B4
Irf8_B5,B5
Irf8_M0,M0
Irf8_M1,M1
Irf8_M3,M3
Irs2_T7,T7
Iscu_M4,M4
Isg15_M2,M2
Ist1_M3,M3
Isy1_M5,M5
Isy1_T4,T4
Isy1_T7,T7
Itga4_B3,B3
Itga4_M4,M4
Itgae_M4,M4
Itgal_M5,M5
Itgal_T4,T4
Itgal_T5,T5
Itgav_T2,T2
Itgax_M1,M1
Itgax_M3,M3
Itgb1_M0,M0
Itgb1_M5,M5
Itgb1_T5,T5
Itgb2_M0,M0
Itgb2_M3,M3
Itgb2_M5,M5
Itk_B6_0,B60
Itk_M5,M5
Itk_T1,T1
Itk_T3,T3
Itm2b_B4,B4
Itm2b_B5,B5
Itm2b_M0,M0
Itm2b_M1,M1
Itm2b_M3,M3
Itm2b_M5,M5
Itm2b_O7,O7
Itm2b_T0,T0
Itm2b_T2,T2
Itm2b_T4,T4
Itm2c_M1,M1
Itm2c_M3,M3
Itpr1_M4,M4
Itprid2_M1,M1
Itprid2_M3,M3
Itprid2_M4,M4
Ivns1abp_M5,M5
Ivns1abp_T5,T5
Jak1_T4,T4
Jak2_M1,M1
Jak2_M3,M3
Jak2_M4,M4
Jak2_M5,M5
Jak2_T1,T1
Jak2_T2,T2
Jchain_B3,B3
Jchain_B4,B4
Jchain_M3,M3
Jmjd1c_B3,B3
Jmjd1c_B4,B4
Jmjd1c_M1,M1
Jpt1_B3,B3
Jpt1_M3,M3
Jpt1_M4,M4
Junb_B1,B1
Junb_M1,M1
Junb_M4,M4
Junb_T1,T1
Junb_T5,T5
Jund_B1,B1
Jund_B3,B3
Jund_B5,B5
Jund_M3,M3
Jund_M4,M4
Jund_M5,M5
Jund_T0,T0
Jund_T1,T1
Jund_T2,T2
Jund_T3,T3
Jund_T4,T4
Jund_T6,T6
Jund_T7,T7
Kctd12_M3,M3
Kdm6b_B5,B5
Kdm6b_M1,M1
Kdm6b_M3,M3
Kdm6b_T4,T4
Kdm7a_M1,M1
Kdm7a_M3,M3
Kdr_O10,O10
Khdrbs1_M3,M3
Khdrbs1_T2,T2
Kif11_T5,T5
Kif15_T5,T5
Kif1b_T6,T6
Kif2a_T5,T5
Kif4_T5,T5
Kif5b_M1,M1
Kif5b_M4,M4
Kit_M3,M3
Kit_T7,T7
Klf2_T6,T6
Klf2_T6_3,T63
Klf4_T7,T7
Klf6_M0,M0
Klf6_M3,M3
Klf6_O10,O10
Kmo_M7,M7
Kmt2e_B1,B1
Kmt2e_B3,B3
Knl1_T5,T5
Kras_B2,B2
Kras_B5,B5
Kras_M0,M0
Kras_T1,T1
Krt83_T7,T7
Krtcap2_T5,T5
Lactb_M4,M4
Lamp1_M1,M1
Lamp1_M3,M3
Lamp1_M5,M5
Lamp2_B3,B3
Lamp2_M0,M0
Lamp2_M3,M3
Lamp2_M4,M4
Lamp2_M5,M5
Lamtor2_M1,M1
Laptm4a_M0,M0
Laptm4a_M1,M1
Laptm4a_M5,M5
Laptm5_B1,B1
Laptm5_B4,B4
Laptm5_M3,M3
Laptm5_M4,M4
Laptm5_T5,T5
Larp4b_M3,M3
Lars2_B7,B7
Lasp1_M3,M3
Lat_M5,M5
Lat_T0,T0
Lat_T1,T1
Lat_T4,T4
Lck_B6_0,B60
Lck_M5,M5
Lck_T0,T0
Lck_T3,T3
Lck_T5,T5
Lcp1_B1,B1
Lcp1_B4,B4
Lcp1_M1,M1
Lcp1_M3,M3
Lcp1_T0,T0
Lcp1_T2,T2
Lcp1_T3,T3
Lcp1_T4,T4
Lcp1_T5,T5
Lcp1_T7,T7
Lcp2_M1,M1
Ldha_M0,M0
Ldha_T0,T0
Ldha_T2,T2
Ldha_T5,T5
Lef1_T6,T6
Lefty1_M7,M7
Lgals1_T2,T2
Lgals3_M1,M1
Lgals3_M3,M3
Lgals3_M4,M4
Lgals3_M7,M7
Lgals3_T4,T4
Lgmn_M1,M1
Lgmn_M3,M3
Lilr4b_M3,M3
Lilr4b_T0,T0
Lilrb4a_M0,M0
Lilrb4a_M3,M3
Lilrb4a_M5,M5
Lilrb4a_T0,T0
Limd2_M5,M5
Limd2_T5,T5
Litaf_M3,M3
Litaf_M4,M4
Llph_B5,B5
Llph_M3,M3
Lman1_B3,B3
Lmna_B3,B3
Lmna_M1,M1
Lmna_O10,O10
Lmnb1_B1,B1
Lmnb1_M2,M2
Lmnb1_M4,M4
Lnpep_B1,B1
Lnpep_M4,M4
Lockd_T5,T5
Lpar6_M4,M4
Lpcat2_M1,M1
Lpcat2_M3,M3
Lpgat1_M7,M7
Lrg1_M2,M2
Lrp8_M7,M7
Lrrc8d_M3,M3
Lrrfip1_M3,M3
Lrrk1_M4,M4
Lsm12_M3,M3
Lsm6_M4,M4
Lsp1_T4,T4
Lsp1_T5,T5
Lst1_M0,M0
Lst1_M1,M1
Lst1_M3,M3
Lst1_M5,M5
Ltb_B1,B1
Ltb_T1,T1
Ltb_T5,T5
Luc7l2_B2,B2
Luc7l2_B5,B5
Luc7l2_M0,M0
Luc7l2_M1,M1
Luc7l2_T1,T1
Luc7l2_T2,T2
Luc7l2_T4,T4
Luc7l2_T6,T6
Ly6a_B1,B1
Ly6a_B3,B3
Ly6a_M0,M0
Ly6a_M5,M5
Ly6a_M7,M7
Ly6a_O10,O10
Ly6a_T0,T0
Ly6a_T4,T4
Ly6a_T5,T5
Ly6c2_B3,B3
Ly6d_B1,B1
Ly6d_B3,B3
Ly6d_M7,M7
Ly6e_B3,B3
Ly6e_M0,M0
Ly6e_M1,M1
Ly6e_M4,M4
Ly6e_M5,M5
Ly6e_T2,T2
Ly6e_T3,T3
Ly6e_T4,T4
Ly6i_M0,M0
Ly86_B1,B1
Ly86_M3,M3
Ly86_M4,M4
Lyn_B0,B0
Lyn_B1,B1
Lyn_M3,M3
Lyn_M4,M4
Lyn_M7,M7
Lyst_M2,M2
Lyz2_B7,B7
Lyz2_M0,M0
Lyz2_M1,M1
Lyz2_M3,M3
Lyz2_M5,M5
Lyz2_T0,T0
Lztfl1_B3,B3
M6pr_M0,M0
Maf_T1,T1
Maf_T2,T2
Maf_T5,T5
Mafb_M0,M0
Mafb_M5,M5
Malat1_B1,B1
Malat1_B7,B7
Malat1_M2,M2
Malat1_T0,T0
Malat1_T2,T2
Malat1_T3,T3
Malat1_T4,T4
Malat1_T5,T5
Malt1_B2,B2
Malt1_B5,B5
Malt1_M0,M0
Malt1_M1,M1
Malt1_M3,M3
Malt1_M4,M4
Malt1_M5,M5
Malt1_T2,T2
Man1a_B1,B1
Man1a_B3,B3
Man1a_M1,M1
Man1a_M5,M5
Man2b1_M0,M0
Man2b1_M1,M1
Manf_B3,B3
Manf_M0,M0
Manf_M1,M1
Manf_M3,M3
Map1lc3b_B1,B1
Map1lc3b_B3,B3
Map1lc3b_M0,M0
Map1lc3b_M3,M3
Map1lc3b_T1,T1
Map1lc3b_T2,T2
Map1lc3b_T3,T3
Map2k3_M1,M1
Map2k3_M4,M4
Map3k1_B5,B5
Map3k1_M5,M5
Map3k14_M3,M3
Map3k14_M4,M4
Map4k4_M1,M1
Map4k4_M3,M3
Map4k4_M4,M4
Map7d1_M1,M1
Mapk1_M4,M4
Mapkapk2_M0,M0
Mapkapk2_M1,M1
Mapkapk2_M3,M3
Mapre1_B4,B4
Marc2_B3,B3
March7_M3,M3
March7_T5,T5
Marcks_M0,M0
Marcks_M3,M3
Marcks_M4,M4
Marcksl1_M0,M0
Marcksl1_M1,M1
Marcksl1_M5,M5
Mast4_B3,B3
Mast4_T7,T7
Mat2a_B5,B5
Mat2a_M3,M3
Mbd2_B4,B4
Mbd2_T2,T2
Mbd2_T4,T4
Mbd2_T5,T5
Mbnl1_B1,B1
Mbnl1_B2,B2
Mbnl1_B4,B4
Mbnl1_B5,B5
Mbnl1_M3,M3
Mbnl1_T1,T1
Mbnl1_T2,T2
Mbnl1_T3,T3
Mbnl1_T5,T5
Mbnl1_T6,T6
Mbnl2_M4,M4
Mcl1_B1,B1
Mcl1_B3,B3
Mcl1_M2,M2
Mcl1_M3,M3
Mcl1_M4,M4
Mcl1_T1,T1
Mcl1_T2,T2
Mcl1_T3,T3
Mcl1_T4,T4
Mcl1_T5,T5
Mctp1_M4,M4
Mctp2_M7,M7
Mcur1_M4,M4
Mdh1_M4,M4
Mdh2_M3,M3
Mef2c_B1,B1
Mef2c_B4,B4
Mef2c_B5,B5
Metap2_T5,T5
Metrnl_O7,O7
Mfsd1_M3,M3
Mgat2_M4,M4
Mgl2_M1,M1
Mgst1_M0,M0
Mia2_M4,M4
Micos10_M0,M0
Mier1_T1,T1
Mier1_T2,T2
Mier1_T4,T4
Mier1_T5,T5
Mif_B5,B5
Mif_M0,M0
Mif_M3,M3
Mif_M5,M5
Mif_T2,T2
Mif_T3,T3
Mif_T4,T4
Mif_T5,T5
Mkrn1_M3,M3
Mkrn1_M4,M4
Mmp14_M1,M1
Mmrn2_O10,O10
Mob1a_M1,M1
Mob1a_M5,M5
Mob1a_T5,T5
Morf4l1_B3,B3
Morf4l2_M5,M5
Mpc1_B3,B3
Mpc1_B5,B5
Mpc1_M3,M3
Mpc1_M4,M4
Mpeg1_M0,M0
Mpeg1_M3,M3
Mpeg1_M4,M4
Mpeg1_M5,M5
Mpp7_T7,T7
Mrpl18_M4,M4
Mrpl20_B3,B3
Mrpl33_M0,M0
Mrpl33_M3,M3
Mrpl33_T4,T4
Mrpl52_B1,B1
Mrpl52_M0,M0
Mrpl57_B3,B3
Mrpl57_M4,M4
Mrpl57_T5,T5
Mrps16_M4,M4
Mrps16_T5,T5
Mrps24_B3,B3
Mrps24_M4,M4
Mrps36_T5,T5
Ms4a1_B1,B1
Ms4a1_B4,B4
Ms4a4b_B6_0,B60
Ms4a4b_T0,T0
Ms4a4b_T1,T1
Ms4a4b_T5,T5
Ms4a4c_M0,M0
Ms4a6b_M0,M0
Ms4a6b_M1,M1
Ms4a6b_T0,T0
Ms4a6b_T5,T5
Ms4a6b_T6,T6
Ms4a6c_M0,M0
Ms4a6c_M1,M1
Ms4a6c_M3,M3
Ms4a6c_M5,M5
Ms4a6d_M0,M0
Ms4a7_M1,M1
Msn_B1,B1
Msn_M0,M0
Msn_M3,M3
Msn_T3,T3
Msrb1_M0,M0
Msrb1_M1,M1
Msrb1_M5,M5
mt-Atp6_B0,B0
mt-Atp6_B1,B1
mt-Atp6_B2,B2
mt-Atp6_B3,B3
mt-Atp6_B4,B4
mt-Atp6_B5,B5
mt-Atp6_M0,M0
mt-Atp6_M1,M1
mt-Atp6_T0,T0
mt-Atp6_T2,T2
mt-Atp6_T3,T3
mt-Atp6_T4,T4
mt-Atp6_T5,T5
mt-Atp6_T6,T6
mt-Atp6_T7,T7
mt-Atp8_B1,B1
mt-Atp8_B3,B3
mt-Co1_M0,M0
mt-Co1_M1,M1
mt-Co1_M2,M2
mt-Co1_M4,M4
mt-Co1_T1,T1
mt-Co1_T2,T2
mt-Co1_T3,T3
mt-Co1_T4,T4
mt-Co2_B0,B0
mt-Co2_B1,B1
mt-Co2_B2,B2
mt-Co2_B3,B3
mt-Co2_B4,B4
mt-Co2_B5,B5
mt-Co2_M0,M0
mt-Co2_M1,M1
mt-Co2_T2,T2
mt-Co2_T4,T4
mt-Co2_T5,T5
mt-Co2_T6,T6
mt-Co3_B0,B0
mt-Co3_B1,B1
mt-Co3_B2,B2
mt-Co3_B3,B3
mt-Co3_B4,B4
mt-Co3_B5,B5
mt-Co3_M0,M0
mt-Co3_M1,M1
mt-Co3_M3,M3
mt-Co3_M5,M5
mt-Co3_T2,T2
mt-Co3_T3,T3
mt-Co3_T4,T4
mt-Co3_T5,T5
mt-Co3_T6,T6
mt-Cytb_B1,B1
mt-Cytb_B2,B2
mt-Cytb_B3,B3
mt-Cytb_M0,M0
mt-Cytb_M4,M4
mt-Cytb_T2,T2
mt-Cytb_T4,T4
mt-Cytb_T6,T6
mt-Nd1_B0,B0
mt-Nd1_B1,B1
mt-Nd1_B2,B2
mt-Nd1_B3,B3
mt-Nd1_B5,B5
mt-Nd1_M0,M0
mt-Nd1_M1,M1
mt-Nd1_M3,M3
mt-Nd1_M5,M5
mt-Nd1_T0,T0
mt-Nd1_T2,T2
mt-Nd1_T4,T4
mt-Nd1_T5,T5
mt-Nd1_T6,T6
mt-Nd2_B0,B0
mt-Nd2_B1,B1
mt-Nd2_B2,B2
mt-Nd2_B3,B3
mt-Nd2_B4,B4
mt-Nd2_B5,B5
mt-Nd2_M1,M1
mt-Nd2_M3,M3
mt-Nd2_M5,M5
mt-Nd2_T0,T0
mt-Nd2_T2,T2
mt-Nd2_T4,T4
mt-Nd2_T5,T5
mt-Nd3_B0,B0
mt-Nd3_B1,B1
mt-Nd3_B2,B2
mt-Nd3_B3,B3
mt-Nd3_B5,B5
mt-Nd3_M3,M3
mt-Nd3_M5,M5
mt-Nd3_T1,T1
mt-Nd3_T3,T3
mt-Nd3_T4,T4
mt-Nd3_T6,T6
mt-Nd4_B0,B0
mt-Nd4_B1,B1
mt-Nd4_B2,B2
mt-Nd4_B3,B3
mt-Nd4_B4,B4
mt-Nd4_M1,M1
mt-Nd4_M3,M3
mt-Nd4_T2,T2
mt-Nd4_T4,T4
mt-Nd4_T5,T5
mt-Nd4_T6,T6
mt-Nd4l_B1,B1
mt-Nd4l_B2,B2
mt-Nd4l_B3,B3
mt-Nd4l_B4,B4
mt-Nd4l_M3,M3
mt-Nd4l_T1,T1
mt-Nd4l_T4,T4
mt-Nd4l_T5,T5
mt-Nd4l_T6,T6
mt-Nd4l_T7,T7
mt-Nd5_B2,B2
mt-Nd5_M0,M0
mt-Nd5_M1,M1
mt-Nd5_M3,M3
mt-Nd5_T3,T3
mt-Nd5_T4,T4
mt-Nd5_T6,T6
Mt1_B3,B3
Mt1_M0,M0
Mt1_M3,M3
Mt1_O7,O7
Mt2_O7,O7
Mtch2_M4,M4
Mtdh_B1,B1
Mtdh_B3,B3
Mtdh_B4,B4
Mtdh_B5,B5
Mtdh_M4,M4
Mtf2_B4,B4
Mtpn_M0,M0
Mxd1_M0,M0
Mxd1_M1,M1
Mxd1_M2,M2
Mxd1_M3,M3
Mxd1_M5,M5
Mxi1_T5,T5
Myc_B5,B5
Mycbp2_B1,B1
Mycbp2_B5,B5
Myh9_M1,M1
Myh9_T1,T1
Myh9_T3,T3
Myh9_T4,T4
Myl12a_M0,M0
Myl12a_M3,M3
Myl12a_T1,T1
Myl12a_T2,T2
Myl12a_T3,T3
Myl12b_B1,B1
Myl12b_B5,B5
Myl12b_M3,M3
Myl12b_T2,T2
Myl12b_T3,T3
Myl12b_T5,T5
Myl6_B0,B0
Myl6_B3,B3
Myl6_M2,M2
Myl6_M3,M3
Myl6_M5,M5
Myof_M0,M0
Mzb1_B3,B3
N4bp2l2_B1,B1
N4bp2l2_B5,B5
Naaa_M4,M4
Nab1_T5,T5
Naca_M3,M3
Naca_T5,T5
Naca_T7,T7
Nampt_M5,M5
Nap1l1_B1,B1
Nap1l1_B4,B4
Nap1l1_M0,M0
Nap1l1_T3,T3
Napsa_B1,B1
Napsa_B4,B4
Napsa_B5,B5
Napsa_M3,M3
Napsa_M4,M4
Nars_B3,B3
Nars_M4,M4
Ncam1_O4,O4
Ncf1_B5,B5
Ncf1_M4,M4
Ncf2_M1,M1
Ncf4_M0,M0
Ncf4_M3,M3
Nckap1l_M1,M1
Ncl_B0,B0
Ncl_B1,B1
Ncl_B3,B3
Ncl_B5,B5
Ncl_M5,M5
Ncl_O7,O7
Ncl_T0,T0
Ncl_T1,T1
Ncl_T2,T2
Ncl_T3,T3
Ncoa7_M4,M4
Ncoa7_T7,T7
Ncor1_T1,T1
Ncor1_T2,T2
Ndfip1_B1,B1
Ndfip1_T0,T0
Ndfip1_T1,T1
Ndfip1_T2,T2
Ndfip1_T3,T3
Ndfip1_T4,T4
Ndfip1_T5,T5
Ndufa1_B3,B3
Ndufa1_M0,M0
Ndufa1_M3,M3
Ndufa1_T4,T4
Ndufa12_M4,M4
Ndufa13_B1,B1
Ndufa13_M0,M0
Ndufa13_M3,M3
Ndufa13_O7,O7
Ndufa13_T2,T2
Ndufa13_T4,T4
Ndufa2_B1,B1
Ndufa2_T3,T3
Ndufa2_T4,T4
Ndufa4_B3,B3
Ndufa4_M3,M3
Ndufa4_T1,T1
Ndufa4_T2,T2
Ndufa6_B1,B1
Ndufa6_M0,M0
Ndufa6_M3,M3
Ndufa7_M0,M0
Ndufa7_T4,T4
Ndufab1_M4,M4
Ndufb1-ps_B5,B5
Ndufb1-ps_M3,M3
Ndufb1-ps_T2,T2
Ndufb1-ps_T3,T3
Ndufb1-ps_T4,T4
Ndufb1-ps_T7,T7
Ndufb10_B3,B3
Ndufb10_M3,M3
Ndufb11_B1,B1
Ndufb11_M1,M1
Ndufb11_M3,M3
Ndufb11_M4,M4
Ndufb3_M3,M3
Ndufb3_T5,T5
Ndufb5_M1,M1
Ndufb5_M3,M3
Ndufb7_T4,T4
Ndufb8_M0,M0
Ndufb8_M3,M3
Ndufb9_M0,M0
Ndufb9_M4,M4
Ndufc1_M0,M0
Ndufc1_M3,M3
Ndufc2_M0,M0
Ndufs3_B3,B3
Ndufs5_B3,B3
Ndufs6_M1,M1
Ndufs6_M3,M3
Ndufs8_B3,B3
Ndufv2_M4,M4
Neat1_B3,B3
Neat1_M3,M3
Nedd8_B3,B3
Nedd8_M0,M0
Nedd8_M3,M3
Nedd8_T7,T7
Neurl3_B0,B0
Neurl3_M3,M3
Neurl3_M5,M5
Nfe2l2_M3,M3
Nfe2l2_M4,M4
Nfkb1_M1,M1
Nfkbia_B3,B3
Nfkbia_M0,M0
Nfkbia_M3,M3
Nfkbia_M4,M4
Nfkbia_O10,O10
Nfkbia_T1,T1
Nfkbia_T2,T2
Nfkbia_T4,T4
Nfkbia_T5,T5
Nfkbid_B5,B5
Nfkbie_M0,M0
Nfkbiz_M5,M5
Ninj1_M0,M0
Ninj1_M3,M3
Ninj1_M5,M5
Nkg7_T0,T0
Nkg7_T3,T3
Nktr_B4,B4
Nktr_M0,M0
Nktr_T1,T1
Nktr_T4,T4
Nlrp3_M0,M0
Nlrp3_M5,M5
Nme1_B5,B5
Nme1_T5,T5
Nme2_B1,B1
Nme2_B3,B3
Nme2_B5,B5
Nme2_M3,M3
Nme2_T2,T2
Nmt1_M4,M4
Nol7_B3,B3
Nono_M4,M4
Nop10_B3,B3
Nop10_M3,M3
Nop10_M4,M4
Nop53_B4,B4
Nop58_B5,B5
Npc2_B3,B3
Npc2_M0,M0
Npc2_M3,M3
Npc2_M5,M5
Npc2_T2,T2
Npm1_B1,B1
Npm1_B3,B3
Npm1_B5,B5
Npm1_M3,M3
Npm1_M5,M5
Npm1_T1,T1
Npm1_T3,T3
Npm1_T5,T5
Nptn_M3,M3
Nr3c1_T1,T1
Nr3c1_T2,T2
Nr3c1_T4,T4
Nr4a1_B5,B5
Nr4a2_T3,T3
Nr4a2_T6_3,T63
Nr4a3_B5,B5
Nr4a3_M3,M3
Nr4a3_M5,M5
Nrd1_B3,B3
Nrip1_M4,M4
Nrip1_M5,M5
Nrip1_T1,T1
Nrip1_T2,T2
Nrip1_T5,T5
Nrros_M3,M3
Nsa2_M3,M3
Nsd1_M4,M4
Nsd3_T5,T5
Nt5c_M4,M4
Nucks1_B1,B1
Nucks1_B4,B4
Nudt4_M2,M2
Nusap1_T5,T5
Oaz1_M3,M3
Oaz1_T1,T1
Odc1_B1,B1
Odc1_B3,B3
Odc1_M4,M4
Odc1_T7,T7
Olfm1_M4,M4
Olfml3_O4,O4
Orai1_M4,M4
Ost4_B1,B1
Ost4_B3,B3
Ost4_M0,M0
Ostf1_B1,B1
Ostf1_M0,M0
Ostf1_M1,M1
Ostf1_M3,M3
Ostf1_M4,M4
Ostf1_T1,T1
Ostf1_T2,T2
Ostf1_T7,T7
P2ry10_M3,M3
P2ry10_M4,M4
P2ry10_M5,M5
P2ry10_T1,T1
P2ry10_T4,T4
P2ry10_T5,T5
P2ry6_M1,M1
P4hb_B3,B3
P4hb_M0,M0
P4hb_M1,M1
P4hb_M3,M3
Pa2g4_T5,T5
Pabpc1_M0,M0
Pabpc1_M1,M1
Pabpc1_M3,M3
Pabpc1_M4,M4
Pabpc1_M5,M5
Pabpn1_T5,T5
Pacsin1_M7,M7
Pafah1b1_B1,B1
Pafah1b1_B3,B3
Pafah1b1_M1,M1
Pafah1b1_M5,M5
Pafah1b1_T2,T2
Pafah1b1_T3,T3
Pafah1b3_B3,B3
Paip2_B3,B3
Paip2_T1,T1
Paip2_T2,T2
Paip2_T5,T5
Pak1_M4,M4
Pak2_B1,B1
Pak2_M1,M1
Pak2_M3,M3
Pak2_T1,T1
Palld_T7,T7
Park7_M1,M1
Park7_M3,M3
Pax5_B2,B2
Pbrm1_B4,B4
Pcbp1_B5,B5
Pcbp1_M1,M1
Pcbp2_B1,B1
Pcbp2_T2,T2
Pcdh17_O10,O10
Pclaf_T5,T5
Pcmtd1_B4,B4
Pcsk5_O7,O7
Pdcd1_T4,T4
Pdcd10_M0,M0
Pdcd10_M3,M3
Pdcd4_T3,T3
Pdcd4_T5,T5
Pdcd5_M3,M3
Pdcd6_M4,M4
Pde2a_T6_3,T63
Pde4b_M0,M0
Pde4b_M1,M1
Pde4b_M3,M3
Pdia3_B3,B3
Pdia3_M0,M0
Pdia3_M3,M3
Pdia3_M4,M4
Pdia3_O10,O10
Pdia3_T2,T2
Pdia3_T4,T4
Pdia3_T5,T5
Pdia6_B3,B3
Pdia6_M0,M0
Pdia6_M3,M3
Pdia6_O7,O7
Pdia6_T5,T5
Pfdn5_B1,B1
Pfdn5_B4,B4
Pfdn5_M3,M3
Pfdn5_T5,T5
Pfn1_B1,B1
Pfn1_B4,B4
Pfn1_M0,M0
Pfn1_M1,M1
Pfn1_M3,M3
Pfn1_M4,M4
Pfn1_M5,M5
Pfn1_T0,T0
Pfn1_T1,T1
Pfn1_T2,T2
Pfn1_T3,T3
Pfn1_T4,T4
Pfn1_T5,T5
Pgam1_M4,M4
Pgam1_M5,M5
Pgam1_T5,T5
Pgk1_B4,B4
Pgk1_M0,M0
Pgk1_M5,M5
Pgls_T5,T5
Pglyrp1_M2,M2
Phb2_T5,T5
Phc2_M4,M4
Phgdh_B3,B3
Pi16_O7,O7
Picalm_M1,M1
Picalm_M3,M3
Pik3ap1_B4,B4
Pik3ap1_M3,M3
Pik3r1_M3,M3
Pik3r1_T3,T3
Pim1_B3,B3
Pim1_T2,T2
Pim1_T3,T3
Pir_M7,M7
Pitpna_M0,M0
Pitpna_M3,M3
Pkib_M3,M3
Pkm_M0,M0
Pkm_M3,M3
Pkm_M5,M5
Pla2g7_M0,M0
Pla2g7_M1,M1
Pla2g7_M3,M3
Pla2g7_M5,M5
Plaat3_M4,M4
Plaat3_M5,M5
Plaat3_T5,T5
Plac8_B5,B5
Plaur_M1,M1
Plaur_M3,M3
Plbd1_M1,M1
Plbd1_M4,M4
Pld4_M0,M0
Pld4_M1,M1
Pld4_M4,M4
Pld4_M5,M5
Plek_B1,B1
Plek_B4,B4
Plek_M3,M3
Plek_M4,M4
Plekho1_B4,B4
Plekho1_M3,M3
Plekho1_M4,M4
Plekho2_M0,M0
Plekho2_M1,M1
Plekho2_M3,M3
Plekho2_M5,M5
Pmepa1_M4,M4
Pmepa1_M5,M5
Pmvk_M3,M3
Pnisr_B1,B1
Pnn_M4,M4
Pnrc1_B5,B5
Pnrc1_T0,T0
Pnrc1_T1,T1
Pnrc1_T5,T5
Pnrc1_T7,T7
Pold4_B0,B0
Poldip3_M3,M3
Pole4_T5,T5
Polr1d_B4,B4
Polr1d_B5,B5
Polr1d_T4,T4
Polr2c_T5,T5
Polr2e_B3,B3
Polr2e_M4,M4
Pomp_B4,B4
Pomp_M0,M0
Pomp_M3,M3
Pomp_T4,T4
Pon3_B3,B3
Postn_O4,O4
Pou2af1_B3,B3
Pou2f2_B1,B1
Pou2f2_B4,B4
Ppa1_B3,B3
Ppa1_M4,M4
Ppia_B1,B1
Ppia_B2,B2
Ppia_B3,B3
Ppia_B5,B5
Ppia_M3,M3
Ppia_T1,T1
Ppia_T2,T2
Ppib_M0,M0
Ppib_M1,M1
Ppib_M3,M3
Ppig_B1,B1
Ppig_M0,M0
Ppig_M1,M1
Ppig_M3,M3
Ppm1m_M4,M4
Ppp1ca_M0,M0
Ppp1ca_M3,M3
Ppp1ca_T4,T4
Ppp1ca_T5,T5
Ppp1cc_T0,T0
Ppp1cc_T1,T1
Ppp1cc_T7,T7
Ppp1r12a_T0,T0
Ppp1r12a_T4,T4
Ppp1r15a_M3,M3
Ppp1r16b_B4,B4
Ppp1r16b_B5,B5
Ppp1r2_M3,M3
Ppp2ca_B3,B3
Ppp2ca_M1,M1
Ppp2ca_M3,M3
Ppp2ca_M4,M4
Ppp2ca_M5,M5
Ppp2ca_T2,T2
Ppp2ca_T5,T5
Ppp4r2_B4,B4
Ppp4r2_M1,M1
Ppp4r2_M3,M3
Ppp4r2_M4,M4
Ppp4r2_M5,M5
Ppp4r3b_M4,M4
Ppt1_M1,M1
Ppt1_M4,M4
Ppt1_M5,M5
Ppt2_M0,M0
Prcp_M4,M4
Prdx1_B1,B1
Prdx1_M0,M0
Prdx1_M1,M1
Prdx1_M3,M3
Prdx1_M5,M5
Prdx1_T5,T5
Prdx2_M4,M4
Prdx4_B3,B3
Prdx5_B4,B4
Prdx5_M0,M0
Prdx5_M1,M1
Prdx5_M2,M2
Prdx5_M3,M3
Prdx5_M5,M5
Prdx6_B1,B1
Prdx6_M3,M3
Prdx6_T1,T1
Prdx6_T3,T3
Prdx6_T4,T4
Prdx6_T5,T5
Prkar1a_B1,B1
Prkar1a_B3,B3
Prkar1a_M1,M1
Prkar1a_M3,M3
Prkar1a_M4,M4
Prkar1a_M5,M5
Prkar1a_T1,T1
Prkar1a_T2,T2
Prkar1a_T3,T3
Prkar1a_T4,T4
Prkar1a_T5,T5
Prkca_M7,M7
Prmt1_T5,T5
Prpf38b_M4,M4
Prr13_M1,M1
Prr13_M3,M3
Prr13_T1,T1
Prr29_T7,T7
Prrc2c_M0,M0
Prrc2c_T2,T2
Prrc2c_T4,T4
Prss23_O7,O7
Psap_M3,M3
Psap_M4,M4
Psenen_M1,M1
Psenen_M3,M3
Psip1_B3,B3
Psma1_T5,T5
Psma2_M0,M0
Psma2_M3,M3
Psma2_M5,M5
Psma2_O10,O10
Psma2_T3,T3
Psma2_T4,T4
Psma2_T5,T5
Psma3_M0,M0
Psma3_M3,M3
Psma3_M4,M4
Psma3_T4,T4
Psma3_T5,T5
Psma4_M0,M0
Psma4_M1,M1
Psma4_M3,M3
Psma4_M4,M4
Psma5_M1,M1
Psma5_M3,M3
Psma5_M4,M4
Psma5_M5,M5
Psma6_M5,M5
Psma6_T5,T5
Psma7_M0,M0
Psma7_M3,M3
Psma7_M4,M4
Psma7_O10,O10
Psma7_T4,T4
Psma7_T5,T5
Psmb1_B1,B1
Psmb1_M0,M0
Psmb1_M1,M1
Psmb1_M3,M3
Psmb1_T2,T2
Psmb1_T4,T4
Psmb1_T5,T5
Psmb10_M1,M1
Psmb10_M3,M3
Psmb10_M4,M4
Psmb10_M5,M5
Psmb2_B4,B4
Psmb2_M1,M1
Psmb2_M3,M3
Psmb2_M5,M5
Psmb2_T5,T5
Psmb3_B3,B3
Psmb3_M4,M4
Psmb4_M0,M0
Psmb4_M3,M3
Psmb4_T5,T5
Psmb6_M0,M0
Psmb6_M3,M3
Psmb8_B1,B1
Psmb8_B2,B2
Psmb8_B3,B3
Psmb8_B4,B4
Psmb8_M0,M0
Psmb8_M1,M1
Psmb8_M3,M3
Psmb8_M4,M4
Psmb8_M5,M5
Psmb8_O10,O10
Psmb8_T0,T0
Psmb8_T1,T1
Psmb8_T2,T2
Psmb8_T3,T3
Psmb8_T4,T4
Psmb8_T5,T5
Psmb8_T6,T6
Psmb8_T7,T7
Psmb9_B3,B3
Psmb9_B4,B4
Psmb9_M0,M0
Psmb9_M1,M1
Psmb9_M3,M3
Psmb9_M4,M4
Psmb9_M5,M5
Psmb9_M7,M7
Psmb9_O10,O10
Psmd4_M0,M0
Psmd4_M3,M3
Psmd4_M4,M4
Psmd8_M0,M0
Psmd8_M3,M3
Psme1_B1,B1
Psme1_B2,B2
Psme1_B3,B3
Psme1_B4,B4
Psme1_B5,B5
Psme1_M0,M0
Psme1_M1,M1
Psme1_M3,M3
Psme1_M4,M4
Psme1_O10,O10
Psme1_T0,T0
Psme1_T1,T1
Psme1_T2,T2
Psme1_T3,T3
Psme1_T5,T5
Psme1_T6,T6
Psme2_B3,B3
Psme2_B4,B4
Psme2_M0,M0
Psme2_M1,M1
Psme2_M3,M3
Psme2_M4,M4
Psme2_M5,M5
Psme2_T5,T5
Psmg4_M4,M4
Ptafr_M1,M1
Ptafr_M3,M3
Ptbp3_B1,B1
Ptbp3_M1,M1
Ptbp3_M3,M3
Pten_M0,M0
Pten_M4,M4
Ptges3_B1,B1
Ptges3_B3,B3
Ptges3_B5,B5
Ptges3_M3,M3
Ptgs2_M0,M0
Ptgs2_M3,M3
Ptgs2_M5,M5
Ptma_B3,B3
Ptma_B5,B5
Ptma_B6_0,B60
Ptma_M3,M3
Ptma_M5,M5
Ptma_T1,T1
Ptms_M3,M3
Ptms_M4,M4
Ptp4a2_B0,B0
Ptp4a2_B1,B1
Ptp4a2_B3,B3
Ptp4a2_B5,B5
Ptp4a2_M0,M0
Ptp4a2_O7,O7
Ptp4a2_T1,T1
Ptp4a2_T2,T2
Ptp4a2_T3,T3
Ptpn1_B1,B1
Ptpn1_M0,M0
Ptpn1_M1,M1
Ptpn1_M3,M3
Ptpn1_M5,M5
Ptpn18_B1,B1
Ptpn18_B5,B5
Ptpn18_M0,M0
Ptpn18_M1,M1
Ptpn18_M3,M3
Ptpn18_M4,M4
Ptpn18_T1,T1
Ptpn18_T2,T2
Ptpn18_T3,T3
Ptpn18_T4,T4
Ptpn18_T5,T5
Ptpn22_M5,M5
Ptpn22_T3,T3
Ptpn22_T4,T4
Ptpn6_B4,B4
Ptprb_O10,O10
Ptprc_B5,B5
Ptprc_M3,M3
Ptprc_M4,M4
Ptprc_M5,M5
Ptprc_T0,T0
Ptprc_T1,T1
Ptprc_T3,T3
Ptprc_T5,T5
Ptprcap_B1,B1
Ptprcap_B4,B4
Ptprcap_T2,T2
Ptprcap_T4,T4
Ptprcap_T5,T5
Ptprj_M1,M1
Pttg1_T5,T5
Pttg1ip_M4,M4
Purb_M1,M1
Pxdc1_T7,T7
Pxn_M1,M1
Pycard_B3,B3
Pycard_M0,M0
Pycard_M3,M3
Pycard_M5,M5
Rab1a_M3,M3
Rab21_M5,M5
Rab2a_B3,B3
Rab2a_T1,T1
Rab2a_T2,T2
Rab2a_T4,T4
Rab2a_T5,T5
Rab43_M4,M4
Rab5c_M1,M1
Rab5c_M4,M4
Rab5if_M5,M5
Rab6a_M4,M4
Rab7_M0,M0
Rab7_M1,M1
Rab7_M2,M2
Rab7_M3,M3
Rab8b_M1,M1
Rab8b_M3,M3
Rab8b_M4,M4
Rab8b_M5,M5
Rab8b_T0,T0
Rab8b_T1,T1
Rab8b_T2,T2
Rab8b_T3,T3
Rab8b_T4,T4
Rab8b_T5,T5
Rabac1_B1,B1
Rabac1_B3,B3
Rabac1_T1,T1
Rabac1_T2,T2
Rabac1_T4,T4
Rac1_B3,B3
Rac1_M0,M0
Rac1_M3,M3
Rac1_T1,T1
Rac2_B1,B1
Rac2_B4,B4
Rac2_M0,M0
Rac2_M4,M4
Rac2_M5,M5
Rac2_T0,T0
Rac2_T1,T1
Rac2_T2,T2
Rac2_T3,T3
Rac2_T4,T4
Rac2_T5,T5
Rac2_T7,T7
Rack1_B1,B1
Rack1_M3,M3
Rack1_M4,M4
Rack1_T2,T2
Rack1_T5,T5
Ralgps2_B2,B2
Ramp1_T4,T4
Ramp3_T1,T1
Ramp3_T7,T7
Ran_B1,B1
Ran_B4,B4
Ran_B5,B5
Ran_M0,M0
Ran_M1,M1
Ran_M3,M3
Ran_O10,O10
Ranbp1_M3,M3
Rap1a_M4,M4
Rap1a_T1,T1
Rap1a_T4,T4
Rap1a_T5,T5
Rap1b_B3,B3
Rap1b_M1,M1
Rap1b_M3,M3
Rap1b_M4,M4
Rap1b_T1,T1
Rap1b_T2,T2
Rap2a_M3,M3
Rap2a_M4,M4
Rapgef2_M3,M3
Rapgef6_T6,T6
Rasgef1b_B5,B5
Rassf3_M3,M3
Rbbp7_M4,M4
Rbm25_B1,B1
Rbm25_M0,M0
Rbm25_M3,M3
Rbm3_B1,B1
Rbm3_B4,B4
Rbm3_M3,M3
Rbm3_T2,T2
Rbm3_T3,T3
Rbm3_T4,T4
Rbm39_B1,B1
Rbm39_B3,B3
Rbm39_B4,B4
Rbm39_M1,M1
Rbm39_M4,M4
Rbm39_M5,M5
Rbm39_T2,T2
Rbm5_M5,M5
Rbms1_M0,M0
Rbms1_M1,M1
Rbms1_M3,M3
Rbpj_M0,M0
Rbpj_M1,M1
Rbpj_M3,M3
Rbpj_T4,T4
Rbx1_B1,B1
Rbx1_B4,B4
Rbx1_B5,B5
Rbx1_M0,M0
Rbx1_M3,M3
Rbx1_M4,M4
Rcbtb2_M1,M1
Rdx_T5,T5
Reep3_M4,M4
Reep5_B3,B3
Reep5_M1,M1
Reep5_T2,T2
Rel_B4,B4
Rel_B5,B5
Rel_M1,M1
Rel_M3,M3
Rel_M5,M5
Rel_T2,T2
Resf1_M2,M2
Retnlg_M2,M2
Rfx7_M4,M4
Rgl1_M1,M1
Rgs1_M1,M1
Rgs1_M3,M3
Rgs1_M5,M5
Rgs1_T4,T4
Rgs1_T5,T5
Rgs10_M0,M0
Rgs10_M1,M1
Rgs10_M3,M3
Rgs10_T6,T6
Rgs10_T6_2,T62
Rgs13_B4,B4
Rgs2_M5,M5
Rgs2_T7,T7
Rheb_B3,B3
Rheb_M3,M3
Rheb_M4,M4
Rheb_T5,T5
Rhoa_B0,B0
Rhoa_B1,B1
Rhoa_B3,B3
Rhoa_M0,M0
Rhoa_M3,M3
Rhoa_T2,T2
Rhog_M1,M1
Rhog_T5,T5
Rhoh_B2,B2
Rhoh_B4,B4
Rilpl2_B1,B1
Rilpl2_B3,B3
Rilpl2_M3,M3
Rinl_T0,T0
Rinl_T5,T5
Riok3_M4,M4
Rnase6_M4,M4
Rnase6_M7,M7
Rnasek_B1,B1
Rnasek_M0,M0
Rnasek_M1,M1
Rnasek_M3,M3
Rnasek_T4,T4
Rnf130_M0,M0
Rnf130_M3,M3
Rnf130_M5,M5
Rnf149_M3,M3
Rnf149_M5,M5
Rnf19b_M3,M3
Rnf19b_M5,M5
Rnh1_M1,M1
Rnh1_M3,M3
Rnh1_M5,M5
Rock1_B3,B3
Rock1_M0,M0
Rora_M5,M5
Rora_T1,T1
Rora_T2,T2
Rora_T3,T3
Rora_T4,T4
Rpl10_B1,B1
Rpl10_B2,B2
Rpl10_B4,B4
Rpl10_B5,B5
Rpl10_M1,M1
Rpl10_M3,M3
Rpl10_T2,T2
Rpl10_T4,T4
Rpl10_T5,T5
Rpl10a_B1,B1
Rpl10a_M0,M0
Rpl10a_M3,M3
Rpl10a_M5,M5
Rpl10a_T2,T2
Rpl10a_T3,T3
Rpl10a_T4,T4
Rpl10a_T5,T5
Rpl11_B1,B1
Rpl11_B2,B2
Rpl11_B5,B5
Rpl11_M3,M3
Rpl11_T2,T2
Rpl11_T4,T4
Rpl11_T5,T5
Rpl12_B0,B0
Rpl12_M3,M3
Rpl12_M5,M5
Rpl12_T1,T1
Rpl12_T2,T2
Rpl12_T5,T5
Rpl12_T6_2,T62
Rpl13_B1,B1
Rpl13_B5,B5
Rpl13_M0,M0
Rpl13_M3,M3
Rpl13_M4,M4
Rpl13_M5,M5
Rpl13_T5,T5
Rpl13_T6,T6
Rpl13a_B1,B1
Rpl13a_M3,M3
Rpl13a_T2,T2
Rpl13a_T4,T4
Rpl13a_T5,T5
Rpl14_B0,B0
Rpl14_B2,B2
Rpl14_M0,M0
Rpl14_M3,M3
Rpl14_M5,M5
Rpl14_T1,T1
Rpl14_T2,T2
Rpl14_T5,T5
Rpl15_M3,M3
Rpl15_T4,T4
Rpl15_T5,T5
Rpl15_T6,T6
Rpl17_B0,B0
Rpl17_B1,B1
Rpl17_B2,B2
Rpl17_B5,B5
Rpl17_M3,M3
Rpl17_M4,M4
Rpl17_T0,T0
Rpl17_T1,T1
Rpl17_T2,T2
Rpl17_T3,T3
Rpl17_T4,T4
Rpl17_T5,T5
Rpl18_M3,M3
Rpl18_T2,T2
Rpl18_T5,T5
Rpl18a_B1,B1
Rpl18a_B2,B2
Rpl18a_B3,B3
Rpl18a_M1,M1
Rpl18a_M3,M3
Rpl18a_M4,M4
Rpl18a_T2,T2
Rpl18a_T4,T4
Rpl18a_T5,T5
Rpl19_M1,M1
Rpl19_M3,M3
Rpl19_T2,T2
Rpl19_T5,T5
Rpl21_M1,M1
Rpl21_M3,M3
Rpl21_M4,M4
Rpl21_T1,T1
Rpl21_T2,T2
Rpl21_T3,T3
Rpl22_B1,B1
Rpl22_B3,B3
Rpl22_M3,M3
Rpl22_M4,M4
Rpl22_T2,T2
Rpl22l1_B0,B0
Rpl22l1_B1,B1
Rpl22l1_B3,B3
Rpl22l1_M1,M1
Rpl22l1_M3,M3
Rpl22l1_T0,T0
Rpl22l1_T1,T1
Rpl22l1_T4,T4
Rpl23_M2,M2
Rpl23_M3,M3
Rpl23_M4,M4
Rpl23_M5,M5
Rpl23_T2,T2
Rpl23_T5,T5
Rpl23_T6,T6
Rpl23_T7,T7
Rpl23a_B1,B1
Rpl23a_B5,B5
Rpl23a_M3,M3
Rpl23a_T2,T2
Rpl23a_T3,T3
Rpl23a_T4,T4
Rpl23a_T5,T5
Rpl24_B1,B1
Rpl24_B2,B2
Rpl24_M3,M3
Rpl24_M4,M4
Rpl24_T2,T2
Rpl24_T5,T5
Rpl24_T7,T7
Rpl26_B5,B5
Rpl26_M1,M1
Rpl26_M3,M3
Rpl26_T2,T2
Rpl26_T5,T5
Rpl27_B1,B1
Rpl27_M3,M3
Rpl27_T2,T2
Rpl27_T4,T4
Rpl27_T5,T5
Rpl27a_B1,B1
Rpl27a_M3,M3
Rpl27a_M4,M4
Rpl27a_T2,T2
Rpl27a_T5,T5
Rpl28_B0,B0
Rpl28_B1,B1
Rpl28_B2,B2
Rpl28_M1,M1
Rpl28_M3,M3
Rpl28_M4,M4
Rpl28_T0,T0
Rpl28_T1,T1
Rpl28_T3,T3
Rpl28_T5,T5
Rpl29_B1,B1
Rpl29_B3,B3
Rpl29_B4,B4
Rpl29_B5,B5
Rpl29_M0,M0
Rpl29_M1,M1
Rpl29_M3,M3
Rpl29_M4,M4
Rpl29_T5,T5
Rpl3_B1,B1
Rpl3_B3,B3
Rpl3_M1,M1
Rpl3_M3,M3
Rpl3_T2,T2
Rpl3_T5,T5
Rpl30_B4,B4
Rpl30_B5,B5
Rpl30_M3,M3
Rpl30_M4,M4
Rpl30_M5,M5
Rpl30_O7,O7
Rpl30_T3,T3
Rpl30_T4,T4
Rpl31_M1,M1
Rpl31_M3,M3
Rpl31_T1,T1
Rpl31_T2,T2
Rpl31_T3,T3
Rpl31_T5,T5
Rpl32_B1,B1
Rpl32_B2,B2
Rpl32_B3,B3
Rpl32_M1,M1
Rpl32_M3,M3
Rpl32_M5,M5
Rpl32_T2,T2
Rpl32_T4,T4
Rpl32_T5,T5
Rpl34_B3,B3
Rpl34_M4,M4
Rpl34_T2,T2
Rpl35_B1,B1
Rpl35_M3,M3
Rpl35_T1,T1
Rpl35_T2,T2
Rpl35_T3,T3
Rpl35_T5,T5
Rpl35a_B2,B2
Rpl35a_B3,B3
Rpl35a_B4,B4
Rpl35a_M2,M2
Rpl35a_M3,M3
Rpl35a_M4,M4
Rpl35a_M5,M5
Rpl35a_O7,O7
Rpl35a_T1,T1
Rpl35a_T4,T4
Rpl35a_T6_2,T62
Rpl36_B1,B1
Rpl36_M0,M0
Rpl36_M3,M3
Rpl36_T1,T1
Rpl36_T2,T2
Rpl36_T5,T5
Rpl36a_B4,B4
Rpl36a_B5,B5
Rpl36a_M1,M1
Rpl36a_M3,M3
Rpl36a_M5,M5
Rpl36a_T2,T2
Rpl36a_T5,T5
Rpl36al_B3,B3
Rpl36al_B4,B4
Rpl36al_M3,M3
Rpl36al_M4,M4
Rpl36al_T1,T1
Rpl37_M3,M3
Rpl37_T1,T1
Rpl37_T2,T2
Rpl37_T5,T5
Rpl37a_B5,B5
Rpl37a_M2,M2
Rpl37a_M3,M3
Rpl37a_T2,T2
Rpl38_M3,M3
Rpl39_B1,B1
Rpl39_B2,B2
Rpl39_B5,B5
Rpl39_M1,M1
Rpl39_M2,M2
Rpl39_M3,M3
Rpl39_M5,M5
Rpl39_T2,T2
Rpl39_T4,T4
Rpl4_B0,B0
Rpl4_B1,B1
Rpl4_B2,B2
Rpl4_M1,M1
Rpl4_M3,M3
Rpl4_T1,T1
Rpl4_T2,T2
Rpl4_T3,T3
Rpl4_T4,T4
Rpl4_T5,T5
Rpl41_B3,B3
Rpl41_M0,M0
Rpl41_M2,M2
Rpl41_M3,M3
Rpl41_M5,M5
Rpl5_B1,B1
Rpl5_B2,B2
Rpl5_B3,B3
Rpl5_B4,B4
Rpl5_B5,B5
Rpl5_M3,M3
Rpl5_T1,T1
Rpl5_T2,T2
Rpl5_T3,T3
Rpl5_T5,T5
Rpl6_B1,B1
Rpl6_B2,B2
Rpl6_B5,B5
Rpl6_M1,M1
Rpl6_M3,M3
Rpl6_T1,T1
Rpl6_T2,T2
Rpl6_T4,T4
Rpl6_T5,T5
Rpl7_M3,M3
Rpl7_M4,M4
Rpl7_T1,T1
Rpl7_T2,T2
Rpl7_T5,T5
Rpl7a_B1,B1
Rpl7a_M3,M3
Rpl7a_T2,T2
Rpl7a_T5,T5
Rpl8_B1,B1
Rpl8_B5,B5
Rpl8_M3,M3
Rpl8_M4,M4
Rpl8_M5,M5
Rpl8_T4,T4
Rpl8_T5,T5
Rpl9_B1,B1
Rpl9_M3,M3
Rpl9_M4,M4
Rpl9_T2,T2
Rpl9_T4,T4
Rpl9_T5,T5
Rpl9_T6_2,T62
Rplp0_B1,B1
Rplp0_M3,M3
Rplp0_T2,T2
Rplp0_T5,T5
Rplp1_B0,B0
Rplp1_B1,B1
Rplp1_B2,B2
Rplp1_B3,B3
Rplp1_B5,B5
Rplp1_T1,T1
Rplp1_T2,T2
Rplp1_T5,T5
Rplp2_M3,M3
Rplp2_M5,M5
Rplp2_T1,T1
Rplp2_T2,T2
Rplp2_T5,T5
Rplp2_T6_2,T62
Rpn1_B3,B3
Rpn1_M3,M3
Rpn1_M4,M4
Rpn2_M1,M1
Rps10_M2,M2
Rps10_M3,M3
Rps10_M4,M4
Rps10_T1,T1
Rps10_T2,T2
Rps10_T5,T5
Rps11_B1,B1
Rps11_B2,B2
Rps11_B4,B4
Rps11_M1,M1
Rps11_M3,M3
Rps11_M4,M4
Rps11_M7,M7
Rps11_T4,T4
Rps11_T5,T5
Rps12_M0,M0
Rps12_M3,M3
Rps12_M4,M4
Rps12_M5,M5
Rps12_O7,O7
Rps12_T2,T2
Rps12_T5,T5
Rps13_B0,B0
Rps13_B1,B1
Rps13_B2,B2
Rps13_B3,B3
Rps13_B4,B4
Rps13_B5,B5
Rps13_M0,M0
Rps13_M3,M3
Rps13_M4,M4
Rps13_M5,M5
Rps13_M7,M7
Rps13_T0,T0
Rps13_T2,T2
Rps13_T3,T3
Rps13_T4,T4
Rps13_T6,T6
Rps14_B3,B3
Rps14_M3,M3
Rps14_M4,M4
Rps14_M5,M5
Rps14_T2,T2
Rps14_T5,T5
Rps15_B1,B1
Rps15_B3,B3
Rps15_B5,B5
Rps15_M3,M3
Rps15_T1,T1
Rps15_T2,T2
Rps15_T3,T3
Rps15_T4,T4
Rps15_T5,T5
Rps15a_B0,B0
Rps15a_B1,B1
Rps15a_B2,B2
Rps15a_B4,B4
Rps15a_B5,B5
Rps15a_M3,M3
Rps15a_M4,M4
Rps15a_M5,M5
Rps15a_T1,T1
Rps15a_T2,T2
Rps15a_T3,T3
Rps15a_T6,T6
Rps16_B5,B5
Rps16_M2,M2
Rps16_M3,M3
Rps16_M4,M4
Rps16_M5,M5
Rps16_T1,T1
Rps16_T3,T3
Rps16_T5,T5
Rps17_M3,M3
Rps17_T1,T1
Rps17_T5,T5
Rps18_B2,B2
Rps18_B5,B5
Rps18_M3,M3
Rps18_M4,M4
Rps18_M5,M5
Rps18_T3,T3
Rps18_T5,T5
Rps19_M3,M3
Rps19_M4,M4
Rps19_M5,M5
Rps19_T2,T2
Rps19_T3,T3
Rps19_T5,T5
Rps19_T6_2,T62
Rps2_B0,B0
Rps2_B1,B1
Rps2_B2,B2
Rps2_B3,B3
Rps2_B4,B4
Rps2_B5,B5
Rps2_M0,M0
Rps2_M1,M1
Rps2_M4,M4
Rps2_M5,M5
Rps2_M7,M7
Rps2_O7,O7
Rps2_T0,T0
Rps2_T1,T1
Rps2_T2,T2
Rps2_T3,T3
Rps2_T4,T4
Rps2_T5,T5
Rps2_T6,T6
Rps20_B3,B3
Rps20_B5,B5
Rps20_M1,M1
Rps20_M3,M3
Rps20_T1,T1
Rps20_T2,T2
Rps20_T3,T3
Rps20_T4,T4
Rps20_T5,T5
Rps20_T6,T6
Rps21_M3,M3
Rps21_M5,M5
Rps21_T2,T2
Rps23_B0,B0
Rps23_B1,B1
Rps23_B2,B2
Rps23_B5,B5
Rps23_M1,M1
Rps23_M3,M3
Rps23_T5,T5
Rps24_B3,B3
Rps24_B5,B5
Rps24_M0,M0
Rps24_M3,M3
Rps24_M4,M4
Rps24_M5,M5
Rps24_O7,O7
Rps24_T1,T1
Rps24_T2,T2
Rps25_M3,M3
Rps25_T3,T3
Rps25_T5,T5
Rps26_B1,B1
Rps26_M0,M0
Rps26_M3,M3
Rps26_M4,M4
Rps26_M5,M5
Rps26_T2,T2
Rps26_T5,T5
Rps27_B1,B1
Rps27_B2,B2
Rps27_B3,B3
Rps27_M2,M2
Rps27_M3,M3
Rps27_T1,T1
Rps27_T2,T2
Rps27_T6_2,T62
Rps27a_B5,B5
Rps27a_M3,M3
Rps27a_M4,M4
Rps27a_M5,M5
Rps27a_T1,T1
Rps27a_T2,T2
Rps27a_T4,T4
Rps27a_T5,T5
Rps27l_B1,B1
Rps27l_B5,B5
Rps27l_M3,M3
Rps27l_M4,M4
Rps28_M3,M3
Rps28_T1,T1
Rps28_T2,T2
Rps29_M2,M2
Rps29_T1,T1
Rps29_T2,T2
Rps29_T6_2,T62
Rps29_T7,T7
Rps3_M3,M3
Rps3_T2,T2
Rps3_T4,T4
Rps3_T5,T5
Rps3_T6_2,T62
Rps3a1_B0,B0
Rps3a1_B1,B1
Rps3a1_B2,B2
Rps3a1_B3,B3
Rps3a1_B4,B4
Rps3a1_B5,B5
Rps3a1_M0,M0
Rps3a1_M1,M1
Rps3a1_M4,M4
Rps3a1_M5,M5
Rps3a1_M7,M7
Rps3a1_O10,O10
Rps3a1_T0,T0
Rps3a1_T1,T1
Rps3a1_T2,T2
Rps3a1_T3,T3
Rps3a1_T4,T4
Rps3a1_T5,T5
Rps3a1_T6,T6
Rps3a1_T6_2,T62
Rps3a1_T7,T7
Rps4x_B0,B0
Rps4x_B1,B1
Rps4x_B2,B2
Rps4x_B5,B5
Rps4x_M3,M3
Rps4x_T1,T1
Rps4x_T2,T2
Rps4x_T3,T3
Rps4x_T5,T5
Rps4x_T6_2,T62
Rps5_M3,M3
Rps5_M5,M5
Rps5_T2,T2
Rps5_T6_2,T62
Rps6_B1,B1
Rps6_M3,M3
Rps6_M5,M5
Rps6_T1,T1
Rps6_T2,T2
Rps6_T5,T5
Rps7_B1,B1
Rps7_B3,B3
Rps7_M3,M3
Rps7_T1,T1
Rps7_T2,T2
Rps7_T3,T3
Rps7_T5,T5
Rps8_M3,M3
Rps8_M4,M4
Rps8_M5,M5
Rps8_T1,T1
Rps8_T2,T2
Rps8_T3,T3
Rps8_T5,T5
Rps8_T6,T6
Rps9_M3,M3
Rps9_T1,T1
Rps9_T2,T2
Rps9_T5,T5
Rpsa_B1,B1
Rpsa_B2,B2
Rpsa_M3,M3
Rpsa_M5,M5
Rpsa_T1,T1
Rpsa_T2,T2
Rpsa_T5,T5
Rrbp1_B7,B7
Rrbp1_M0,M0
Rrbp1_M1,M1
Rrbp1_M3,M3
Rrbp1_M4,M4
Rrbp1_M5,M5
Rrm2_T5,T5
Rsbn1l_T2,T2
Rsbn1l_T3,T3
Rsl1d1_T5,T5
Rsrc2_B3,B3
Rsrc2_M3,M3
Rsrc2_T4,T4
Rsrp1_B3,B3
Rtcb_B4,B4
Rtcb_M4,M4
Rtn4_M1,M1
Rtn4_M3,M3
Rtp4_M2,M2
Rtraf_M3,M3
Rtraf_M4,M4
Runx1_M3,M3
Runx1_M4,M4
Runx3_B1,B1
Runx3_M1,M1
Runx3_M3,M3
Runx3_M4,M4
Runx3_M5,M5
Runx3_T5,T5
Runx3_T7,T7
Rwdd1_T4,T4
S100a10_B1,B1
S100a10_B3,B3
S100a10_T1,T1
S100a10_T2,T2
S100a11_B1,B1
S100a11_B3,B3
S100a11_M1,M1
S100a11_M3,M3
S100a11_M4,M4
S100a11_M7,M7
S100a11_T1,T1
S100a11_T2,T2
S100a4_M3,M3
S100a4_T2,T2
S100a4_T4,T4
S100a4_T5,T5
S100a4_T7,T7
S100a6_M0,M0
S100a6_M1,M1
S100a6_M3,M3
S100a6_M5,M5
S100a6_T4,T4
S100a6_T5,T5
S100a9_M2,M2
S1pr1_T6,T6
Saa3_M0,M0
Samhd1_B2,B2
Samhd1_M0,M0
Samhd1_M1,M1
Samhd1_M3,M3
Samhd1_M4,M4
Samhd1_M5,M5
Samsn1_B5,B5
Samsn1_M5,M5
Samsn1_T2,T2
Samsn1_T5,T5
Samsn1_T7,T7
Sar1a_M3,M3
Saraf_T1,T1
Saraf_T2,T2
Saraf_T3,T3
Saraf_T5,T5
Sars_B3,B3
Sat1_B1,B1
Sat1_M3,M3
Satb1_B0,B0
Satb1_M5,M5
Satb1_T0,T0
Satb1_T1,T1
Satb1_T3,T3
Satb1_T5,T5
Scaf11_B1,B1
Scand1_B1,B1
Scand1_B3,B3
Scand1_M0,M0
Scand1_M1,M1
Scand1_M3,M3
Scand1_M4,M4
Scand1_M5,M5
Scara5_O7,O7
Scd1_B0,B0
Scd1_B2,B2
Scimp_B4,B4
Scn7a_O7,O7
Scp2_M3,M3
Scpep1_M3,M3
Sdad1_M4,M4
Sdc1_B3,B3
Sdc4_B3,B3
Sdc4_M1,M1
Sdc4_M5,M5
Sdc4_T7,T7
Sdcbp_M3,M3
Sdf2l1_B3,B3
Sdf2l1_M4,M4
Sdf2l1_T5,T5
Sdf4_B3,B3
Sdf4_T0,T0
Sdf4_T2,T2
Sdf4_T5,T5
Sdhb_M4,M4
Sec11c_M3,M3
Sec11c_T4,T4
Sec11c_T5,T5
Sec11c_T7,T7
Sec61b_B1,B1
Sec61b_B3,B3
Sec61b_M3,M3
Sec61b_M5,M5
Sec61b_T0,T0
Sec61b_T3,T3
Sec61b_T4,T4
Sec61b_T5,T5
Sec61g_B3,B3
Sec61g_M3,M3
Sec61g_T0,T0
Sec61g_T2,T2
Sec61g_T4,T4
Sec61g_T5,T5
Sec62_B1,B1
Sec62_T2,T2
Sec62_T5,T5
Sel1l_B3,B3
Selenof_B3,B3
Selenof_B4,B4
Selenof_M0,M0
Selenoh_B4,B4
Selenok_B3,B3
Selenok_M0,M0
Selenok_M2,M2
Selenok_T1,T1
Selenok_T2,T2
Selenok_T3,T3
Selenok_T7,T7
Selenop_M0,M0
Selenop_M1,M1
Selenop_T4,T4
Selenos_B3,B3
Selenos_T5,T5
Selenow_B1,B1
Selenow_B5,B5
Selenow_M0,M0
Selenow_M4,M4
Selenow_T1,T1
Selenow_T2,T2
Selenow_T3,T3
Selenow_T4,T4
Selenow_T5,T5
Sell_M2,M2
Sell_T6_2,T62
Sell_T6_3,T63
Selplg_M4,M4
Selplg_T3,T3
Sem1_B3,B3
Sem1_M1,M1
Sem1_M2,M2
Sem1_M3,M3
Sema3c_O7,O7
Sema4d_M3,M3
Sema7a_M3,M3
Sept1_M5,M5
Sept1_T1,T1
Sept1_T2,T2
Sept1_T5,T5
Sept3_M4,M4
Sept7_B1,B1
Sept7_B5,B5
Sept7_T1,T1
Sept7_T2,T2
Sept7_T4,T4
Serbp1_B3,B3
Serbp1_B5,B5
Serbp1_M3,M3
Serbp1_T1,T1
Serbp1_T2,T2
Serbp1_T4,T4
Serbp1_T5,T5
Serf2_B2,B2
Serf2_B3,B3
Serf2_M2,M2
Serf2_M3,M3
Serf2_T3,T3
Serf2_T4,T4
Serf2_T7,T7
Serinc1_M3,M3
Serinc3_M3,M3
Serp1_B1,B1
Serp1_B5,B5
Serp1_M3,M3
Serpina3n_O4,O4
Serpinb1a_T4,T4
Serpinb6b_M3,M3
Serpinb6b_M4,M4
Serpinb9_M3,M3
Serpinf1_O7,O7
Sesn3_T0,T0
Set_B1,B1
Set_B3,B3
Set_B5,B5
Set_M3,M3
Set_M4,M4
Set_T2,T2
Set_T5,T5
Sf3b1_B1,B1
Sf3b1_B4,B4
Sf3b1_M2,M2
Sf3b1_M3,M3
Sf3b1_T2,T2
Sf3b2_M4,M4
Sf3b6_B1,B1
Sf3b6_B3,B3
Sf3b6_M3,M3
Sfpq_B1,B1
Sfpq_M1,M1
Sfpq_M3,M3
Sfpq_M5,M5
Sfpq_T1,T1
Sfpq_T2,T2
Sfpq_T3,T3
Sfpq_T5,T5
Sfr1_B3,B3
Sfrp1_O4,O4
Sfrp1_O7,O7
Sgpl1_M3,M3
Sh3bgr_M7,M7
Sh3bgrl_M3,M3
Sh3bgrl_O10,O10
Sh3bgrl3_B1,B1
Sh3bgrl3_B2,B2
Sh3bgrl3_B3,B3
Sh3bgrl3_B4,B4
Sh3bgrl3_B5,B5
Sh3bgrl3_M0,M0
Sh3bgrl3_M1,M1
Sh3bgrl3_M2,M2
Sh3bgrl3_M3,M3
Sh3bgrl3_M4,M4
Sh3bgrl3_M5,M5
Sh3bgrl3_M7,M7
Sh3bgrl3_T1,T1
Sh3bgrl3_T2,T2
Sh3bgrl3_T4,T4
Sh3bgrl3_T7,T7
Sh3bp1_M4,M4
Sh3glb1_B1,B1
Sh3glb1_B3,B3
Sh3glb1_M3,M3
Sh3pxd2b_M4,M4
Shisa5_B1,B1
Shisa5_B2,B2
Shisa5_B4,B4
Shisa5_M5,M5
Shisa5_T0,T0
Shisa5_T1,T1
Shisa5_T5,T5
Shisa5_T6,T6
Shisa5_T7,T7
Shtn1_M4,M4
Siglech_M7,M7
Sik1_B3,B3
Sirpa_M0,M0
Sirpa_M1,M1
Sirpa_M5,M5
Skap1_M5,M5
Skap1_T0,T0
Skap1_T1,T1
Skap1_T2,T2
Skap1_T3,T3
Skap1_T5,T5
Skap2_M0,M0
Skap2_M1,M1
Skap2_M3,M3
Skap2_M4,M4
Skap2_M5,M5
Skil_M0,M0
Skil_M4,M4
Sla2_M7,M7
Slc11a1_M1,M1
Slc15a3_M3,M3
Slc15a3_T7,T7
Slc25a3_B1,B1
Slc25a3_B5,B5
Slc25a3_T1,T1
Slc25a3_T2,T2
Slc25a3_T3,T3
Slc25a4_M4,M4
Slc25a5_B4,B4
Slc25a5_M4,M4
Slc25a5_M5,M5
Slc25a5_T1,T1
Slc25a5_T5,T5
Slc38a1_B5,B5
Slc38a1_M1,M1
Slc38a1_M3,M3
Slc38a1_M4,M4
Slc38a1_M5,M5
Slc38a2_B3,B3
Slc38a2_M4,M4
Slc38a2_O10,O10
Slc3a2_M0,M0
Slc3a2_M3,M3
Slc3a2_T3,T3
Slc6a6_M3,M3
Slc7a11_M3,M3
Slfn1_M2,M2
Slfn2_M2,M2
Slfn2_M3,M3
Slfn2_M4,M4
Slfn2_M5,M5
Slfn2_T3,T3
Slit3_O7,O7
Slpi_B3,B3
Slpi_M0,M0
Smad7_T2,T2
Smagp_B4,B4
Smap2_B1,B1
Smap2_T4,T4
Smap2_T5,T5
Smap2_T7,T7
Smarca5_B1,B1
Smarca5_T2,T2
Smarca5_T4,T4
Smarce1_M4,M4
Smc4_T6_3,T63
Smc6_B4,B4
Smc6_M7,M7
Smchd1_B2,B2
Smchd1_B3,B3
Smchd1_B4,B4
Smdt1_B3,B3
Smdt1_M0,M0
Smdt1_M3,M3
Smdt1_M4,M4
Smdt1_T4,T4
Smim14_B4,B4
Smim3_M4,M4
Smpdl3a_M5,M5
Snf8_M4,M4
Snf8_T5,T5
Snhg15_M3,M3
Snhg8_M4,M4
Snrnp40_T5,T5
Snrpb_B1,B1
Snrpb_M3,M3
Snrpb_T5,T5
Snrpd1_B5,B5
Snrpd1_T5,T5
Snrpd2_B1,B1
Snrpd2_M1,M1
Snrpd2_T2,T2
Snrpd2_T3,T3
Snrpd2_T4,T4
Snrpe_B1,B1
Snrpe_B2,B2
Snrpe_B5,B5
Snrpe_M3,M3
Snrpe_T1,T1
Snrpf_B1,B1
Snrpf_B4,B4
Snrpf_B5,B5
Snrpf_M3,M3
Snrpf_M5,M5
Snrpf_T1,T1
Snrpg_B0,B0
Snrpg_B1,B1
Snrpg_B3,B3
Snrpg_B5,B5
Snrpg_M3,M3
Snrpg_M5,M5
Snrpg_T2,T2
Snrpg_T3,T3
Snu13_M3,M3
Snx18_M0,M0
Snx20_M1,M1
Snx20_M3,M3
Snx20_M4,M4
Snx3_M3,M3
Snx5_M0,M0
Snx5_M1,M1
Snx5_M4,M4
Snx5_M5,M5
Snx5_M7,M7
Soat1_M1,M1
Soat1_M3,M3
Socs3_M0,M0
Socs3_M1,M1
Socs3_M3,M3
Socs3_M5,M5
Sod1_M3,M3
Sod2_M0,M0
Sod2_M3,M3
Sod2_M5,M5
Son_B2,B2
Son_B5,B5
Sp110_M4,M4
Sp140_B1,B1
Sp140_B2,B2
Sp140_B4,B4
Sp140_B5,B5
Sp140_M5,M5
Spag9_B5,B5
Spag9_M1,M1
Spag9_M2,M2
Spag9_M3,M3
Spag9_M4,M4
Spag9_M5,M5
Sparcl1_O7,O7
Spc24_T5,T5
Spcs1_B3,B3
Spcs1_M1,M1
Spcs2_B3,B3
Spcs2_T4,T4
Spcs3_B3,B3
Specc1l_M1,M1
Specc1l_M3,M3
Spi1_M1,M1
Spi1_M3,M3
Spi1_M4,M4
Spib_M7,M7
Spint2_M4,M4
Spop_M4,M4
Sppl2a_M0,M0
Spty2d1_B3,B3
Spty2d1_M1,M1
Spty2d1_M3,M3
Sqstm1_B3,B3
Sqstm1_M1,M1
Sqstm1_M3,M3
Sqstm1_M4,M4
Sqstm1_O10,O10
Srgn_B3,B3
Srgn_B5,B5
Srgn_M0,M0
Srgn_M3,M3
Srgn_M4,M4
Srgn_T0,T0
Srgn_T4,T4
Srgn_T5,T5
Sri_M0,M0
Sri_M1,M1
Sri_M3,M3
Sri_M4,M4
Sri_T3,T3
Sri_T4,T4
Srp14_M0,M0
Srp14_M1,M1
Srp14_M3,M3
Srp14_M4,M4
Srp14_T4,T4
Srp72_B3,B3
Srp9_T4,T4
Srrm1_M0,M0
Srrm1_M3,M3
Srrm1_T4,T4
Srrm2_B3,B3
Srsf1_B4,B4
Srsf11_B1,B1
Srsf11_M4,M4
Srsf2_B5,B5
Srsf2_M1,M1
Srsf2_O10,O10
Srsf3_B1,B1
Srsf3_B2,B2
Srsf3_B5,B5
Srsf3_M3,M3
Srsf3_M4,M4
Srsf3_T3,T3
Srsf3_T4,T4
Srsf5_M3,M3
Srsf5_M4,M4
Srsf5_T7,T7
Srsf7_B1,B1
Srsf7_B3,B3
Srsf7_M1,M1
Srsf7_M3,M3
Srsf7_M5,M5
Srsf7_O10,O10
Srsf7_T0,T0
Srsf7_T1,T1
Srsf7_T2,T2
Srsf9_M1,M1
Srsf9_M3,M3
Ssb_B5,B5
Ssb_M3,M3
Ssb_M5,M5
Ssb_T1,T1
Ssh2_T6,T6
Ssr3_M1,M1
Ssr3_M3,M3
Ssr3_M4,M4
Ssr4_B1,B1
Ssr4_M0,M0
Ssr4_M1,M1
Ssr4_M3,M3
Ssr4_O7,O7
Ssu72_M4,M4
St3gal5_M4,M4
Stap1_B5,B5
Stat1_B2,B2
Stat1_M0,M0
Stat1_M1,M1
Stat1_M3,M3
Stat1_M4,M4
Stat1_M5,M5
Stat1_T2,T2
Stat1_T5,T5
Stat3_B1,B1
Stat3_T3,T3
Stat3_T5,T5
Stat4_M3,M3
Stk17b_B2,B2
Stk17b_B5,B5
Stk17b_T1,T1
Stk17b_T2,T2
Stk17b_T3,T3
Stk17b_T4,T4
Stk17b_T5,T5
Stk24_M5,M5
Stk24_T4,T4
Stk24_T5,T5
Stk4_T4,T4
Stmn1_B4,B4
Stmn1_T5,T5
Stx7_M3,M3
Stxbp3_M3,M3
Sub1_B0,B0
Sub1_B1,B1
Sub1_B2,B2
Sub1_B3,B3
Sub1_B4,B4
Sub1_B5,B5
Sub1_M1,M1
Sub1_M3,M3
Sub1_M4,M4
Sub1_M5,M5
Sub1_T1,T1
Sub1_T2,T2
Sub1_T3,T3
Sub1_T5,T5
Sumo1_M3,M3
Sumo2_B1,B1
Sumo2_B3,B3
Sumo2_B5,B5
Sumo2_M0,M0
Sumo2_M3,M3
Sumo2_M4,M4
Sumo2_T3,T3
Sumo2_T4,T4
Sumo2_T5,T5
Supt4a_B1,B1
Supt4a_B3,B3
Supt4a_T1,T1
Surf4_B3,B3
Swap70_B1,B1
Syf2_B3,B3
Syk_B4,B4
Syk_M0,M0
Syk_M3,M3
Syncrip_B5,B5
Syncrip_M3,M3
Syngr2_B4,B4
Syngr2_M3,M3
Syngr2_M7,M7
Synj1_M3,M3
Sypl_B4,B4
Taf10_B3,B3
Taf10_M3,M3
Taf10_M4,M4
Taf1d_M4,M4
Tagln2_M1,M1
Tagln2_M3,M3
Tagln2_M5,M5
Tagln2_O7,O7
Taldo1_M0,M0
Taldo1_M3,M3
Tank_M3,M3
Tap1_M4,M4
Tap1_M5,M5
Tap2_M5,M5
Tapbp_M0,M0
Tapbp_M3,M3
Tapbp_M4,M4
Tapbp_M5,M5
Tapbp_O10,O10
Tapbp_T5,T5
Tax1bp1_B2,B2
Tax1bp1_B3,B3
Tax1bp1_B5,B5
Tax1bp1_M0,M0
Tax1bp1_M3,M3
Tbc1d15_B3,B3
Tbc1d15_M4,M4
Tbc1d15_M5,M5
Tbc1d4_M3,M3
Tbc1d4_T6_3,T63
Tbca_M0,M0
Tbca_M3,M3
Tbcb_M4,M4
Tbrg1_B3,B3
Tcea1_B4,B4
Tcf21_O4,O4
Tcf25_B1,B1
Tcf4_B1,B1
Tcf4_B3,B3
Tcf4_M7,M7
Tcirg1_M1,M1
Tcp1_M3,M3
Tcrg-C1_T4,T4
Tent5c_M5,M5
Tes_M4,M4
Tgfb1_M1,M1
Tgfb1_M3,M3
Tgfb1_M4,M4
Tgfb1_T5,T5
Tgfbi_M0,M0
Tgfbi_M5,M5
Tgif1_M0,M0
Tgif1_M1,M1
Tgif1_M3,M3
Tgm2_M0,M0
Tgm2_M2,M2
Tgm2_M3,M3
Tgm2_M5,M5
Tgoln1_M0,M0
Thoc2_M4,M4
Thoc7_B4,B4
Thy1_M5,M5
Thy1_T4,T4
Timm10b_M4,M4
Timm10b_M5,M5
Timm23_B4,B4
Timm23_M1,M1
Timm23_M3,M3
Timm23_T4,T4
Timm23_T5,T5
Tinagl1_O10,O10
Tiparp_B3,B3
Tiparp_M1,M1
Tiparp_M3,M3
Tiparp_M4,M4
Tiparp_M5,M5
Tkt_M0,M0
Tle5_M3,M3
Tle5_O7,O7
Tle5_T1,T1
Tle5_T3,T3
Tlk1_B3,B3
Tln1_M0,M0
Tln1_M1,M1
Tln1_M4,M4
Tln1_T5,T5
Tm2d2_M4,M4
Tm6sf1_M3,M3
Tm9sf3_M3,M3
Tma7_M3,M3
Tma7_M4,M4
Tma7_T4,T4
Tmbim6_B4,B4
Tmbim6_M0,M0
Tmbim6_M2,M2
Tmbim6_M3,M3
Tmbim6_M4,M4
Tmbim6_O10,O10
Tmed10_M0,M0
Tmed2_B3,B3
Tmed2_M0,M0
Tmed2_O10,O10
Tmed2_T4,T4
Tmed5_M0,M0
Tmed5_M1,M1
Tmed5_M4,M4
Tmed5_M5,M5
Tmed5_T5,T5
Tmem123_B3,B3
Tmem123_M0,M0
Tmem123_M3,M3
Tmem123_T5,T5
Tmem131_M4,M4
Tmem131_M5,M5
Tmem134_B3,B3
Tmem134_M4,M4
Tmem147_M4,M4
Tmem14c_M0,M0
Tmem14c_M1,M1
Tmem14c_M3,M3
Tmem160_M0,M0
Tmem160_M1,M1
Tmem160_M4,M4
Tmem176a_M1,M1
Tmem176a_M3,M3
Tmem176a_M5,M5
Tmem176a_O7,O7
Tmem176a_T7,T7
Tmem176b_M1,M1
Tmem176b_M3,M3
Tmem176b_M5,M5
Tmem176b_O4,O4
Tmem176b_O7,O7
Tmem189_M3,M3
Tmem219_M4,M4
Tmem229b_M7,M7
Tmem234_B3,B3
Tmem248_B3,B3
Tmem256_M0,M0
Tmem258_M3,M3
Tmem258_T4,T4
Tmem50a_B3,B3
Tmem50a_M0,M0
Tmem50a_M3,M3
Tmem50b_M4,M4
Tmem59_M1,M1
Tmem59_M4,M4
Tmf1_B4,B4
Tmpo_T5,T5
Tmsb10_B1,B1
Tmsb10_B3,B3
Tmsb10_M0,M0
Tmsb10_M3,M3
Tmsb10_T5,T5
Tmsb4x_B0,B0
Tmsb4x_B2,B2
Tmsb4x_B3,B3
Tmsb4x_B5,B5
Tmsb4x_M3,M3
Tmsb4x_M5,M5
Tmsb4x_T1,T1
Tmsb4x_T2,T2
Tmsb4x_T3,T3
Tmsb4x_T4,T4
Tmsb4x_T6,T6
Tmsb4x_T7,T7
Tnfaip2_M0,M0
Tnfaip2_M3,M3
Tnfaip2_M5,M5
Tnfaip3_B6_0,B60
Tnfaip3_M0,M0
Tnfaip3_M1,M1
Tnfaip3_T1,T1
Tnfaip3_T2,T2
Tnfaip6_O7,O7
Tnfaip8_M3,M3
Tnfaip8_M4,M4
Tnfrsf17_B3,B3
Tnfrsf18_T2,T2
Tnfrsf1b_M1,M1
Tnfrsf1b_M3,M3
Tnfrsf1b_T2,T2
Tnfrsf4_T1,T1
Tnfrsf4_T2,T2
Tnfsf11_T7,T7
Tnfsf8_T0,T0
Tnfsf8_T1,T1
Tnrc6b_B3,B3
Tob2_B5,B5
Tomm20_B1,B1
Tomm20_B3,B3
Tomm20_M4,M4
Tomm20_T2,T2
Tomm6_M0,M0
Tomm6_M3,M3
Tomm6_T4,T4
Tomm7_M3,M3
Tomm7_M5,M5
Tomm7_T4,T4
Top1_M3,M3
Top1_M4,M4
Top1_T4,T4
Tor1aip1_M5,M5
Tpd52_M3,M3
Tpd52_M5,M5
Tpi1_M5,M5
Tpi1_T5,T5
Tpm3_B1,B1
Tpm3_B3,B3
Tpm3_M1,M1
Tpm3_M3,M3
Tpm3_M4,M4
Tpm3_M5,M5
Tpm3_T1,T1
Tpm3_T2,T2
Tpm4_B0,B0
Tpm4_B1,B1
Tpm4_M3,M3
Tpm4_M4,M4
Tpm4_T1,T1
Tpm4_T3,T3
Tpm4_T4,T4
Tpm4_T5,T5
Tpm4_T7,T7
Tpr_B3,B3
Tpr_B5,B5
Tpr_M0,M0
Tpr_M1,M1
Tpr_M3,M3
Tpr_T1,T1
Tpr_T2,T2
Tpst2_B3,B3
Tpst2_M3,M3
Tpt1_B3,B3
Tpt1_B5,B5
Tpt1_M4,M4
Tpt1_O7,O7
Tpt1_T1,T1
Tpt1_T2,T2
Tpt1_T4,T4
Tpx2_T5,T5
Tra2a_B5,B5
Tra2b_M3,M3
Trac_B6_0,B60
Trac_T1,T1
Trac_T2,T2
Traf1_M3,M3
Traf1_T0,T0
Traf1_T1,T1
Traf1_T2,T2
Tram1_B3,B3
Tram2_B3,B3
Trat1_T0,T0
Trbc1_B6_0,B60
Trbc2_B6_0,B60
Trbc2_M5,M5
Trbc2_T1,T1
Trbc2_T3,T3
Trbc2_T5,T5
Trf_B3,B3
Trib1_M4,M4
Trim25_M4,M4
Trip12_M1,M1
Trip12_M3,M3
Trp53inp1_B3,B3
Trps1_M3,M3
Tspan13_B3,B3
Tspan13_B4,B4
Tspan13_M1,M1
Tspan13_M3,M3
Tspan13_M5,M5
Tspo_B3,B3
Tspo_M0,M0
Tspo_M1,M1
Tspo_M3,M3
Tspo_M4,M4
Tspo_M5,M5
Tspo_O7,O7
Tspo_T0,T0
Tspo_T3,T3
Tspo_T4,T4
Ttc14_M4,M4
Ttc39b_M5,M5
Ttc39b_T0,T0
Tuba1b_B4,B4
Tuba1b_M5,M5
Tubb4b_B3,B3
Tubb5_B4,B4
Tubb5_M4,M4
Tubgcp5_M7,M7
Tut4_B2,B2
Tut4_B5,B5
Tut4_M4,M4
Tut4_M5,M5
Txk_T3,T3
Txk_T6,T6
Txn1_B1,B1
Txn1_B3,B3
Txn1_M0,M0
Txn1_M1,M1
Txn1_M2,M2
Txn1_M3,M3
Txn1_M4,M4
Txn1_M5,M5
Txn1_O7,O7
Txn1_T1,T1
Txn1_T3,T3
Txn1_T4,T4
Txndc11_B3,B3
Txndc15_M4,M4
Txndc17_M4,M4
Txndc5_B3,B3
Txndc5_B7,B7
Txnip_M2,M2
Txnl1_M3,M3
Txnl4a_M4,M4
Txnrd1_M0,M0
Txnrd1_M1,M1
Txnrd1_M3,M3
Txnrd1_T5,T5
Tyrobp_M1,M1
Tyrobp_M4,M4
Tyrobp_M5,M5
U2af1_M3,M3
U2af1_T5,T5
Uap1_O7,O7
Uba52_M1,M1
Uba52_M3,M3
Uba52_T4,T4
Ubald2_M4,M4
Ubald2_T2,T2
Ubald2_T3,T3
Ubap2l_M3,M3
Ubb_B1,B1
Ubb_B3,B3
Ubb_M1,M1
Ubb_M3,M3
Ubb_M5,M5
Ubc_B3,B3
Ubc_M3,M3
Ubc_O10,O10
Ube2a_T5,T5
Ube2b_B0,B0
Ube2b_B1,B1
Ube2b_B3,B3
Ube2b_T1,T1
Ube2b_T2,T2
Ube2b_T3,T3
Ube2b_T5,T5
Ube2b_T6,T6
Ube2b_T7,T7
Ube2c_T5,T5
Ube2d2a_M0,M0
Ube2d3_B1,B1
Ube2d3_M0,M0
Ube2d3_M1,M1
Ube2d3_M3,M3
Ube2d3_T2,T2
Ube2d3_T3,T3
Ube2d3_T4,T4
Ube2i_M0,M0
Ube2i_M3,M3
Ube2i_T5,T5
Ube2j2_M4,M4
Ube2n_M3,M3
Ube2q1_M4,M4
Ube2s_B4,B4
Ubfd1_M4,M4
Ubl5_B0,B0
Ubl5_B1,B1
Ubl5_M0,M0
Ubl5_M3,M3
Ubl5_M5,M5
Ubl5_T1,T1
Ubl5_T5,T5
Ubxn1_M1,M1
Ubxn1_M3,M3
Ubxn1_T7,T7
Ubxn4_B3,B3
Ubxn4_M4,M4
Ubxn4_M5,M5
Ucp2_B4,B4
Ucp2_M0,M0
Ucp2_M3,M3
Ucp2_M4,M4
Ucp2_M5,M5
Ucp2_T1,T1
Ucp2_T4,T4
Ufm1_M4,M4
Ugdh_O7,O7
Uhrf2_T4,T4
Uhrf2_T5,T5
Unc119b_M4,M4
Unc93b1_B4,B4
Unc93b1_M0,M0
Unc93b1_M1,M1
Unc93b1_M3,M3
Unc93b1_M4,M4
Unc93b1_M5,M5
Upp1_M2,M2
Uqcc2_M4,M4
Uqcr10_M3,M3
Uqcr11_M0,M0
Uqcrb_B1,B1
Uqcrb_M0,M0
Uqcrb_M3,M3
Uqcrc2_M4,M4
Uqcrh_M1,M1
Uqcrh_T4,T4
Uqcrh_T5,T5
Uqcrq_M0,M0
Uqcrq_M3,M3
Uqcrq_M4,M4
Uqcrq_T4,T4
Usp9x_M4,M4
Vamp8_M0,M0
Vamp8_M1,M1
Vamp8_M5,M5
Vapa_B3,B3
Vapa_M0,M0
Vapa_M1,M1
Vapa_M3,M3
Vasn_O7,O7
Vasp_M0,M0
Vasp_M3,M3
Vasp_T5,T5
Vcam1_M1,M1
Vcam1_O4,O4
Vdac2_M0,M0
Vdac2_M3,M3
Vdac2_M4,M4
Vdac2_T5,T5
Vdac3_M4,M4
Vegfa_M1,M1
Vegfa_M3,M3
Vegfa_T7,T7
Vgll4_T2,T2
Vgll4_T4,T4
Vgll4_T5,T5
Vim_M1,M1
Vim_M4,M4
Vim_T4,T4
Vmp1_B3,B3
Vmp1_M1,M1
Vmp1_M3,M3
Vmp1_M5,M5
Vpreb3_B3,B3
Vpreb3_B4,B4
Vps37b_T1,T1
Vps37b_T3,T3
Vps37b_T5,T5
Vps4b_M3,M3
Wasf2_M4,M4
Wdr1_M1,M1
Wdr1_M3,M3
Wdr26_M3,M3
Wfdc17_M2,M2
Wfdc21_M2,M2
Wipf1_M1,M1
Wipf1_T0,T0
Wipf1_T5,T5
Wnk1_B1,B1
Wnk1_M7,M7
Wnk1_T1,T1
Wnk1_T2,T2
Wnk1_T3,T3
Wnk1_T4,T4
Xbp1_B7,B7
Xbp1_M4,M4
Xcr1_M4,M4
Xist_B0,B0
Xist_B1,B1
Xist_B2,B2
Xist_B3,B3
Xist_B5,B5
Xist_M1,M1
Xist_T1,T1
Xist_T2,T2
Xist_T3,T3
Xist_T4,T4
Ybx1_B1,B1
Ybx1_B5,B5
Ybx1_M5,M5
Ybx1_T1,T1
Ybx1_T2,T2
Ybx1_T6,T6
Ythdc1_B4,B4
Ythdc1_M1,M1
Ythdc1_T2,T2
Ywhab_M0,M0
Ywhae_B1,B1
Ywhae_M1,M1
Ywhah_M1,M1
Ywhaz_B1,B1
Ywhaz_B2,B2
Ywhaz_B3,B3
Ywhaz_B4,B4
Ywhaz_B6_0,B60
Ywhaz_M0,M0
Ywhaz_M1,M1
Ywhaz_M3,M3
Ywhaz_M4,M4
Ywhaz_M5,M5
Ywhaz_T1,T1
Ywhaz_T2,T2
Ywhaz_T3,T3
Ywhaz_T5,T5
Zbtb1_M5,M5
Zbtb20_B1,B1
Zc3h12a_M3,M3
Zc3h15_T2,T2
Zc3hav1_T5,T5
Zcrb1_M3,M3
Zeb1_T1,T1
Zeb1_T2,T2
Zeb1_T4,T4
Zeb1_T6,T6
Zeb2_M1,M1
Zeb2_M3,M3
Zeb2_O4,O4
Zfand5_B4,B4
Zfand5_M0,M0
Zfand5_M1,M1
Zfand5_M5,M5
Zfp36_B5,B5
Zfp36_M1,M1
Zfp36_M3,M3
Zfp36_M4,M4
Zfp36l1_B1,B1
Zfp36l1_B2,B2
Zfp36l1_B5,B5
Zfp36l1_M4,M4
Zfp36l1_T1,T1
Zfp36l1_T2,T2
Zfp36l2_B3,B3
Zfp36l2_M3,M3
Zfp36l2_O10,O10
Zfp36l2_T1,T1
Zfp36l2_T5,T5
Zyx_M4,M4
Zyx_M5,M5