Unnamed: 0,p_val,avg_log2FC,p_val_adj
AW112010,1.59E-05,-0.935764195,0.000629222
B2m,1.59E-05,-0.203112541,0.000629222
Tapbp,1.59E-05,-0.563453473,0.000629222
Eif5,1.59E-05,0.343222794,0.000629222
Scand1,1.59E-05,-0.491915206,0.000629222
Samhd1,1.59E-05,-0.82971894,0.000629222
Npc2,1.59E-05,-0.7867369,0.000629222
H2-K1,1.59E-05,-0.252758149,0.000629222
Psmb9,1.59E-05,-0.764500845,0.000629222
Rps3a1,1.59E-05,0.21205162,0.000629222
Psmb8,1.59E-05,-0.47804188,0.000629222
Atox1,1.59E-05,0.156771022,0.000629222
S100a6,1.59E-05,0.796010712,0.000629222
Ppp2ca,1.59E-05,0.408959496,0.000629222
H2-Q7,1.59E-05,-0.43813847,0.000629222
Havcr2,1.59E-05,0.900634849,0.000629222
H2-T23,1.59E-05,-0.930308501,0.000629222
Sec61b,1.59E-05,0.569279769,0.000629222
Srsf7,1.59E-05,0.408044149,0.000629222
Akr1a1,1.59E-05,-0.340453121,0.000629222
Sh3bgrl3,1.59E-05,0.477322369,0.000629222
Ddx6,1.59E-05,0.461428338,0.000629222
Tmsb4x,1.59E-05,0.077561819,0.000629222
Cd9,1.59E-05,1.000712775,0.000629222
Gsn,1.59E-05,0.656453251,0.000629222
Fcer1g,1.59E-05,-0.745439978,0.000629222
S100a4,1.59E-05,0.862474112,0.000629222
Tspo,1.59E-05,-0.599889773,0.000629222
Il1r2,1.59E-05,0.505787055,0.000629222
App,1.59E-05,-0.596487199,0.000629222
Actr3,1.59E-05,-0.255815345,0.000629222
Psme2,1.59E-05,-0.618248569,0.000629222
Stat1,1.59E-05,-0.868016422,0.000629222
Ctsb,1.59E-05,-0.574626271,0.000629222
Psme1,1.59E-05,-0.41445032,0.000629222
Arpc2,1.59E-05,-0.153945436,0.000629222
Csf2rb,1.59E-05,0.666399553,0.000629222
Sp140,1.59E-05,-0.898693352,0.000629222
Bri3,3.18E-05,-0.557127771,0.001017466
Prdx2,3.18E-05,0.772915843,0.001017466
Rrbp1,3.18E-05,-0.527267099,0.001017466
Arpc3,3.18E-05,0.169055767,0.001017466
Arf4,3.18E-05,0.371130379,0.001017466
Ahr,3.18E-05,0.519606383,0.001017466
Lsp1,3.18E-05,-0.260629744,0.001017466
Ehd1,3.18E-05,0.54443959,0.001017466
H2-D1,3.18E-05,-0.19405395,0.001017466
H2-DMb1,6.35E-05,-0.449748299,0.001621048
Ly6e,6.35E-05,-0.439185171,0.001621048
Cd274,6.35E-05,-0.419188371,0.001621048
Mdh2,6.35E-05,0.548566793,0.001621048
Mxd1,6.35E-05,-0.643615037,0.001621048
Rps2,6.35E-05,0.184250182,0.001621048
Ptpn18,6.35E-05,-0.487524958,0.001621048
Tmbim6,6.35E-05,-0.283098022,0.001621048
Cyba,6.35E-05,-0.231414971,0.001621048
Sppl2a,6.35E-05,-0.546861642,0.001621048
Cytip,6.35E-05,0.291061371,0.001621048
Cmtr1,6.35E-05,0.911054526,0.001621048
Tpr,0.000111138,-0.379690378,0.002498107
mt-Co3,0.000111138,0.065813474,0.002498107
Txn1,0.000111138,-0.37693722,0.002498107
Myl6,0.000111138,0.138415918,0.002498107
Gpr183,0.000111138,0.917460271,0.002498107
Rps15a,0.000111138,0.071967707,0.002498107
Fkbp1a,0.000111138,0.464333351,0.002498107
Cap1,0.000111138,-0.649496039,0.002498107
Ifngr1,0.000190522,0.759788589,0.003825673
Mpc1,0.000190522,0.612959987,0.003825673
Rps13,0.000190522,0.088367477,0.003825673
Gm42418,0.000190522,0.165232149,0.003825673
Prdx1,0.000190522,-0.307771138,0.003825673
Ptms,0.000190522,-0.438127629,0.003825673
Ywhaz,0.000190522,0.266735823,0.003825673
Tubb5,0.000221996,-1.396898345,0.00407603
Crem,0.000246294,1.592023369,0.00407603
Ube2j2,0.000246294,0.847011063,0.00407603
Ssu72,0.000242334,-0.530728788,0.00407603
Nabp1,0.000242334,1.53439753,0.00407603
Tuba1b,0.000234555,-1.059528253,0.00407603
Stx7,0.000242334,-0.730202443,0.00407603
Unc93b1,0.000246294,-0.949424063,0.00407603
Appl1,0.000242334,1.561635808,0.00407603
H2-Q6,0.000246294,-0.914697489,0.00407603
Got1,0.000246294,1.202659138,0.00407603
Fos,0.000246294,1.024915076,0.00407603
Psmb10,0.000242334,-0.989272291,0.00407603
Pik3r5,0.000246294,0.961435657,0.00407603
Tap1,0.000242334,-1.131469013,0.00407603
Map3k14,0.000246294,1.149755221,0.00407603
S100a11,0.000301659,0.170619915,0.004542986
Lgals3,0.000301659,0.46342302,0.004542986
Ubl5,0.000301659,0.126892593,0.004542986
Map3k1,0.000301659,0.448007771,0.004542986
Eif2s2,0.000301659,0.232245626,0.004542986
Psma5,0.000301659,-0.52882812,0.004542986
Rel,0.000301659,0.323948214,0.004542986
St8sia4,0.000301659,1.337448526,0.004542986
Foxn3,0.000316854,2.269632285,0.004724569
Rap2a,0.000326943,1.26041178,0.004827216
Pten,0.000476304,0.588810273,0.006404586
Itgb1,0.000476304,-0.434886326,0.006404586
Vdac2,0.000476304,-0.497001527,0.006404586
Asah1,0.000451669,-1.907109265,0.006404586
Atrx,0.000476304,-0.386675168,0.006404586
Hnrnpa0,0.000476304,0.302231772,0.006404586
H2afy,0.000476304,-0.227857126,0.006404586
Crtc3,0.00043861,0.876739234,0.006404586
Atp5h,0.000476304,0.091409923,0.006404586
Gnb2,0.000476304,-0.30635298,0.006404586
Anxa5,0.000190522,0.417621692,0.007361948
Eef1a1,0.000190522,-0.045681335,0.007361948
Gfod1,0.000568467,1.390727141,0.007509747
Irf2bp2,0.000568467,-0.845439351,0.007509747
Pfkp,0.000593558,-0.793588937,0.007773034
Irf8,0.000605664,-2.083273134,0.007863194
Arap2,0.000242334,2.50829997,0.008117863
Lamp2,0.000714456,-0.50726406,0.008406019
Rhog,0.000714456,-0.289877153,0.008406019
Msn,0.000714456,-0.183154067,0.008406019
Kras,0.000714456,0.36013117,0.008406019
Tgfb1,0.000714456,0.418794913,0.008406019
Rab7,0.000714456,-0.386638362,0.008406019
Agpat4,0.000654007,0.687804484,0.008406019
Abracl,0.000714456,-0.41142413,0.008406019
Rgs1,0.000714456,-0.581280152,0.008406019
Skil,0.000714456,-0.473191222,0.008406019
Pfn1,0.000714456,-0.123729244,0.008406019
Tes,0.000754999,1.168399578,0.008814177
Tmem234,0.000786905,-0.470577052,0.009115993
Itgb2,0.000890674,-2.056858453,0.010239353
Atp6v0e,0.001063745,0.149640665,0.010897962
Traf1,0.001063745,0.274250628,0.010897962
Ggta1,0.001063745,0.444984072,0.010897962
Limd2,0.00103741,-0.512921565,0.010897962
Tmsb10,0.001063745,-0.149688084,0.010897962
Prdx6,0.001063745,0.619052432,0.010897962
Akap13,0.001063745,0.28969053,0.010897962
Cflar,0.000997103,-0.75403185,0.010897962
Arpc4,0.001063745,-0.332495959,0.010897962
Rpl41,0.001063745,0.071596861,0.010897962
Myl12b,0.001063745,0.17680442,0.010897962
Slc3a2,0.001063745,-0.294115304,0.010897962
Slc38a1,0.001063745,0.468030857,0.010897962
Fam49b,0.001063745,-0.223617903,0.010897962
Psmd8,0.001063745,-0.364464979,0.010897962
Cyb5a,0.001175441,-1.836451408,0.011960902
Hilpda,0.001254706,3.100503927,0.012681794
Emb,0.001351544,1.91656876,0.013479634
Arhgap30,0.001343042,-0.63347884,0.013479634
Csnk1a1,0.001524172,0.167753727,0.014436501
Tmod3,0.001524172,0.305437111,0.014436501
Plek,0.001524172,0.316645401,0.014436501
Zfp36,0.001524172,0.317291669,0.014436501
Ubb,0.001524172,-0.148638698,0.014436501
Kpna4,0.001524172,-0.436220972,0.014436501
Usp9x,0.001524172,0.45697299,0.014436501
Ppig,0.001524172,0.325675882,0.014436501
Tpd52,0.001710029,-0.567429884,0.015995678
Gpsm3,0.001710029,-0.558106843,0.015995678
Arcn1,0.001773111,1.514706275,0.016483369
Jund,0.001841708,-0.435540429,0.017016029
Dock2,0.002012381,-1.471089939,0.018268662
Srgn,0.002159244,0.147448707,0.018268662
Eif1,0.002159244,0.167199138,0.018268662
Aurkaip1,0.002135817,-0.661248312,0.018268662
Gabarapl2,0.002159244,0.199744255,0.018268662
Tmed5,0.002159244,0.298589156,0.018268662
Jak2,0.002159244,0.327786233,0.018268662
H3f3a,0.002159244,0.110160612,0.018268662
Tpm4,0.002159244,0.191502272,0.018268662
Ptprc,0.002159244,-0.394138586,0.018268662
Slc25a3,0.002159244,0.157523426,0.018268662
Txnrd1,0.002159244,0.464777465,0.018268662
Skap2,0.002159244,-0.37492888,0.018268662
M6pr,0.002159244,-0.291692496,0.018268662
Ubl3,0.002159244,-0.380960231,0.018268662
Xrn2,0.002454737,-0.495842522,0.020652705
Hmgb2,0.002572041,-0.278831506,0.021519409
Fem1c,0.002984838,0.39765518,0.022588771
Ctss,0.002984838,-0.194278168,0.022588771
Vamp8,0.002984838,-0.43113809,0.022588771
Tln1,0.002984838,-0.235262324,0.022588771
Prkar1a,0.002984838,0.343456274,0.022588771
Nap1l1,0.002984838,-0.166543551,0.022588771
Bex3,0.002867749,2.148218758,0.022588771
Ifnar2,0.002984838,-0.383165445,0.022588771
Specc1l,0.00276315,2.794421269,0.022588771
Fgl2,0.002984838,-1.115222508,0.022588771
Fam117b,0.002963906,0.747746199,0.022588771
Tmem134,0.002984838,-0.394590351,0.022588771
Isy1,0.00276315,1.614826339,0.022588771
Atp5e,0.002984838,0.120264767,0.022588771
Psma3,0.002984838,-0.202035702,0.022588771
Dek,0.002984838,-0.721808614,0.022588771
Fis1,0.002984838,-0.325052918,0.022588771
Nop10,0.002984838,0.379921362,0.022588771
Rilpl2,0.002867749,-0.833359303,0.022588771
Eif3h,0.001524172,-0.189250065,0.023926332
Atp5c1,0.001524172,-0.243228051,0.023926332
Iqgap1,0.001524172,0.190483909,0.023926332
Ptgs2,0.003554726,-1.594410602,0.026767084
Pim1,0.004096213,-0.257707519,0.026821293
Clic1,0.004096213,-0.254787103,0.026821293
Gpx4,0.004096213,0.4394245,0.026821293
Crip1,0.004096213,0.322272853,0.026821293
Tnfaip8,0.004096213,0.275564575,0.026821293
Cst3,0.004096213,-0.241709739,0.026821293
H2-DMa,0.004096213,-0.227296559,0.026821293
Rab21,0.004096213,0.445945647,0.026821293
Coq10b,0.004096213,-0.450849459,0.026821293
Kpna1,0.004096213,1.017397716,0.026821293
Cybb,0.004096213,-0.497040676,0.026821293
Arhgdib,0.004096213,-0.312759468,0.026821293
Cox5b,0.004096213,-0.157468896,0.026821293
Atp6v1f,0.004096213,0.126354029,0.026821293
Slc38a2,0.004096213,0.396854235,0.026821293
Csf2rb2,0.004096213,0.580830207,0.026821293
Zfand5,0.004096213,-0.537725885,0.026821293
Fxyd5,0.004096213,-0.520928192,0.026821293
Hnrnpd,0.004096213,-0.19017368,0.026821293
Trps1,0.004096213,0.394207024,0.026821293
Ybx1,0.004096213,0.1080564,0.026821293
Gng5,0.004096213,0.11404888,0.026821293
Il2rg,0.004096213,-0.305658992,0.026821293
Nono,0.003682797,-0.574662805,0.026821293
Sdcbp,0.004096213,-0.373191079,0.026821293
Pebp1,0.004096213,0.253175354,0.026821293
Dnaja1,0.004096213,0.35163861,0.026821293
Ifitm3,0.004096213,-0.416029911,0.026821293
Ccr1,0.004011431,2.216336469,0.026821293
Dynll1,0.002159244,0.418361772,0.029853038
Lrrc8d,0.002220676,1.509520322,0.030262605
Gfpt1,0.004794792,0.500551994,0.031146747
Timm10b,0.004798171,-0.648299924,0.031146747
Plpbp,0.004846013,0.547367238,0.031322299
Snhg15,0.005493371,0.42323238,0.032960229
Pkib,0.005493371,0.389572622,0.032960229
Cltc,0.005493371,0.229717703,0.032960229
Aif1,0.005493371,-0.334216314,0.032960229
Rplp2,0.005493371,0.037486758,0.032960229
Eif4g2,0.005493371,0.212196564,0.032960229
Ms4a6c,0.005493371,-0.613991345,0.032960229
Rpl21,0.005493371,0.048117047,0.032960229
mt-Nd2,0.005493371,0.121806353,0.032960229
Samsn1,0.005493371,0.349475562,0.032960229
Map1lc3b,0.005493371,0.203322863,0.032960229
Psma2,0.005493371,-0.242252732,0.032960229
Ctsh,0.005493371,-0.166496654,0.032960229
Psma7,0.005493371,-0.241133571,0.032960229
Pfdn5,0.005493371,0.08188157,0.032960229
Ubxn1,0.005493371,-0.238599015,0.032960229
Cd68,0.00578522,-0.705868318,0.034301343
Grasp,0.00578522,-1.033969925,0.034301343
Itprid2,0.00578522,1.397511898,0.034301343
Fyb,0.006087839,-0.698236861,0.035596703
Tbcb,0.006087839,-0.473669025,0.035596703
Ppdpf,0.006145513,0.489641735,0.035596703
Tmem50b,0.006145513,0.783615997,0.035596703
Ccr7,0.006145513,0.961989168,0.035596703
Hspa5,0.002984838,0.23008832,0.035699606
Rpl27,0.002984838,-0.04095764,0.035699606
Eif3f,0.002984838,-0.122659041,0.035699606
Psmc6,0.006208603,-0.658345615,0.035824351
Kctd12,0.006536027,-2.736742278,0.037569685
H3f3b,0.007303326,-0.162576435,0.03922517
Itm2b,0.007303326,-0.144468121,0.03922517
Sub1,0.007303326,0.092029837,0.03922517
Ier5,0.007303326,-0.38939344,0.03922517
Arhgdia,0.007303326,-0.142436519,0.03922517
Ubald2,0.007303326,-0.419240885,0.03922517
Cnbp,0.007303326,0.21816246,0.03922517
Dbnl,0.007318906,-0.601287926,0.03922517
Coro1a,0.007303326,-0.190878195,0.03922517
Rpl28,0.007303326,0.045352714,0.03922517
Ap2s1,0.007303326,-0.278179325,0.03922517
Atp13a3,0.007303326,0.574172774,0.03922517
Ifitm1,0.007303326,-0.822538589,0.03922517
Psma4,0.007303326,-0.381156555,0.03922517
Rps11,0.007303326,-0.049210203,0.03922517
Psma1,0.007303326,-0.267587274,0.03922517
Lmnb1,0.007303326,0.214890473,0.03922517
Psmb4,0.007303326,-0.201861599,0.03922517
Rps20,0.004096213,-0.033686456,0.039964563
Stk17b,0.004096213,-0.365003602,0.039964563
Sfpq,0.004096213,0.41370786,0.039964563
Hsp90b1,0.004096213,0.302050965,0.039964563
Ftl1,0.004096213,0.107132876,0.039964563
Bri3bp,0.003554726,-0.568899424,0.039964563
Bcl2l11,0.007681806,-0.686097118,0.040592282
Riok3,0.007681806,0.546812638,0.040592282
Mcemp1,0.007681806,0.90942331,0.040592282
Phc2,0.007681806,0.535036905,0.040592282
Smc1a,0.008271682,-0.97063973,0.04355648
Snrpc,0.008811687,-2.460801723,0.046238331
5-Mar,0.00900981,-0.472080732,0.047113798
Rplp0,0.009557831,0.073758929,0.04782091
Gnb1,0.009557831,-0.232297957,0.04782091
Jtb,0.009476921,1.149697461,0.04782091
Rnh1,0.009557831,0.21383309,0.04782091
Ppp2r5a,0.009557831,0.249145777,0.04782091
Gnas,0.009557831,0.18972494,0.04782091
Mrpl52,0.009557831,-0.225199977,0.04782091
Mbnl1,0.009557831,-0.400008415,0.04782091
Cdc42se1,0.009557831,0.618578253,0.04782091
Pitpna,0.009557831,-0.319256968,0.04782091
Dusp5,0.009557831,0.275198725,0.04782091
Atp5d,0.009557831,0.12129239,0.04782091
Actb,0.009557831,-0.046252273,0.04782091
H2-Oa,0.005493371,-0.447801825,0.047852663
Scp2,0.005493371,0.232808359,0.047852663
Rpl18a,0.005493371,-0.052357066,0.047852663
Gpbp1,0.005493371,0.239279004,0.047852663
Acbd3,0.009640153,0.673791482,0.047914423
Cd300c2,0.009640153,-0.791734242,0.047914423
Eif4e,0.009722284,0.579333076,0.048163682
Tcf4,0.010408776,-1.779771192,0.051395463
Gpr171,0.010599544,1.241259552,0.052166385
Nrd1,0.010866497,-0.315561354,0.053306006
Chd4,0.012399778,-0.333791652,0.055910375
Tmem131,0.012399778,0.358021035,0.055910375
Ndufa4,0.012399778,0.16528233,0.055910375
Mtdh,0.012399778,-0.358870631,0.055910375
Litaf,0.012399778,0.219202278,0.055910375
Son,0.012399778,0.135792371,0.055910375
Ncf1,0.01203186,-0.539950899,0.055910375
Cnot6l,0.01203186,0.703759445,0.055910375
Cd80,0.012128869,0.557200335,0.055910375
Mapkapk2,0.012399778,-0.352192567,0.055910375
Rps19,0.012399778,0.054093956,0.055910375
Rpl35a,0.012399778,0.036560003,0.055910375
Cyld,0.012399778,0.436357461,0.055910375
mt-Nd4,0.012399778,0.090961148,0.055910375
Laptm5,0.012399778,-0.134700135,0.055910375
Igha,0.012399778,0.211787059,0.055910375
Smim3,0.012128869,0.591844377,0.055910375
Tspan13,0.012399778,0.178959156,0.055910375
Rbm5,0.01203186,0.514574579,0.055910375
Ndfip1,0.012399778,0.328438918,0.055910375
mt-Co2,0.012399778,0.036213983,0.055910375
Chp1,0.012399778,0.417393108,0.055910375
Sec11c,0.012399778,0.258173495,0.055910375
Celf2,0.012399778,-0.402516262,0.055910375
Crlf3,0.012399778,0.675386562,0.055910375
Rab8b,0.012399778,0.352715216,0.055910375
Rpl9,0.012399778,0.051520693,0.055910375
Vps37b,0.006906395,-0.445103879,0.058471557
Tmem59,0.013023865,-0.508490128,0.058549075
Cox7a2l,0.007303326,-0.161493801,0.059172648
Ppp4r2,0.007303326,0.544994638,0.059172648
Rpl4,0.007303326,-0.090001532,0.059172648
Slc7a11,0.013205167,1.448518012,0.059187443
Vwa5a,0.013473345,-1.621916084,0.060210258
Uap1,0.007544648,2.54035884,0.060477578
Gm2a,0.014130348,0.123162469,0.062959482
Ciao2b,0.014334924,-0.554828171,0.063309076
Ccar1,0.014334924,1.502436874,0.063309076
Fmnl1,0.014935447,0.807985767,0.065576626
Crebbp,0.014935447,1.945513615,0.065576626
Ube2e1,0.008271682,-0.774278225,0.0656075
Cox14,0.015049241,-0.359016154,0.065693208
Fth1,0.015860919,0.070381353,0.066167713
mt-Nd3,0.015860919,0.426141155,0.066167713
Cfl1,0.015860919,-0.064347679,0.066167713
Sf3b2,0.015860919,-0.316298412,0.066167713
Rps18,0.015860919,0.051581704,0.066167713
Eloc,0.015860919,-0.267695214,0.066167713
Cdv3,0.015860919,0.260629093,0.066167713
Rala,0.015860919,0.340087004,0.066167713
Rheb,0.015860919,0.2800802,0.066167713
Itga4,0.015860919,0.337922124,0.066167713
Map4k4,0.015860919,0.228640368,0.066167713
Psmb3,0.015860919,-0.196600828,0.066167713
Pip4k2a,0.015860919,-0.434725833,0.066167713
Wipf1,0.015860919,0.279843544,0.066167713
Itgax,0.015860919,0.432198736,0.066167713
Anp32b,0.015860919,-0.337447455,0.066167713
Snap23,0.016204047,-0.955934894,0.067412416
Synj1,0.009557831,0.269364436,0.068588817
Prcp,0.009557831,-0.314857863,0.068588817
Hnrnpa1,0.009557831,-0.155671698,0.068588817
Il1b,0.009557831,0.294686551,0.068588817
Myl12a,0.009557831,0.159546727,0.068588817
Atf4,0.009557831,0.453704248,0.068588817
Cisd2,0.009207933,0.68383154,0.068588817
Tiparp,0.016729397,0.551696793,0.069406259
Tbrg1,0.016788992,-0.950035556,0.069462149
Ckb,0.017739031,-0.871198717,0.073191727
B4galt5,0.010599544,2.126615875,0.075346761
Spop,0.018439495,-0.387160332,0.075667247
Arhgef2,0.018439495,0.672773887,0.075667247
Purb,0.020131777,0.21932064,0.079367688
Hspa8,0.020131777,-0.202445226,0.079367688
Lilrb4a,0.020131777,-0.644194421,0.079367688
Snx20,0.020131777,0.222379763,0.079367688
Dennd5a,0.020131777,0.564223981,0.079367688
Ssr4,0.020131777,0.14486454,0.079367688
Atp2b1,0.020131777,-0.439228942,0.079367688
Vdac1,0.020131777,-0.271980475,0.079367688
Fuca1,0.020131777,-0.34573743,0.079367688
Ccnl1,0.020131777,-0.232719854,0.079367688
Tpt1,0.020131777,0.039619349,0.079367688
Ndufa6,0.020131777,-0.227568109,0.079367688
Rab5c,0.020131777,-0.435743522,0.079367688
Glud1,0.020131777,-0.375391035,0.079367688
Bhlhe40,0.012399778,0.199727607,0.079516872
Set,0.012399778,-0.190478414,0.079516872
Ppp1r15a,0.011520617,0.675466164,0.079516872
Vapa,0.012399778,0.207479076,0.079516872
Rpl6,0.012399778,-0.066558022,0.079516872
Kdm6b,0.012399778,0.273543215,0.079516872
Pdap1,0.012128869,-0.340774234,0.079516872
Ndel1,0.012015732,-0.447005136,0.079516872
S100a13,0.012399778,0.239185626,0.079516872
Irf5,0.012399778,0.450648964,0.079516872
Rpl13,0.021464063,0.057529367,0.08439916
Lztfl1,0.022643021,0.613095893,0.088803098
Stat4,0.022796348,0.621457087,0.089172208
Cnot4,0.023363842,1.678576377,0.091155299
Gng10,0.015860919,-0.277117758,0.092287279
Psmc3,0.01545508,-0.20231354,0.092287279
Gpi1,0.015860919,-0.295408657,0.092287279
Atp5o,0.015860919,-0.177011594,0.092287279
Rpl5,0.015860919,-0.088160049,0.092287279
Spag9,0.015860919,0.122595198,0.092287279
Ubxn4,0.025244106,0.186256188,0.095044058
Eprs,0.025244106,0.267142752,0.095044058
Fosl2,0.025244106,0.37392766,0.095044058
Atp6ap2,0.025244106,0.235541325,0.095044058
Rps8,0.025244106,0.050389743,0.095044058
Iscu,0.025244106,-0.440612198,0.095044058
Capzb,0.025244106,-0.125959162,0.095044058
G3bp1,0.025244106,0.255442635,0.095044058
Il21r,0.025244106,-0.577864877,0.095044058
Arf1,0.025244106,-0.154500136,0.095044058
Dad1,0.025244106,0.192163796,0.095044058
Dcun1d5,0.025244106,0.308737313,0.095044058
Txnl1,0.025244106,-0.192657381,0.095044058
Btbd1,0.024713132,0.598445483,0.095044058
Med29,0.025857954,1.568648207,0.096925794
Cdc42se2,0.025872622,-0.535475314,0.096925794
Ddost,0.027304567,1.425002383,0.101783855
Fam174a,0.027304567,-0.319618246,0.101783855
Tor1aip1,0.017739031,-0.770733508,0.102033281
Stxbp3,0.027655653,0.33327539,0.102838057
Foxp1,0.027831749,0.653859274,0.10298431
Rab43,0.027831749,-0.344138393,0.10298431
7-Sep,0.020131777,0.240606543,0.104615823
Hint1,0.020131777,-0.132132186,0.104615823
Rnf130,0.020131777,-0.433183351,0.104615823
Vps28,0.01857205,-0.323506208,0.104615823
Sem1,0.020131777,0.083051788,0.104615823
Serf2,0.020131777,0.064898971,0.104615823
Dock10,0.020131777,-0.230003723,0.104615823
Serpinb9,0.020131777,0.653630233,0.104615823
Sod1,0.020131777,0.335673786,0.104615823
Hnrnpdl,0.020131777,-0.218257148,0.104615823
Erp29,0.020131777,-0.251634498,0.104615823
Atxn7l3b,0.020131777,0.2281934,0.104615823
Mpc2,0.031420179,0.187972363,0.112129835
Tyrobp,0.031420179,-0.146164887,0.112129835
Ost4,0.031420179,0.170695723,0.112129835
Dnase1l3,0.031420179,-0.628246174,0.112129835
Rock1,0.031420179,0.179911285,0.112129835
Ccdc12,0.031420179,-0.419659179,0.112129835
Gpx1,0.031420179,-0.183895788,0.112129835
Ikbkb,0.031420179,0.246013717,0.112129835
Cct5,0.031420179,-0.203876143,0.112129835
Jpt1,0.031420179,-0.347051315,0.112129835
Atp5md,0.031420179,0.156064471,0.112129835
Rbm39,0.031420179,0.152317279,0.112129835
Hcls1,0.031420179,-0.390967258,0.112129835
Aimp1,0.031543261,-0.454005174,0.112302959
Mpp6,0.021831749,-0.50432851,0.112672759
Ppp1r14b,0.032532518,-1.767555396,0.115009325
Acin1,0.032532518,-0.317485338,0.115009325
Phb2,0.032532518,-1.356047954,0.115009325
Epcam,0.022643021,1.315557856,0.116064737
Sugt1,0.033197006,-0.460852026,0.117083586
Bcl2a1b,0.025244106,0.214920299,0.118145551
Aldh2,0.025224751,0.708044962,0.118145551
Rplp1,0.025244106,-0.033558997,0.118145551
Malat1,0.025244106,0.068176597,0.118145551
Etv3,0.025244106,0.276285606,0.118145551
Basp1,0.025244106,0.228069028,0.118145551
mt-Nd5,0.025244106,0.13544145,0.118145551
Slc25a4,0.025244106,-0.311751153,0.118145551
Rsu1,0.024663759,2.023963471,0.118145551
Bclaf1,0.025244106,-0.226661756,0.118145551
Nfkb1,0.025244106,0.522521694,0.118145551
Sar1a,0.025244106,0.318386713,0.118145551
Orai1,0.033597565,0.683125218,0.118219471
Pbrm1,0.034767371,-1.234029108,0.122050492
Tnfrsf1a,0.026722743,-0.531937944,0.124678558
Atp6v1a,0.036710365,-1.762899801,0.128273339
Ankrd44,0.036710365,-0.999233438,0.128273339
Ndufv2,0.027655653,-0.337832363,0.128632928
Ndufs4,0.037171195,-0.269857045,0.129283647
Ass1,0.038707629,0.356979505,0.129541531
Zfp106,0.038707629,-0.30338078,0.129541531
mt-Nd4l,0.038707629,0.373259831,0.129541531
Srsf10,0.038707629,0.330807598,0.129541531
Larp1,0.038222852,-1.616489041,0.129541531
Sqstm1,0.038707629,0.228309724,0.129541531
Atp5b,0.038707629,-0.134564489,0.129541531
Marcks,0.038707629,0.314435949,0.129541531
Golga7,0.038268815,2.540639128,0.129541531
Zfp638,0.038222852,2.983213179,0.129541531
Snrnp70,0.038707629,-0.204882334,0.129541531
Chmp2a,0.038707629,-0.177627777,0.129541531
Ifitm2,0.038707629,0.144735381,0.129541531
N4bp2l2,0.039049869,0.329057102,0.130397123
Ell2,0.039392109,0.831153335,0.130670739
Dusp1,0.039392109,-0.490947787,0.130670739
Jmjd1c,0.039392109,-0.390502568,0.130670739
Msrb1,0.040145453,-0.359483565,0.132877039
Hdgf,0.04059913,0.485422405,0.13379057
Rpl10a,0.031420179,-0.049823773,0.134136573
Rpl24,0.031420179,-0.057139721,0.134136573
Atp5a1,0.031420179,-0.155977968,0.134136573
Emd,0.031420179,0.349807147,0.134136573
mt-Cytb,0.031420179,0.050182904,0.134136573
Rab2a,0.031420179,0.170252672,0.134136573
Tle5,0.031420179,-0.13976631,0.134136573
Sys1,0.031420179,-0.19707859,0.134136573
Gls,0.031420179,0.274641153,0.134136573
Eif4e2,0.031420179,0.265437126,0.134136573
Cxcr4,0.031420179,0.391036384,0.134136573
Lst1,0.041332386,-0.799900241,0.135909548
Nckap1l,0.044416207,-2.455806143,0.145414799
Tctex1d2,0.044416207,1.041013779,0.145414799
Ufm1,0.04478182,0.477724732,0.146293753
Ndufb7,0.047344606,-0.18316178,0.147316067
Mycbp2,0.047344606,-0.408038514,0.147316067
Srrm2,0.047344606,0.094603664,0.147316067
Pafah1b1,0.047344606,0.121564402,0.147316067
Mcl1,0.047344606,0.129555706,0.147316067
Snx3,0.047344606,0.174227901,0.147316067
Reep5,0.047344606,-0.188399922,0.147316067
Pmaip1,0.046176483,2.658205104,0.147316067
Cmip,0.045750804,0.524810292,0.147316067
Pde4b,0.047344606,0.212511956,0.147316067
Vps29,0.047344606,0.188462532,0.147316067
Selenow,0.047344606,-0.217349257,0.147316067
Dusp11,0.047344606,0.154459746,0.147316067
Ddx3x,0.047344606,0.183039332,0.147316067
H2afz,0.047344606,-0.122766128,0.147316067
P2ry10,0.047344606,0.286182529,0.147316067
Rbpj,0.047344606,0.324049327,0.147316067
Sat1,0.047344606,-0.204118999,0.147316067
Dapp1,0.047344606,-0.362174212,0.147316067
Prdx5,0.047344606,-0.177928634,0.147316067
Srebf2,0.047442442,-0.345062298,0.147316118
Pfdn2,0.035484778,-0.266144943,0.148956994
Pmvk,0.001,0.11355424,0.001
Nr4a3,0.001,0.106738852,0.001
Kit,0.001,-1.90433461,0.001
Ccnd2,0.001,-29.26094325,0.001
Plet1,0.001,30.65780302,0.001
Sema7a,0.001,0.209108884,0.001
Ramp3,0.001,30.32058624,0.001
Actn1,0.001,-0.226324567,0.001
Tbc1d4,0.001,0.39890005,0.001
Rogdi,0.001,0.116924458,0.001
H2-Ob,0.001,-0.044296254,0.001