"source","target","ligand","receptor","prob","pval","interaction_name","interaction_name_2","pathway_name","annotation","evidence"
"M_5","M_5","Tgfb1","TGFbR1_R2",0.00846888320063314,0,"TGFB1_TGFBR1_TGFBR2","Tgfb1 - (Tgfbr1+Tgfbr2)","TGFb","Secreted Signaling","KEGG: mmu04350"
"M_3","M_5","Tgfb1","TGFbR1_R2",0.00748852077377074,0,"TGFB1_TGFBR1_TGFBR2","Tgfb1 - (Tgfbr1+Tgfbr2)","TGFb","Secreted Signaling","KEGG: mmu04350"
"M_0","M_5","Tgfb1","TGFbR1_R2",0.0103735665932605,0,"TGFB1_TGFBR1_TGFBR2","Tgfb1 - (Tgfbr1+Tgfbr2)","TGFb","Secreted Signaling","KEGG: mmu04350"
"M_5","M_0","Tgfb1","TGFbR1_R2",0.00592720593713389,0,"TGFB1_TGFBR1_TGFBR2","Tgfb1 - (Tgfbr1+Tgfbr2)","TGFb","Secreted Signaling","KEGG: mmu04350"
"M_3","M_0","Tgfb1","TGFbR1_R2",0.00523993595261714,0,"TGFB1_TGFBR1_TGFBR2","Tgfb1 - (Tgfbr1+Tgfbr2)","TGFb","Secreted Signaling","KEGG: mmu04350"
"M_0","M_0","Tgfb1","TGFbR1_R2",0.00726506095932125,0,"TGFB1_TGFBR1_TGFBR2","Tgfb1 - (Tgfbr1+Tgfbr2)","TGFb","Secreted Signaling","KEGG: mmu04350"
"M_5","M_5","Ccl5","Ccr1",0.0321870847345824,0,"CCL5_CCR1","Ccl5  - Ccr1","CCL","Secreted Signaling","KEGG: mmu04060"
"M_0","M_5","Ccl5","Ccr1",0.024561505237691,0,"CCL5_CCR1","Ccl5  - Ccr1","CCL","Secreted Signaling","KEGG: mmu04060"
"M_5","M_3","Ccl5","Ccr1",0.04069097198045,0,"CCL5_CCR1","Ccl5  - Ccr1","CCL","Secreted Signaling","KEGG: mmu04060"
"M_0","M_3","Ccl5","Ccr1",0.0311154732472707,0,"CCL5_CCR1","Ccl5  - Ccr1","CCL","Secreted Signaling","KEGG: mmu04060"
"M_5","M_0","Ccl5","Ccr1",0.0471707902090984,0,"CCL5_CCR1","Ccl5  - Ccr1","CCL","Secreted Signaling","KEGG: mmu04060"
"M_0","M_0","Ccl5","Ccr1",0.0361278710418683,0,"CCL5_CCR1","Ccl5  - Ccr1","CCL","Secreted Signaling","KEGG: mmu04060"
"M_0","M_5","Ccl3","Ccr1",0.00327537290222125,0,"CCL3_CCR1","Ccl3  - Ccr1","CCL","Secreted Signaling","KEGG: mmu04060"
"M_0","M_3","Ccl3","Ccr1",0.00417367346844987,0,"CCL3_CCR1","Ccl3  - Ccr1","CCL","Secreted Signaling","KEGG: mmu04060"
"M_0","M_0","Ccl3","Ccr1",0.00486781645106226,0,"CCL3_CCR1","Ccl3  - Ccr1","CCL","Secreted Signaling","KEGG: mmu04060"
"M_5","M_5","Ccl8","Ccr1",0.00223237876037555,0,"CCL8_CCR1","Ccl8  - Ccr1","CCL","Secreted Signaling","KEGG: mmu04060"
"M_0","M_5","Ccl8","Ccr1",0.00331344815768264,0,"CCL8_CCR1","Ccl8  - Ccr1","CCL","Secreted Signaling","KEGG: mmu04060"
"M_5","M_3","Ccl8","Ccr1",0.00284544539009168,0,"CCL8_CCR1","Ccl8  - Ccr1","CCL","Secreted Signaling","KEGG: mmu04060"
"M_0","M_3","Ccl8","Ccr1",0.0042221469716263,0,"CCL8_CCR1","Ccl8  - Ccr1","CCL","Secreted Signaling","KEGG: mmu04060"
"M_5","M_0","Ccl8","Ccr1",0.00331942094953524,0,"CCL8_CCR1","Ccl8  - Ccr1","CCL","Secreted Signaling","KEGG: mmu04060"
"M_0","M_0","Ccl8","Ccr1",0.00492431194179808,0,"CCL8_CCR1","Ccl8  - Ccr1","CCL","Secreted Signaling","KEGG: mmu04060"
"M_0","M_5","Ccl9","Ccr1",0.00370784293277482,0,"CCL9_CCR1","Ccl9  - Ccr1","CCL","Secreted Signaling","KEGG: mmu04060"
"M_0","M_3","Ccl9","Ccr1",0.00472419013440172,0,"CCL9_CCR1","Ccl9  - Ccr1","CCL","Secreted Signaling","KEGG: mmu04060"
"M_0","M_0","Ccl9","Ccr1",0.00550938554790208,0,"CCL9_CCR1","Ccl9  - Ccr1","CCL","Secreted Signaling","KEGG: mmu04060"
"M_5","M_5","Ccl6","Ccr1",0.0029994105445743,0,"CCL6_CCR1","Ccl6  - Ccr1","CCL","Secreted Signaling","KEGG: mmu04060"
"M_0","M_5","Ccl6","Ccr1",0.00543837401254688,0,"CCL6_CCR1","Ccl6  - Ccr1","CCL","Secreted Signaling","KEGG: mmu04060"
"M_5","M_3","Ccl6","Ccr1",0.00382231618799716,0,"CCL6_CCR1","Ccl6  - Ccr1","CCL","Secreted Signaling","KEGG: mmu04060"
"M_0","M_3","Ccl6","Ccr1",0.0069257751188747,0,"CCL6_CCR1","Ccl6  - Ccr1","CCL","Secreted Signaling","KEGG: mmu04060"
"M_5","M_0","Ccl6","Ccr1",0.00445828492809926,0,"CCL6_CCR1","Ccl6  - Ccr1","CCL","Secreted Signaling","KEGG: mmu04060"
"M_0","M_0","Ccl6","Ccr1",0.00807392184293689,0,"CCL6_CCR1","Ccl6  - Ccr1","CCL","Secreted Signaling","KEGG: mmu04060"
"M_5","T_4","Ccl8","Ccr2",0.00335127077793958,0,"CCL8_CCR2","Ccl8  - Ccr2","CCL","Secreted Signaling","KEGG: mmu04060"
"M_0","T_4","Ccl8","Ccr2",0.0049714838812713,0,"CCL8_CCR2","Ccl8  - Ccr2","CCL","Secreted Signaling","KEGG: mmu04060"
"M_5","M_5","Ccl8","Ccr2",0.00084908773475838,0,"CCL8_CCR2","Ccl8  - Ccr2","CCL","Secreted Signaling","KEGG: mmu04060"
"M_0","M_5","Ccl8","Ccr2",0.00126112037155162,0,"CCL8_CCR2","Ccl8  - Ccr2","CCL","Secreted Signaling","KEGG: mmu04060"
"M_5","M_0","Ccl8","Ccr2",0.00230663270184264,0,"CCL8_CCR2","Ccl8  - Ccr2","CCL","Secreted Signaling","KEGG: mmu04060"
"M_0","M_0","Ccl8","Ccr2",0.00342353751847692,0,"CCL8_CCR2","Ccl8  - Ccr2","CCL","Secreted Signaling","KEGG: mmu04060"
"M_5","T_4","Ccl6","Ccr2",0.00450101280287356,0,"CCL6_CCR2","Ccl6  - Ccr2","CCL","Secreted Signaling","KEGG: mmu04060"
"M_0","T_4","Ccl6","Ccr2",0.0081510180019776,0,"CCL6_CCR2","Ccl6  - Ccr2","CCL","Secreted Signaling","KEGG: mmu04060"
"M_5","M_5","Ccl6","Ccr2",0.00114137282094939,0,"CCL6_CCR2","Ccl6  - Ccr2","CCL","Secreted Signaling","KEGG: mmu04060"
"M_0","M_5","Ccl6","Ccr2",0.00207261823868414,0,"CCL6_CCR2","Ccl6  - Ccr2","CCL","Secreted Signaling","KEGG: mmu04060"
"M_5","M_0","Ccl6","Ccr2",0.00309909844453112,0,"CCL6_CCR2","Ccl6  - Ccr2","CCL","Secreted Signaling","KEGG: mmu04060"
"M_0","M_0","Ccl6","Ccr2",0.00561866606375228,0,"CCL6_CCR2","Ccl6  - Ccr2","CCL","Secreted Signaling","KEGG: mmu04060"
"M_0","T_4","Ccl2","Ccr2",0.00443915903002169,0,"CCL2_CCR2","Ccl2  - Ccr2","CCL","Secreted Signaling","KEGG: mmu04060"
"M_0","M_5","Ccl2","Ccr2",0.00112563565462204,0,"CCL2_CCR2","Ccl2  - Ccr2","CCL","Secreted Signaling","KEGG: mmu04060"
"M_0","M_0","Ccl2","Ccr2",0.00305645089516663,0,"CCL2_CCR2","Ccl2  - Ccr2","CCL","Secreted Signaling","KEGG: mmu04060"
"M_5","M_5","Ccl4","Ccr5",0.00546604949370045,0,"CCL4_CCR5","Ccl4  - Ccr5","CCL","Secreted Signaling","KEGG: mmu04060"
"M_0","M_5","Ccl4","Ccr5",0.00962675806951424,0,"CCL4_CCR5","Ccl4  - Ccr5","CCL","Secreted Signaling","KEGG: mmu04060"
"M_5","M_3","Ccl4","Ccr5",0.00116435007484234,0,"CCL4_CCR5","Ccl4  - Ccr5","CCL","Secreted Signaling","KEGG: mmu04060"
"M_0","M_3","Ccl4","Ccr5",0.00205741692778486,0,"CCL4_CCR5","Ccl4  - Ccr5","CCL","Secreted Signaling","KEGG: mmu04060"
"M_5","M_0","Ccl4","Ccr5",0.00966206677423605,0,"CCL4_CCR5","Ccl4  - Ccr5","CCL","Secreted Signaling","KEGG: mmu04060"
"M_0","M_0","Ccl4","Ccr5",0.016962271856486,0,"CCL4_CCR5","Ccl4  - Ccr5","CCL","Secreted Signaling","KEGG: mmu04060"
"M_5","M_5","Ccl5","Ccr5",0.0367722749270342,0,"CCL5_CCR5","Ccl5  - Ccr5","CCL","Secreted Signaling","KEGG: mmu04060"
"M_0","M_5","Ccl5","Ccr5",0.0280919295403763,0,"CCL5_CCR5","Ccl5  - Ccr5","CCL","Secreted Signaling","KEGG: mmu04060"
"M_5","M_3","Ccl5","Ccr5",0.00803201982801485,0,"CCL5_CCR5","Ccl5  - Ccr5","CCL","Secreted Signaling","KEGG: mmu04060"
"M_0","M_3","Ccl5","Ccr5",0.00609309130103538,0,"CCL5_CCR5","Ccl5  - Ccr5","CCL","Secreted Signaling","KEGG: mmu04060"
"M_5","M_0","Ccl5","Ccr5",0.063466905868656,0,"CCL5_CCR5","Ccl5  - Ccr5","CCL","Secreted Signaling","KEGG: mmu04060"
"M_0","M_0","Ccl5","Ccr5",0.0488043904360824,0,"CCL5_CCR5","Ccl5  - Ccr5","CCL","Secreted Signaling","KEGG: mmu04060"
"M_0","M_5","Ccl3","Ccr5",0.00375795627522458,0,"CCL3_CCR5","Ccl3  - Ccr5","CCL","Secreted Signaling","KEGG: mmu04060"
"M_0","M_3","Ccl3","Ccr5",0.000799420219120774,0,"CCL3_CCR5","Ccl3  - Ccr5","CCL","Secreted Signaling","KEGG: mmu04060"
"M_0","M_0","Ccl3","Ccr5",0.00665152396600094,0,"CCL3_CCR5","Ccl3  - Ccr5","CCL","Secreted Signaling","KEGG: mmu04060"
"M_5","M_5","Ccl8","Ccr5",0.00256168553509414,0,"CCL8_CCR5","Ccl8  - Ccr5","CCL","Secreted Signaling","KEGG: mmu04060"
"M_0","M_5","Ccl8","Ccr5",0.00380162002500347,0,"CCL8_CCR5","Ccl8  - Ccr5","CCL","Secreted Signaling","KEGG: mmu04060"
"M_5","M_3","Ccl8","Ccr5",0.000544426000636372,0,"CCL8_CCR5","Ccl8  - Ccr5","CCL","Secreted Signaling","KEGG: mmu04060"
"M_0","M_3","Ccl8","Ccr5",0.000808736599930387,0,"CCL8_CCR5","Ccl8  - Ccr5","CCL","Secreted Signaling","KEGG: mmu04060"
"M_5","M_0","Ccl8","Ccr5",0.00453833950089284,0,"CCL8_CCR5","Ccl8  - Ccr5","CCL","Secreted Signaling","KEGG: mmu04060"
"M_0","M_0","Ccl8","Ccr5",0.00672858105080793,0,"CCL8_CCR5","Ccl8  - Ccr5","CCL","Secreted Signaling","KEGG: mmu04060"
"M_5","T_4","Cxcl16","Cxcr6",0.110123760779354,0,"CXCL16_CXCR6","Cxcl16  - Cxcr6","CXCL","Secreted Signaling","KEGG: mmu04060"
"M_3","T_4","Cxcl16","Cxcr6",0.142263837811746,0,"CXCL16_CXCR6","Cxcl16  - Cxcr6","CXCL","Secreted Signaling","KEGG: mmu04060"
"M_0","T_4","Cxcl16","Cxcr6",0.13483531420056,0,"CXCL16_CXCR6","Cxcl16  - Cxcr6","CXCL","Secreted Signaling","KEGG: mmu04060"
"M_5","M_5","Cxcl16","Cxcr6",0.0365000377973033,0,"CXCL16_CXCR6","Cxcl16  - Cxcr6","CXCL","Secreted Signaling","KEGG: mmu04060"
"M_3","M_5","Cxcl16","Cxcr6",0.0483194711658958,0,"CXCL16_CXCR6","Cxcl16  - Cxcr6","CXCL","Secreted Signaling","KEGG: mmu04060"
"M_0","M_5","Cxcl16","Cxcr6",0.0455359729909703,0,"CXCL16_CXCR6","Cxcl16  - Cxcr6","CXCL","Secreted Signaling","KEGG: mmu04060"
"B_1","B_1","Mif","CD74_CXCR4",0.085126543521893,0,"MIF_CD74_CXCR4","Mif  - (Cd74+Cxcr4)","MIF","Secreted Signaling","PMID: 29637711; PMID: 24760155"
"M_5","B_1","Mif","CD74_CXCR4",0.107213328707598,0,"MIF_CD74_CXCR4","Mif  - (Cd74+Cxcr4)","MIF","Secreted Signaling","PMID: 29637711; PMID: 24760155"
"M_3","B_1","Mif","CD74_CXCR4",0.0911666858350866,0,"MIF_CD74_CXCR4","Mif  - (Cd74+Cxcr4)","MIF","Secreted Signaling","PMID: 29637711; PMID: 24760155"
"M_0","B_1","Mif","CD74_CXCR4",0.119563523421158,0,"MIF_CD74_CXCR4","Mif  - (Cd74+Cxcr4)","MIF","Secreted Signaling","PMID: 29637711; PMID: 24760155"
"M_5","M_5","Mif","CD74_CXCR4",0.0913060812379806,0,"MIF_CD74_CXCR4","Mif  - (Cd74+Cxcr4)","MIF","Secreted Signaling","PMID: 29637711; PMID: 24760155"
"M_0","M_5","Mif","CD74_CXCR4",0.102033295012929,0,"MIF_CD74_CXCR4","Mif  - (Cd74+Cxcr4)","MIF","Secreted Signaling","PMID: 29637711; PMID: 24760155"
"M_5","M_3","Mif","CD74_CXCR4",0.0947253732041578,0,"MIF_CD74_CXCR4","Mif  - (Cd74+Cxcr4)","MIF","Secreted Signaling","PMID: 29637711; PMID: 24760155"
"M_0","M_3","Mif","CD74_CXCR4",0.105807531021304,0,"MIF_CD74_CXCR4","Mif  - (Cd74+Cxcr4)","MIF","Secreted Signaling","PMID: 29637711; PMID: 24760155"
"M_5","M_0","Mif","CD74_CXCR4",0.0921341683966012,0,"MIF_CD74_CXCR4","Mif  - (Cd74+Cxcr4)","MIF","Secreted Signaling","PMID: 29637711; PMID: 24760155"
"M_0","M_0","Mif","CD74_CXCR4",0.102947649026202,0,"MIF_CD74_CXCR4","Mif  - (Cd74+Cxcr4)","MIF","Secreted Signaling","PMID: 29637711; PMID: 24760155"
"B_1","M_5","Mif","CD74_CD44",0.0933390766746537,0,"MIF_CD74_CD44","Mif  - (Cd74+Cd44)","MIF","Secreted Signaling","PMID: 29637711; PMID: 26175090"
"M_5","M_5","Mif","CD74_CD44",0.117283509274802,0,"MIF_CD74_CD44","Mif  - (Cd74+Cd44)","MIF","Secreted Signaling","PMID: 29637711; PMID: 26175090"
"M_3","M_5","Mif","CD74_CD44",0.0998983089670801,0,"MIF_CD74_CD44","Mif  - (Cd74+Cd44)","MIF","Secreted Signaling","PMID: 29637711; PMID: 26175090"
"M_0","M_5","Mif","CD74_CD44",0.130623993690039,0,"MIF_CD74_CD44","Mif  - (Cd74+Cd44)","MIF","Secreted Signaling","PMID: 29637711; PMID: 26175090"
"M_0","M_3","Mif","CD74_CD44",0.0939773250877279,0,"MIF_CD74_CD44","Mif  - (Cd74+Cd44)","MIF","Secreted Signaling","PMID: 29637711; PMID: 26175090"
"B_1","M_0","Mif","CD74_CD44",0.103369156433544,0,"MIF_CD74_CD44","Mif  - (Cd74+Cd44)","MIF","Secreted Signaling","PMID: 29637711; PMID: 26175090"
"T_4","M_0","Mif","CD74_CD44",0.10016651962772,0,"MIF_CD74_CD44","Mif  - (Cd74+Cd44)","MIF","Secreted Signaling","PMID: 29637711; PMID: 26175090"
"M_5","M_0","Mif","CD74_CD44",0.129519057455084,0,"MIF_CD74_CD44","Mif  - (Cd74+Cd44)","MIF","Secreted Signaling","PMID: 29637711; PMID: 26175090"
"M_3","M_0","Mif","CD74_CD44",0.11054729382175,0,"MIF_CD74_CD44","Mif  - (Cd74+Cd44)","MIF","Secreted Signaling","PMID: 29637711; PMID: 26175090"
"M_0","M_0","Mif","CD74_CD44",0.144024205202811,0,"MIF_CD74_CD44","Mif  - (Cd74+Cd44)","MIF","Secreted Signaling","PMID: 29637711; PMID: 26175090"
"M_0","T_4","Il18","IL18R1_IL18RAP",0.00341824319021204,0,"IL18_IL18R1_IL18RAP","Il18  - (Il18r1+Il18rap)","IL1","Secreted Signaling","KEGG: mmu04060"
"M_0","M_5","Il18","IL18R1_IL18RAP",0.0020104838071202,0,"IL18_IL18R1_IL18RAP","Il18  - (Il18r1+Il18rap)","IL1","Secreted Signaling","KEGG: mmu04060"
"B_3","M_5","Il16","Cd4",0.00055451308312631,0,"IL16_CD4","Il16  - Cd4","IL16","Secreted Signaling","KEGG: mmu04060"
"M_5","M_5","Il16","Cd4",0.000554905161029459,0,"IL16_CD4","Il16  - Cd4","IL16","Secreted Signaling","KEGG: mmu04060"
"M_5","B_1","Ifng","IFNGR1_IFNGR2",0.00114584822997454,0,"IFNG_IFNGR1_IFNGR2","Ifng  - (Ifngr1+Ifngr2)","IFN-II","Secreted Signaling","KEGG: mmu04060"
"M_5","M_5","Ifng","IFNGR1_IFNGR2",0.00293003158299679,0,"IFNG_IFNGR1_IFNGR2","Ifng  - (Ifngr1+Ifngr2)","IFN-II","Secreted Signaling","KEGG: mmu04060"
"M_5","M_3","Ifng","IFNGR1_IFNGR2",0.00322621702451215,0,"IFNG_IFNGR1_IFNGR2","Ifng  - (Ifngr1+Ifngr2)","IFN-II","Secreted Signaling","KEGG: mmu04060"
"M_5","M_0","Ifng","IFNGR1_IFNGR2",0.00239148394296715,0,"IFNG_IFNGR1_IFNGR2","Ifng  - (Ifngr1+Ifngr2)","IFN-II","Secreted Signaling","KEGG: mmu04060"
"M_5","M_5","Tnf","Tnfrsf1a",0.00401192962832228,0,"TNF_TNFRSF1A","Tnf  - Tnfrsf1a","TNF","Secreted Signaling","KEGG: mmu04060"
"M_0","M_5","Tnf","Tnfrsf1a",0.0113363657667285,0,"TNF_TNFRSF1A","Tnf  - Tnfrsf1a","TNF","Secreted Signaling","KEGG: mmu04060"
"M_5","M_3","Tnf","Tnfrsf1a",0.00377973735537502,0,"TNF_TNFRSF1A","Tnf  - Tnfrsf1a","TNF","Secreted Signaling","KEGG: mmu04060"
"M_0","M_3","Tnf","Tnfrsf1a",0.0106848159753535,0,"TNF_TNFRSF1A","Tnf  - Tnfrsf1a","TNF","Secreted Signaling","KEGG: mmu04060"
"M_5","M_0","Tnf","Tnfrsf1a",0.00526085436992919,0,"TNF_TNFRSF1A","Tnf  - Tnfrsf1a","TNF","Secreted Signaling","KEGG: mmu04060"
"M_0","M_0","Tnf","Tnfrsf1a",0.014831453976553,0,"TNF_TNFRSF1A","Tnf  - Tnfrsf1a","TNF","Secreted Signaling","KEGG: mmu04060"
"M_5","T_4","Tnf","Tnfrsf1b",0.00264656191374163,0,"TNF_TNFRSF1B","Tnf  - Tnfrsf1b","TNF","Secreted Signaling","KEGG: mmu04060"
"M_0","T_4","Tnf","Tnfrsf1b",0.00749705836506507,0,"TNF_TNFRSF1B","Tnf  - Tnfrsf1b","TNF","Secreted Signaling","KEGG: mmu04060"
"M_5","M_5","Tnf","Tnfrsf1b",0.00548842063818956,0,"TNF_TNFRSF1B","Tnf  - Tnfrsf1b","TNF","Secreted Signaling","KEGG: mmu04060"
"M_0","M_5","Tnf","Tnfrsf1b",0.0154665742232895,0,"TNF_TNFRSF1B","Tnf  - Tnfrsf1b","TNF","Secreted Signaling","KEGG: mmu04060"
"M_5","M_3","Tnf","Tnfrsf1b",0.00467010824658416,0,"TNF_TNFRSF1B","Tnf  - Tnfrsf1b","TNF","Secreted Signaling","KEGG: mmu04060"
"M_0","M_3","Tnf","Tnfrsf1b",0.0131802561360273,0,"TNF_TNFRSF1B","Tnf  - Tnfrsf1b","TNF","Secreted Signaling","KEGG: mmu04060"
"M_5","M_0","Tnf","Tnfrsf1b",0.00584818762819909,0,"TNF_TNFRSF1B","Tnf  - Tnfrsf1b","TNF","Secreted Signaling","KEGG: mmu04060"
"M_0","M_0","Tnf","Tnfrsf1b",0.0164695793263884,0,"TNF_TNFRSF1B","Tnf  - Tnfrsf1b","TNF","Secreted Signaling","KEGG: mmu04060"
"M_5","B_3","Fasl","Fas",0.000406146316558541,0,"FASL_FAS","Fasl  - Fas","FASLG","Secreted Signaling","KEGG: mmu04060"
"M_5","M_5","Fasl","Fas",0.00047935762920273,0,"FASL_FAS","Fasl  - Fas","FASLG","Secreted Signaling","KEGG: mmu04060"
"M_5","M_0","Fasl","Fas",0.000510037275733796,0,"FASL_FAS","Fasl  - Fas","FASLG","Secreted Signaling","KEGG: mmu04060"
"M_0","M_5","Tnfsf12","Tnfrsf12a",0.000330689378206608,0,"TNFSF12_TNFRSF12A","Tnfsf12  - Tnfrsf12a","TWEAK","Secreted Signaling","KEGG: mmu04060"
"M_0","M_0","Tnfsf12","Tnfrsf12a",0.000755373371074941,0,"TNFSF12_TNFRSF12A","Tnfsf12  - Tnfrsf12a","TWEAK","Secreted Signaling","KEGG: mmu04060"
"M_0","B_3","Tnfsf13","Tnfrsf17",0.00363212936250587,0,"TNFSF13_TNFRSF17","Tnfsf13  - Tnfrsf17","APRIL","Secreted Signaling","KEGG: mmu04060"
"M_0","B_3","Tnfsf13","Tnfrsf13b",0.003891720736553,0,"TNFSF13_TNFRSF13B","Tnfsf13  - Tnfrsf13b","APRIL","Secreted Signaling","KEGG: mmu04060"
"M_5","M_5","Nampt","ITGA5_ITGB1",0.0107875087863914,0,"NAMPT_ITGA5_ITGB1","Nampt  - (Itga5+Itgb1)","VISFATIN","Secreted Signaling","PMID: 28490838"
"M_3","M_5","Nampt","ITGA5_ITGB1",0.00352013777656168,0,"NAMPT_ITGA5_ITGB1","Nampt  - (Itga5+Itgb1)","VISFATIN","Secreted Signaling","PMID: 28490838"
"M_0","M_5","Nampt","ITGA5_ITGB1",0.0192885956502145,0,"NAMPT_ITGA5_ITGB1","Nampt  - (Itga5+Itgb1)","VISFATIN","Secreted Signaling","PMID: 28490838"
"M_5","M_0","Nampt","ITGA5_ITGB1",0.0138724488494552,0,"NAMPT_ITGA5_ITGB1","Nampt  - (Itga5+Itgb1)","VISFATIN","Secreted Signaling","PMID: 28490838"
"M_3","M_0","Nampt","ITGA5_ITGB1",0.00453633393908498,0,"NAMPT_ITGA5_ITGB1","Nampt  - (Itga5+Itgb1)","VISFATIN","Secreted Signaling","PMID: 28490838"
"M_0","M_0","Nampt","ITGA5_ITGB1",0.0247438097524433,0,"NAMPT_ITGA5_ITGB1","Nampt  - (Itga5+Itgb1)","VISFATIN","Secreted Signaling","PMID: 28490838"
"M_5","M_0","C3","C3ar1",0.00631949894895122,0,"C3_C3AR1","C3  - C3ar1","COMPLEMENT","Secreted Signaling","KEGG: mmu04080"
"M_0","M_0","C3","C3ar1",0.0109531422068465,0,"C3_C3AR1","C3  - C3ar1","COMPLEMENT","Secreted Signaling","KEGG: mmu04080"
"M_5","M_5","C3","ITGAM_ITGB2",0.0180827973735466,0,"C3_ITGAM_ITGB2","C3  - (Itgam+Itgb2)","COMPLEMENT","Secreted Signaling","PMID: 16234578"
"M_0","M_5","C3","ITGAM_ITGB2",0.0310719324619693,0,"C3_ITGAM_ITGB2","C3  - (Itgam+Itgb2)","COMPLEMENT","Secreted Signaling","PMID: 16234578"
"M_5","M_0","C3","ITGAM_ITGB2",0.037522976957366,0,"C3_ITGAM_ITGB2","C3  - (Itgam+Itgb2)","COMPLEMENT","Secreted Signaling","PMID: 16234578"
"M_0","M_0","C3","ITGAM_ITGB2",0.0635721936788371,0,"C3_ITGAM_ITGB2","C3  - (Itgam+Itgb2)","COMPLEMENT","Secreted Signaling","PMID: 16234578"
"M_5","M_5","C3","ITGAX_ITGB2",0.0184297463702921,0,"C3_ITGAX_ITGB2","C3  - (Itgax+Itgb2)","COMPLEMENT","Secreted Signaling","PMID: 16234578"
"M_0","M_5","C3","ITGAX_ITGB2",0.0316600643658431,0,"C3_ITGAX_ITGB2","C3  - (Itgax+Itgb2)","COMPLEMENT","Secreted Signaling","PMID: 16234578"
"M_5","M_3","C3","ITGAX_ITGB2",0.022738165470817,0,"C3_ITGAX_ITGB2","C3  - (Itgax+Itgb2)","COMPLEMENT","Secreted Signaling","PMID: 16234578"
"M_0","M_3","C3","ITGAX_ITGB2",0.0389387091365406,0,"C3_ITGAX_ITGB2","C3  - (Itgax+Itgb2)","COMPLEMENT","Secreted Signaling","PMID: 16234578"
"M_5","M_0","C3","ITGAX_ITGB2",0.0187311988051545,0,"C3_ITGAX_ITGB2","C3  - (Itgax+Itgb2)","COMPLEMENT","Secreted Signaling","PMID: 16234578"
"M_0","M_0","C3","ITGAX_ITGB2",0.0321708303274291,0,"C3_ITGAX_ITGB2","C3  - (Itgax+Itgb2)","COMPLEMENT","Secreted Signaling","PMID: 16234578"
"M_3","M_5","Anxa1","Fpr2",0.0021199804150646,0,"ANXA1_FPR2","Anxa1  - Fpr2","ANNEXIN","Secreted Signaling","PMID: 23230437"
"M_3","M_0","Anxa1","Fpr2",0.00716778188586145,0,"ANXA1_FPR2","Anxa1  - Fpr2","ANNEXIN","Secreted Signaling","PMID: 23230437"
"M_5","B_3","Lgals9","Ptprc",0.00171382384533877,0,"LGALS9_CD45","Lgals9  - Cd45","GALECTIN","Secreted Signaling","PMID: 30120235"
"M_3","B_3","Lgals9","Ptprc",0.00152984660834953,0,"LGALS9_CD45","Lgals9  - Cd45","GALECTIN","Secreted Signaling","PMID: 30120235"
"M_0","B_3","Lgals9","Ptprc",0.00225846806260543,0,"LGALS9_CD45","Lgals9  - Cd45","GALECTIN","Secreted Signaling","PMID: 30120235"
"M_5","B_1","Lgals9","Ptprc",0.00901740961092768,0,"LGALS9_CD45","Lgals9  - Cd45","GALECTIN","Secreted Signaling","PMID: 30120235"
"M_3","B_1","Lgals9","Ptprc",0.00805572670597663,0,"LGALS9_CD45","Lgals9  - Cd45","GALECTIN","Secreted Signaling","PMID: 30120235"
"M_0","B_1","Lgals9","Ptprc",0.0118555306114715,0,"LGALS9_CD45","Lgals9  - Cd45","GALECTIN","Secreted Signaling","PMID: 30120235"
"M_5","T_4","Lgals9","Ptprc",0.0100961602130144,0,"LGALS9_CD45","Lgals9  - Cd45","GALECTIN","Secreted Signaling","PMID: 30120235"
"M_3","T_4","Lgals9","Ptprc",0.00902047861936581,0,"LGALS9_CD45","Lgals9  - Cd45","GALECTIN","Secreted Signaling","PMID: 30120235"
"M_0","T_4","Lgals9","Ptprc",0.0132692587411947,0,"LGALS9_CD45","Lgals9  - Cd45","GALECTIN","Secreted Signaling","PMID: 30120235"
"M_5","M_5","Lgals9","Ptprc",0.0115342440917748,0,"LGALS9_CD45","Lgals9  - Cd45","GALECTIN","Secreted Signaling","PMID: 30120235"
"M_3","M_5","Lgals9","Ptprc",0.0103069391386398,0,"LGALS9_CD45","Lgals9  - Cd45","GALECTIN","Secreted Signaling","PMID: 30120235"
"M_0","M_5","Lgals9","Ptprc",0.015152396323991,0,"LGALS9_CD45","Lgals9  - Cd45","GALECTIN","Secreted Signaling","PMID: 30120235"
"M_5","M_3","Lgals9","Ptprc",0.00943749411193039,0,"LGALS9_CD45","Lgals9  - Cd45","GALECTIN","Secreted Signaling","PMID: 30120235"
"M_3","M_3","Lgals9","Ptprc",0.00843139147621128,0,"LGALS9_CD45","Lgals9  - Cd45","GALECTIN","Secreted Signaling","PMID: 30120235"
"M_0","M_3","Lgals9","Ptprc",0.0124061764189507,0,"LGALS9_CD45","Lgals9  - Cd45","GALECTIN","Secreted Signaling","PMID: 30120235"
"M_5","M_0","Lgals9","Ptprc",0.0108733238838951,0,"LGALS9_CD45","Lgals9  - Cd45","GALECTIN","Secreted Signaling","PMID: 30120235"
"M_3","M_0","Lgals9","Ptprc",0.00971565312781989,0,"LGALS9_CD45","Lgals9  - Cd45","GALECTIN","Secreted Signaling","PMID: 30120235"
"M_0","M_0","Lgals9","Ptprc",0.014287150090315,0,"LGALS9_CD45","Lgals9  - Cd45","GALECTIN","Secreted Signaling","PMID: 30120235"
"M_5","B_1","Lgals9","Ighm",0.00171572908845448,0,"LGALS9_IGHM","Lgals9  - Ighm","GALECTIN","Secreted Signaling","PMID: 30120235"
"M_3","B_1","Lgals9","Ighm",0.00153154763934427,0,"LGALS9_IGHM","Lgals9  - Ighm","GALECTIN","Secreted Signaling","PMID: 30120235"
"M_0","B_1","Lgals9","Ighm",0.00226097741065889,0,"LGALS9_IGHM","Lgals9  - Ighm","GALECTIN","Secreted Signaling","PMID: 30120235"
"M_5","M_3","Lgals9","Ighm",0.000613236541286719,0,"LGALS9_IGHM","Lgals9  - Ighm","GALECTIN","Secreted Signaling","PMID: 30120235"
"M_3","M_3","Lgals9","Ighm",0.000547341448040621,0,"LGALS9_IGHM","Lgals9  - Ighm","GALECTIN","Secreted Signaling","PMID: 30120235"
"M_0","M_3","Lgals9","Ighm",0.000808403126657051,0,"LGALS9_IGHM","Lgals9  - Ighm","GALECTIN","Secreted Signaling","PMID: 30120235"
"M_5","M_5","Lgals9","Havcr2",0.00103574568194656,0,"LGALS9_HAVCR2","Lgals9  - Havcr2","GALECTIN","Secreted Signaling","PMID: 27192565"
"M_3","M_5","Lgals9","Havcr2",0.000924492032068892,0,"LGALS9_HAVCR2","Lgals9  - Havcr2","GALECTIN","Secreted Signaling","PMID: 27192565"
"M_0","M_5","Lgals9","Havcr2",0.00136519491052709,0,"LGALS9_HAVCR2","Lgals9  - Havcr2","GALECTIN","Secreted Signaling","PMID: 27192565"
"M_5","M_3","Lgals9","Havcr2",0.0076211408516122,0,"LGALS9_HAVCR2","Lgals9  - Havcr2","GALECTIN","Secreted Signaling","PMID: 27192565"
"M_3","M_3","Lgals9","Havcr2",0.00680734342566918,0,"LGALS9_HAVCR2","Lgals9  - Havcr2","GALECTIN","Secreted Signaling","PMID: 27192565"
"M_0","M_3","Lgals9","Havcr2",0.0100242484166578,0,"LGALS9_HAVCR2","Lgals9  - Havcr2","GALECTIN","Secreted Signaling","PMID: 27192565"
"M_5","M_0","Lgals9","Havcr2",0.00112222832456184,0,"LGALS9_HAVCR2","Lgals9  - Havcr2","GALECTIN","Secreted Signaling","PMID: 27192565"
"M_3","M_0","Lgals9","Havcr2",0.00100169453767445,0,"LGALS9_HAVCR2","Lgals9  - Havcr2","GALECTIN","Secreted Signaling","PMID: 27192565"
"M_0","M_0","Lgals9","Havcr2",0.00147914515781111,0,"LGALS9_HAVCR2","Lgals9  - Havcr2","GALECTIN","Secreted Signaling","PMID: 27192565"
"M_5","B_3","Lgals9","Cd44",0.00338491618573371,0,"LGALS9_CD44","Lgals9  - Cd44","GALECTIN","Secreted Signaling","PMID: 25065622"
"M_3","B_3","Lgals9","Cd44",0.00302209195906203,0,"LGALS9_CD44","Lgals9  - Cd44","GALECTIN","Secreted Signaling","PMID: 25065622"
"M_0","B_3","Lgals9","Cd44",0.00445825308840254,0,"LGALS9_CD44","Lgals9  - Cd44","GALECTIN","Secreted Signaling","PMID: 25065622"
"M_5","B_1","Lgals9","Cd44",0.00190927321674153,0,"LGALS9_CD44","Lgals9  - Cd44","GALECTIN","Secreted Signaling","PMID: 25065622"
"M_3","B_1","Lgals9","Cd44",0.00170435051049061,0,"LGALS9_CD44","Lgals9  - Cd44","GALECTIN","Secreted Signaling","PMID: 25065622"
"M_0","B_1","Lgals9","Cd44",0.00251587368157167,0,"LGALS9_CD44","Lgals9  - Cd44","GALECTIN","Secreted Signaling","PMID: 25065622"
"M_5","T_4","Lgals9","Cd44",0.00777614660192091,0,"LGALS9_CD44","Lgals9  - Cd44","GALECTIN","Secreted Signaling","PMID: 25065622"
"M_3","T_4","Lgals9","Cd44",0.00694591326776076,0,"LGALS9_CD44","Lgals9  - Cd44","GALECTIN","Secreted Signaling","PMID: 25065622"
"M_0","T_4","Lgals9","Cd44",0.010227627041295,0,"LGALS9_CD44","Lgals9  - Cd44","GALECTIN","Secreted Signaling","PMID: 25065622"
"M_5","M_5","Lgals9","Cd44",0.00668842946250968,0,"LGALS9_CD44","Lgals9  - Cd44","GALECTIN","Secreted Signaling","PMID: 25065622"
"M_3","M_5","Lgals9","Cd44",0.00597362890710638,0,"LGALS9_CD44","Lgals9  - Cd44","GALECTIN","Secreted Signaling","PMID: 25065622"
"M_0","M_5","Lgals9","Cd44",0.00880004131878207,0,"LGALS9_CD44","Lgals9  - Cd44","GALECTIN","Secreted Signaling","PMID: 25065622"
"M_5","M_3","Lgals9","Cd44",0.00304474316335205,0,"LGALS9_CD44","Lgals9  - Cd44","GALECTIN","Secreted Signaling","PMID: 25065622"
"M_3","M_3","Lgals9","Cd44",0.00271828213416042,0,"LGALS9_CD44","Lgals9  - Cd44","GALECTIN","Secreted Signaling","PMID: 25065622"
"M_0","M_3","Lgals9","Cd44",0.00401064729779749,0,"LGALS9_CD44","Lgals9  - Cd44","GALECTIN","Secreted Signaling","PMID: 25065622"
"M_5","M_0","Lgals9","Cd44",0.00779116951321557,0,"LGALS9_CD44","Lgals9  - Cd44","GALECTIN","Secreted Signaling","PMID: 25065622"
"M_3","M_0","Lgals9","Cd44",0.00695934348262873,0,"LGALS9_CD44","Lgals9  - Cd44","GALECTIN","Secreted Signaling","PMID: 25065622"
"M_0","M_0","Lgals9","Cd44",0.0102473371099481,0,"LGALS9_CD44","Lgals9  - Cd44","GALECTIN","Secreted Signaling","PMID: 25065622"
"T_4","T_4","Klk8","F2r",0.0130905528250762,0,"KLK8_F2R","Klk8 - F2r","KLK","Secreted Signaling","PMID: 34552064"
"T_4","M_5","Klk8","F2r",0.0015609686316048,0,"KLK8_F2R","Klk8 - F2r","KLK","Secreted Signaling","PMID: 34552064"
"M_5","B_3","Lgals9","P4hb",0.00248116143764547,0,"LGALS9_P4HB","Lgals9 - P4hb","GALECTIN","Secreted Signaling","PMID:21670307;uniprot"
"M_3","B_3","Lgals9","P4hb",0.00221499406364482,0,"LGALS9_P4HB","Lgals9 - P4hb","GALECTIN","Secreted Signaling","PMID:21670307;uniprot"
"M_0","B_3","Lgals9","P4hb",0.00326886301191013,0,"LGALS9_P4HB","Lgals9 - P4hb","GALECTIN","Secreted Signaling","PMID:21670307;uniprot"
"M_5","M_5","Lgals9","P4hb",0.00320462441608842,0,"LGALS9_P4HB","Lgals9 - P4hb","GALECTIN","Secreted Signaling","PMID:21670307;uniprot"
"M_3","M_5","Lgals9","P4hb",0.00286106992255059,0,"LGALS9_P4HB","Lgals9 - P4hb","GALECTIN","Secreted Signaling","PMID:21670307;uniprot"
"M_0","M_5","Lgals9","P4hb",0.00422103399873555,0,"LGALS9_P4HB","Lgals9 - P4hb","GALECTIN","Secreted Signaling","PMID:21670307;uniprot"
"M_5","M_3","Lgals9","P4hb",0.00283399888670779,0,"LGALS9_P4HB","Lgals9 - P4hb","GALECTIN","Secreted Signaling","PMID:21670307;uniprot"
"M_3","M_3","Lgals9","P4hb",0.00253007676782663,0,"LGALS9_P4HB","Lgals9 - P4hb","GALECTIN","Secreted Signaling","PMID:21670307;uniprot"
"M_0","M_3","Lgals9","P4hb",0.00373329756680709,0,"LGALS9_P4HB","Lgals9 - P4hb","GALECTIN","Secreted Signaling","PMID:21670307;uniprot"
"M_5","M_0","Lgals9","P4hb",0.00383435279912006,0,"LGALS9_P4HB","Lgals9 - P4hb","GALECTIN","Secreted Signaling","PMID:21670307;uniprot"
"M_3","M_0","Lgals9","P4hb",0.00342351960402612,0,"LGALS9_P4HB","Lgals9 - P4hb","GALECTIN","Secreted Signaling","PMID:21670307;uniprot"
"M_0","M_0","Lgals9","P4hb",0.00504948132938132,0,"LGALS9_P4HB","Lgals9 - P4hb","GALECTIN","Secreted Signaling","PMID:21670307;uniprot"
"M_5","B_3","Thbs1","Sdc1",0.00714846255843189,0,"THBS1_SDC1","Thbs1  - Sdc1","THBS","ECM-Receptor","KEGG: mmu04512"
"M_0","B_3","Thbs1","Sdc1",0.0118781758294697,0,"THBS1_SDC1","Thbs1  - Sdc1","THBS","ECM-Receptor","KEGG: mmu04512"
"M_5","M_5","Thbs1","Sdc1",0.00120512258611935,0,"THBS1_SDC1","Thbs1  - Sdc1","THBS","ECM-Receptor","KEGG: mmu04512"
"M_0","M_5","Thbs1","Sdc1",0.00201044335171261,0,"THBS1_SDC1","Thbs1  - Sdc1","THBS","ECM-Receptor","KEGG: mmu04512"
"M_5","M_0","Thbs1","Sdc1",0.00145461340153486,0,"THBS1_SDC1","Thbs1  - Sdc1","THBS","ECM-Receptor","KEGG: mmu04512"
"M_0","M_0","Thbs1","Sdc1",0.00242625091029027,0,"THBS1_SDC1","Thbs1  - Sdc1","THBS","ECM-Receptor","KEGG: mmu04512"
"M_5","B_3","Thbs1","Sdc4",0.00615733796581616,0,"THBS1_SDC4","Thbs1  - Sdc4","THBS","ECM-Receptor","KEGG: mmu04512"
"M_0","B_3","Thbs1","Sdc4",0.0102380450611351,0,"THBS1_SDC4","Thbs1  - Sdc4","THBS","ECM-Receptor","KEGG: mmu04512"
"M_5","T_4","Thbs1","Sdc4",0.0037282524191281,0,"THBS1_SDC4","Thbs1  - Sdc4","THBS","ECM-Receptor","KEGG: mmu04512"
"M_0","T_4","Thbs1","Sdc4",0.00620916790164215,0,"THBS1_SDC4","Thbs1  - Sdc4","THBS","ECM-Receptor","KEGG: mmu04512"
"M_5","M_5","Thbs1","Sdc4",0.00987213672402491,0,"THBS1_SDC4","Thbs1  - Sdc4","THBS","ECM-Receptor","KEGG: mmu04512"
"M_0","M_5","Thbs1","Sdc4",0.0163742231503664,0,"THBS1_SDC4","Thbs1  - Sdc4","THBS","ECM-Receptor","KEGG: mmu04512"
"M_5","M_3","Thbs1","Sdc4",0.00136800486383232,0,"THBS1_SDC4","Thbs1  - Sdc4","THBS","ECM-Receptor","KEGG: mmu04512"
"M_0","M_3","Thbs1","Sdc4",0.00228192270948644,0,"THBS1_SDC4","Thbs1  - Sdc4","THBS","ECM-Receptor","KEGG: mmu04512"
"M_5","M_0","Thbs1","Sdc4",0.0146317811908914,0,"THBS1_SDC4","Thbs1  - Sdc4","THBS","ECM-Receptor","KEGG: mmu04512"
"M_0","M_0","Thbs1","Sdc4",0.0241921180455554,0,"THBS1_SDC4","Thbs1  - Sdc4","THBS","ECM-Receptor","KEGG: mmu04512"
"M_5","B_3","Thbs1","Cd47",0.00936569897696569,0,"THBS1_CD47","Thbs1  - Cd47","THBS","ECM-Receptor","KEGG: mmu04512"
"M_0","B_3","Thbs1","Cd47",0.0155394652065581,0,"THBS1_CD47","Thbs1  - Cd47","THBS","ECM-Receptor","KEGG: mmu04512"
"M_5","B_1","Thbs1","Cd47",0.00783397820777425,0,"THBS1_CD47","Thbs1  - Cd47","THBS","ECM-Receptor","KEGG: mmu04512"
"M_0","B_1","Thbs1","Cd47",0.0130113125186882,0,"THBS1_CD47","Thbs1  - Cd47","THBS","ECM-Receptor","KEGG: mmu04512"
"M_5","T_4","Thbs1","Cd47",0.0127410979884852,0,"THBS1_CD47","Thbs1  - Cd47","THBS","ECM-Receptor","KEGG: mmu04512"
"M_0","T_4","Thbs1","Cd47",0.0210925151952931,0,"THBS1_CD47","Thbs1  - Cd47","THBS","ECM-Receptor","KEGG: mmu04512"
"M_5","M_5","Thbs1","Cd47",0.0156067083022602,0,"THBS1_CD47","Thbs1  - Cd47","THBS","ECM-Receptor","KEGG: mmu04512"
"M_0","M_5","Thbs1","Cd47",0.0257873871167066,0,"THBS1_CD47","Thbs1  - Cd47","THBS","ECM-Receptor","KEGG: mmu04512"
"M_5","M_3","Thbs1","Cd47",0.0185179130505421,0,"THBS1_CD47","Thbs1  - Cd47","THBS","ECM-Receptor","KEGG: mmu04512"
"M_0","M_3","Thbs1","Cd47",0.0305387353444087,0,"THBS1_CD47","Thbs1  - Cd47","THBS","ECM-Receptor","KEGG: mmu04512"
"M_5","M_0","Thbs1","Cd47",0.0149304389773939,0,"THBS1_CD47","Thbs1  - Cd47","THBS","ECM-Receptor","KEGG: mmu04512"
"M_0","M_0","Thbs1","Cd47",0.0246810296090976,0,"THBS1_CD47","Thbs1  - Cd47","THBS","ECM-Receptor","KEGG: mmu04512"
"M_3","T_4","LTB4-LTA4H","Ltb4r1",0.00145763385570978,0,"LTB4-LTA4H_LTB4R1","LTB4-lta4h - Ltb4r1","CysLTs","Non-protein Signaling","PMID:33753496"
"B_3","M_5","PGE2-PTGES3","Ptger4",0.001512830487333,0,"PGE2-PTGES3_PTGER4","PGE2-Ptges3 - Ptger4","Prostaglandin","Non-protein Signaling","PMID: 34949672;PMID: 21508345"
"B_1","M_5","PGE2-PTGES3","Ptger4",0.00400818035504984,0,"PGE2-PTGES3_PTGER4","PGE2-Ptges3 - Ptger4","Prostaglandin","Non-protein Signaling","PMID: 34949672;PMID: 21508345"
"T_4","M_5","PGE2-PTGES3","Ptger4",0.00374696253221362,0,"PGE2-PTGES3_PTGER4","PGE2-Ptges3 - Ptger4","Prostaglandin","Non-protein Signaling","PMID: 34949672;PMID: 21508345"
"M_5","M_5","PGE2-PTGES3","Ptger4",0.00380027145825549,0,"PGE2-PTGES3_PTGER4","PGE2-Ptges3 - Ptger4","Prostaglandin","Non-protein Signaling","PMID: 34949672;PMID: 21508345"
"M_3","M_5","PGE2-PTGES3","Ptger4",0.00469277492418036,0,"PGE2-PTGES3_PTGER4","PGE2-Ptges3 - Ptger4","Prostaglandin","Non-protein Signaling","PMID: 34949672;PMID: 21508345"
"M_0","M_5","PGE2-PTGES3","Ptger4",0.00301682849509348,0,"PGE2-PTGES3_PTGER4","PGE2-Ptges3 - Ptger4","Prostaglandin","Non-protein Signaling","PMID: 34949672;PMID: 21508345"
"B_3","M_3","PGE2-PTGES3","Ptger4",0.00286019981555353,0,"PGE2-PTGES3_PTGER4","PGE2-Ptges3 - Ptger4","Prostaglandin","Non-protein Signaling","PMID: 34949672;PMID: 21508345"
"B_1","M_3","PGE2-PTGES3","Ptger4",0.00756114879685289,0,"PGE2-PTGES3_PTGER4","PGE2-Ptges3 - Ptger4","Prostaglandin","Non-protein Signaling","PMID: 34949672;PMID: 21508345"
"T_4","M_3","PGE2-PTGES3","Ptger4",0.00707002350638337,0,"PGE2-PTGES3_PTGER4","PGE2-Ptges3 - Ptger4","Prostaglandin","Non-protein Signaling","PMID: 34949672;PMID: 21508345"
"M_5","M_3","PGE2-PTGES3","Ptger4",0.00717027013944725,0,"PGE2-PTGES3_PTGER4","PGE2-Ptges3 - Ptger4","Prostaglandin","Non-protein Signaling","PMID: 34949672;PMID: 21508345"
"M_3","M_3","PGE2-PTGES3","Ptger4",0.0088471975589139,0,"PGE2-PTGES3_PTGER4","PGE2-Ptges3 - Ptger4","Prostaglandin","Non-protein Signaling","PMID: 34949672;PMID: 21508345"
"M_0","M_3","PGE2-PTGES3","Ptger4",0.00569605924916922,0,"PGE2-PTGES3_PTGER4","PGE2-Ptges3 - Ptger4","Prostaglandin","Non-protein Signaling","PMID: 34949672;PMID: 21508345"
"M_5","T_4","Cholesterol-LIPA","Rora",0.0169144397004638,0,"Cholesterol-Cholesterol-LIPA_RORA","Cholesterol-LIPA - Rora","Cholesterol","Non-protein Signaling","HMRbase;PMID:12467577;PDB:1N83"
"M_3","T_4","Cholesterol-LIPA","Rora",0.0134547438796724,0,"Cholesterol-Cholesterol-LIPA_RORA","Cholesterol-LIPA - Rora","Cholesterol","Non-protein Signaling","HMRbase;PMID:12467577;PDB:1N83"
"M_0","T_4","Cholesterol-LIPA","Rora",0.0424181890424235,0,"Cholesterol-Cholesterol-LIPA_RORA","Cholesterol-LIPA - Rora","Cholesterol","Non-protein Signaling","HMRbase;PMID:12467577;PDB:1N83"
"M_5","M_5","Cholesterol-LIPA","Rora",0.0079223052887298,0,"Cholesterol-Cholesterol-LIPA_RORA","Cholesterol-LIPA - Rora","Cholesterol","Non-protein Signaling","HMRbase;PMID:12467577;PDB:1N83"
"M_3","M_5","Cholesterol-LIPA","Rora",0.00629010113630457,0,"Cholesterol-Cholesterol-LIPA_RORA","Cholesterol-LIPA - Rora","Cholesterol","Non-protein Signaling","HMRbase;PMID:12467577;PDB:1N83"
"M_0","M_5","Cholesterol-LIPA","Rora",0.0201454711635569,0,"Cholesterol-Cholesterol-LIPA_RORA","Cholesterol-LIPA - Rora","Cholesterol","Non-protein Signaling","HMRbase;PMID:12467577;PDB:1N83"
"M_0","T_4","DHT-SRD5A3","Ar",0.00145651016000611,0,"Dihydrotestosterone-DHT-SRD5A3_AR","DHT-SRD5A3 - Ar","DHT","Non-protein Signaling","HMRbase;uniprot"
"B_1","B_3","Ppia","Bsg",0.0868593314712955,0,"PPIA_BSG","Ppia - Bsg","CypA","Non-protein Signaling","PMID: 36012604"
"T_4","B_3","Ppia","Bsg",0.0939327327388369,0,"PPIA_BSG","Ppia - Bsg","CypA","Non-protein Signaling","PMID: 36012604"
"M_5","B_3","Ppia","Bsg",0.0893137802985148,0,"PPIA_BSG","Ppia - Bsg","CypA","Non-protein Signaling","PMID: 36012604"
"M_3","B_3","Ppia","Bsg",0.0937900665869354,0,"PPIA_BSG","Ppia - Bsg","CypA","Non-protein Signaling","PMID: 36012604"
"M_0","B_3","Ppia","Bsg",0.0840980609227961,0,"PPIA_BSG","Ppia - Bsg","CypA","Non-protein Signaling","PMID: 36012604"
"B_1","M_5","Ppia","Bsg",0.0757770749223066,0,"PPIA_BSG","Ppia - Bsg","CypA","Non-protein Signaling","PMID: 36012604"
"T_4","M_5","Ppia","Bsg",0.0820290629956618,0,"PPIA_BSG","Ppia - Bsg","CypA","Non-protein Signaling","PMID: 36012604"
"M_5","M_5","Ppia","Bsg",0.0779450952700046,0,"PPIA_BSG","Ppia - Bsg","CypA","Non-protein Signaling","PMID: 36012604"
"M_3","M_5","Ppia","Bsg",0.0819028420105466,0,"PPIA_BSG","Ppia - Bsg","CypA","Non-protein Signaling","PMID: 36012604"
"M_0","M_5","Ppia","Bsg",0.0733398150379227,0,"PPIA_BSG","Ppia - Bsg","CypA","Non-protein Signaling","PMID: 36012604"
"T_4","M_3","Ppia","Bsg",0.0706854302807255,0,"PPIA_BSG","Ppia - Bsg","CypA","Non-protein Signaling","PMID: 36012604"
"M_5","M_3","Ppia","Bsg",0.0671249288712303,0.01,"PPIA_BSG","Ppia - Bsg","CypA","Non-protein Signaling","PMID: 36012604"
"M_3","M_3","Ppia","Bsg",0.0705753221785418,0,"PPIA_BSG","Ppia - Bsg","CypA","Non-protein Signaling","PMID: 36012604"
"B_1","M_0","Ppia","Bsg",0.0976936541368241,0,"PPIA_BSG","Ppia - Bsg","CypA","Non-protein Signaling","PMID: 36012604"
"T_4","M_0","Ppia","Bsg",0.105547367971144,0,"PPIA_BSG","Ppia - Bsg","CypA","Non-protein Signaling","PMID: 36012604"
"M_5","M_0","Ppia","Bsg",0.100420587945342,0,"PPIA_BSG","Ppia - Bsg","CypA","Non-protein Signaling","PMID: 36012604"
"M_3","M_0","Ppia","Bsg",0.105389113219614,0,"PPIA_BSG","Ppia - Bsg","CypA","Non-protein Signaling","PMID: 36012604"
"M_0","M_0","Ppia","Bsg",0.0946236497215738,0,"PPIA_BSG","Ppia - Bsg","CypA","Non-protein Signaling","PMID: 36012604"
"M_5","T_4","Testosterone-HSD17B12","Ar",0.00197488527015915,0,"Testosterone-Testosterone-HSD17B12_AR","Testosterone-HSD17B12 - Ar","Testosterone","Non-protein Signaling","HMRbase;uniprot"
"M_3","T_4","Testosterone-HSD17B12","Ar",0.00218082407331371,0,"Testosterone-Testosterone-HSD17B12_AR","Testosterone-HSD17B12 - Ar","Testosterone","Non-protein Signaling","HMRbase;uniprot"
"M_0","T_4","Testosterone-HSD17B12","Ar",0.00232915089970047,0,"Testosterone-Testosterone-HSD17B12_AR","Testosterone-HSD17B12 - Ar","Testosterone","Non-protein Signaling","HMRbase;uniprot"
"M_5","B_3","App","Cd74",0.0955279091513613,0,"APP_CD74","App  - Cd74","APP","Cell-Cell Contact","PMID: 19849849"
"M_3","B_3","App","Cd74",0.0758110418423723,0,"APP_CD74","App  - Cd74","APP","Cell-Cell Contact","PMID: 19849849"
"M_0","B_3","App","Cd74",0.136512359840503,0,"APP_CD74","App  - Cd74","APP","Cell-Cell Contact","PMID: 19849849"
"M_5","B_1","App","Cd74",0.150887861886416,0,"APP_CD74","App  - Cd74","APP","Cell-Cell Contact","PMID: 19849849"
"M_3","B_1","App","Cd74",0.121276850709972,0,"APP_CD74","App  - Cd74","APP","Cell-Cell Contact","PMID: 19849849"
"M_0","B_1","App","Cd74",0.210106138485124,0,"APP_CD74","App  - Cd74","APP","Cell-Cell Contact","PMID: 19849849"
"M_5","M_5","App","Cd74",0.161067346195627,0,"APP_CD74","App  - Cd74","APP","Cell-Cell Contact","PMID: 19849849"
"M_3","M_5","App","Cd74",0.129763951392625,0,"APP_CD74","App  - Cd74","APP","Cell-Cell Contact","PMID: 19849849"
"M_0","M_5","App","Cd74",0.223230413665955,0,"APP_CD74","App  - Cd74","APP","Cell-Cell Contact","PMID: 19849849"
"M_5","M_3","App","Cd74",0.167869859683087,0,"APP_CD74","App  - Cd74","APP","Cell-Cell Contact","PMID: 19849849"
"M_3","M_3","App","Cd74",0.135457865105519,0,"APP_CD74","App  - Cd74","APP","Cell-Cell Contact","PMID: 19849849"
"M_0","M_3","App","Cd74",0.231932500412495,0,"APP_CD74","App  - Cd74","APP","Cell-Cell Contact","PMID: 19849849"
"M_5","M_0","App","Cd74",0.17112907171183,0,"APP_CD74","App  - Cd74","APP","Cell-Cell Contact","PMID: 19849849"
"M_3","M_0","App","Cd74",0.13819229992926,0,"APP_CD74","App  - Cd74","APP","Cell-Cell Contact","PMID: 19849849"
"M_0","M_0","App","Cd74",0.236082623508863,0,"APP_CD74","App  - Cd74","APP","Cell-Cell Contact","PMID: 19849849"
"B_3","M_5","Bst2","Pira2",0.00789714616542364,0,"BST2_PIRA2","Bst2  - Pira2","BST2","Cell-Cell Contact","PMID: 19564354"
"M_5","M_5","Bst2","Pira2",0.0052119998826241,0,"BST2_PIRA2","Bst2  - Pira2","BST2","Cell-Cell Contact","PMID: 19564354"
"M_3","M_5","Bst2","Pira2",0.00619770578751792,0,"BST2_PIRA2","Bst2  - Pira2","BST2","Cell-Cell Contact","PMID: 19564354"
"M_0","M_5","Bst2","Pira2",0.00655144162660514,0,"BST2_PIRA2","Bst2  - Pira2","BST2","Cell-Cell Contact","PMID: 19564354"
"B_3","M_0","Bst2","Pira2",0.0305107251621048,0,"BST2_PIRA2","Bst2  - Pira2","BST2","Cell-Cell Contact","PMID: 19564354"
"M_5","M_0","Bst2","Pira2",0.0202939091106761,0,"BST2_PIRA2","Bst2  - Pira2","BST2","Cell-Cell Contact","PMID: 19564354"
"M_3","M_0","Bst2","Pira2",0.0240629468323602,0,"BST2_PIRA2","Bst2  - Pira2","BST2","Cell-Cell Contact","PMID: 19564354"
"M_0","M_0","Bst2","Pira2",0.0254102749184172,0,"BST2_PIRA2","Bst2  - Pira2","BST2","Cell-Cell Contact","PMID: 19564354"
"M_5","M_5","Cadm1","Cadm1",0.000561080474354432,0,"CADM1_CADM1","Cadm1  - Cadm1","CADM","Cell-Cell Contact","PMID: 24503895"
"M_0","M_5","Cadm1","Cadm1",0.000701570048539392,0,"CADM1_CADM1","Cadm1  - Cadm1","CADM","Cell-Cell Contact","PMID: 24503895"
"M_5","M_0","Cadm1","Cadm1",0.000701570048539392,0,"CADM1_CADM1","Cadm1  - Cadm1","CADM","Cell-Cell Contact","PMID: 24503895"
"M_0","M_0","Cadm1","Cadm1",0.000877206090902216,0,"CADM1_CADM1","Cadm1  - Cadm1","CADM","Cell-Cell Contact","PMID: 24503895"
"B_3","M_5","Entpd1","Adora2a",0.000529104914074032,0,"ENTPD1_ADORA2A","Entpd1  - Adora2a","CD39","Cell-Cell Contact","PMID: 21677139"
"M_5","M_5","Entpd1","Adora2a",0.00193965731166328,0,"ENTPD1_ADORA2A","Entpd1  - Adora2a","CD39","Cell-Cell Contact","PMID: 21677139"
"M_3","M_5","Entpd1","Adora2a",0.000658452532120634,0,"ENTPD1_ADORA2A","Entpd1  - Adora2a","CD39","Cell-Cell Contact","PMID: 21677139"
"M_0","M_5","Entpd1","Adora2a",0.0027302388645761,0,"ENTPD1_ADORA2A","Entpd1  - Adora2a","CD39","Cell-Cell Contact","PMID: 21677139"
"B_3","M_0","Entpd1","Adora2b",0.000893291277441375,0,"ENTPD1_ADORA2B","Entpd1  - Adora2b","CD39","Cell-Cell Contact","PMID: 21677139"
"M_5","M_0","Entpd1","Adora2b",0.00327155807798867,0,"ENTPD1_ADORA2B","Entpd1  - Adora2b","CD39","Cell-Cell Contact","PMID: 21677139"
"M_3","M_0","Entpd1","Adora2b",0.00111157068821268,0,"ENTPD1_ADORA2B","Entpd1  - Adora2b","CD39","Cell-Cell Contact","PMID: 21677139"
"M_0","M_0","Entpd1","Adora2b",0.00460250334618747,0,"ENTPD1_ADORA2B","Entpd1  - Adora2b","CD39","Cell-Cell Contact","PMID: 21677139"
"B_3","M_3","Cd52","Siglecg",0.0143967212847572,0,"CD52_SIGLECG","Cd52  - Siglecg","CD52","Cell-Cell Contact","PMID: 23685786"
"B_1","M_3","Cd52","Siglecg",0.0251775170962062,0,"CD52_SIGLECG","Cd52  - Siglecg","CD52","Cell-Cell Contact","PMID: 23685786"
"T_4","M_3","Cd52","Siglecg",0.0236179262089852,0,"CD52_SIGLECG","Cd52  - Siglecg","CD52","Cell-Cell Contact","PMID: 23685786"
"M_5","M_3","Cd52","Siglecg",0.0247947348949925,0,"CD52_SIGLECG","Cd52  - Siglecg","CD52","Cell-Cell Contact","PMID: 23685786"
"M_3","M_3","Cd52","Siglecg",0.0250006630001494,0,"CD52_SIGLECG","Cd52  - Siglecg","CD52","Cell-Cell Contact","PMID: 23685786"
"M_0","M_3","Cd52","Siglecg",0.0258814693609781,0,"CD52_SIGLECG","Cd52  - Siglecg","CD52","Cell-Cell Contact","PMID: 23685786"
"M_5","B_3","Cd6","Alcam",0.000988395896277395,0,"CD6_ALCAM","Cd6  - Alcam","CD6","Cell-Cell Contact","PMID: 23602662"
"M_5","M_5","Cd6","Alcam",0.000726143353628596,0,"CD6_ALCAM","Cd6  - Alcam","CD6","Cell-Cell Contact","PMID: 23602662"
"M_5","M_3","Cd6","Alcam",0.00466127643322395,0,"CD6_ALCAM","Cd6  - Alcam","CD6","Cell-Cell Contact","PMID: 23602662"
"B_1","B_3","Cd80","Cd274",0.00658302515525845,0,"CD80_CD274","Cd80  - Cd274","CD80","Cell-Cell Contact","PMID: 17629517; PMID: 18585785"
"M_3","B_3","Cd80","Cd274",0.0159982980955604,0,"CD80_CD274","Cd80  - Cd274","CD80","Cell-Cell Contact","PMID: 17629517; PMID: 18585785"
"M_3","B_1","Cd80","Cd274",0.00474250657136333,0.01,"CD80_CD274","Cd80  - Cd274","CD80","Cell-Cell Contact","PMID: 17629517; PMID: 18585785"
"B_1","M_5","Cd80","Cd274",0.0125815634464395,0,"CD80_CD274","Cd80  - Cd274","CD80","Cell-Cell Contact","PMID: 17629517; PMID: 18585785"
"M_5","M_5","Cd80","Cd274",0.0058178663399898,0,"CD80_CD274","Cd80  - Cd274","CD80","Cell-Cell Contact","PMID: 17629517; PMID: 18585785"
"M_3","M_5","Cd80","Cd274",0.0303143557850603,0,"CD80_CD274","Cd80  - Cd274","CD80","Cell-Cell Contact","PMID: 17629517; PMID: 18585785"
"M_0","M_5","Cd80","Cd274",0.00662209310311382,0,"CD80_CD274","Cd80  - Cd274","CD80","Cell-Cell Contact","PMID: 17629517; PMID: 18585785"
"B_1","M_3","Cd80","Cd274",0.0129374122818434,0,"CD80_CD274","Cd80  - Cd274","CD80","Cell-Cell Contact","PMID: 17629517; PMID: 18585785"
"M_5","M_3","Cd80","Cd274",0.00598357436682484,0,"CD80_CD274","Cd80  - Cd274","CD80","Cell-Cell Contact","PMID: 17629517; PMID: 18585785"
"M_3","M_3","Cd80","Cd274",0.0311559223595813,0,"CD80_CD274","Cd80  - Cd274","CD80","Cell-Cell Contact","PMID: 17629517; PMID: 18585785"
"M_0","M_3","Cd80","Cd274",0.00681055068975207,0,"CD80_CD274","Cd80  - Cd274","CD80","Cell-Cell Contact","PMID: 17629517; PMID: 18585785"
"B_1","M_0","Cd80","Cd274",0.0155279201768687,0,"CD80_CD274","Cd80  - Cd274","CD80","Cell-Cell Contact","PMID: 17629517; PMID: 18585785"
"M_5","M_0","Cd80","Cd274",0.00719183362626989,0,"CD80_CD274","Cd80  - Cd274","CD80","Cell-Cell Contact","PMID: 17629517; PMID: 18585785"
"M_3","M_0","Cd80","Cd274",0.0372567002763684,0,"CD80_CD274","Cd80  - Cd274","CD80","Cell-Cell Contact","PMID: 17629517; PMID: 18585785"
"M_0","M_0","Cd80","Cd274",0.00818442578652194,0,"CD80_CD274","Cd80  - Cd274","CD80","Cell-Cell Contact","PMID: 17629517; PMID: 18585785"
"B_1","B_3","Cd80","Cd28",0.00443045308447059,0,"CD80_CD28","Cd80  - Cd28","CD80","Cell-Cell Contact","PMID: 23954143"
"M_5","B_3","Cd80","Cd28",0.00203964334675786,0,"CD80_CD28","Cd80  - Cd28","CD80","Cell-Cell Contact","PMID: 23954143"
"M_3","B_3","Cd80","Cd28",0.0108005138362565,0,"CD80_CD28","Cd80  - Cd28","CD80","Cell-Cell Contact","PMID: 23954143"
"M_0","B_3","Cd80","Cd28",0.00232281159912282,0,"CD80_CD28","Cd80  - Cd28","CD80","Cell-Cell Contact","PMID: 23954143"
"B_1","M_5","Cd80","Cd28",0.00474442895463605,0,"CD80_CD28","Cd80  - Cd28","CD80","Cell-Cell Contact","PMID: 23954143"
"M_5","M_5","Cd80","Cd28",0.00218455989010966,0,"CD80_CD28","Cd80  - Cd28","CD80","Cell-Cell Contact","PMID: 23954143"
"M_3","M_5","Cd80","Cd28",0.0115606789676898,0,"CD80_CD28","Cd80  - Cd28","CD80","Cell-Cell Contact","PMID: 23954143"
"M_0","M_5","Cd80","Cd28",0.00248779707613415,0,"CD80_CD28","Cd80  - Cd28","CD80","Cell-Cell Contact","PMID: 23954143"
"B_1","B_3","Cd80","Ctla4",0.00124238489675872,0,"CD80_CTLA4","Cd80  - Ctla4","CD80","Cell-Cell Contact","PMID: 23954143"
"M_5","B_3","Cd80","Ctla4",0.0005709688630277,0,"CD80_CTLA4","Cd80  - Ctla4","CD80","Cell-Cell Contact","PMID: 23954143"
"M_3","B_3","Cd80","Ctla4",0.00304268239809835,0,"CD80_CTLA4","Cd80  - Ctla4","CD80","Cell-Cell Contact","PMID: 23954143"
"M_0","B_3","Cd80","Ctla4",0.000650370629807427,0,"CD80_CTLA4","Cd80  - Ctla4","CD80","Cell-Cell Contact","PMID: 23954143"
"B_1","T_4","Cd80","Ctla4",0.0043249147575216,0,"CD80_CTLA4","Cd80  - Ctla4","CD80","Cell-Cell Contact","PMID: 23954143"
"M_5","T_4","Cd80","Ctla4",0.00199094287828085,0,"CD80_CTLA4","Cd80  - Ctla4","CD80","Cell-Cell Contact","PMID: 23954143"
"M_3","T_4","Cd80","Ctla4",0.0105448407827678,0,"CD80_CTLA4","Cd80  - Ctla4","CD80","Cell-Cell Contact","PMID: 23954143"
"M_0","T_4","Cd80","Ctla4",0.00226736529700312,0,"CD80_CTLA4","Cd80  - Ctla4","CD80","Cell-Cell Contact","PMID: 23954143"
"B_1","M_5","Cd80","Ctla4",0.00209938419948542,0,"CD80_CTLA4","Cd80  - Ctla4","CD80","Cell-Cell Contact","PMID: 23954143"
"M_5","M_5","Cd80","Ctla4",0.000965271812172079,0,"CD80_CTLA4","Cd80  - Ctla4","CD80","Cell-Cell Contact","PMID: 23954143"
"M_3","M_5","Cd80","Ctla4",0.00513514510216837,0,"CD80_CTLA4","Cd80  - Ctla4","CD80","Cell-Cell Contact","PMID: 23954143"
"M_0","M_5","Cd80","Ctla4",0.00109944698481801,0,"CD80_CTLA4","Cd80  - Ctla4","CD80","Cell-Cell Contact","PMID: 23954143"
"B_1","B_3","Cd86","Cd28",0.0289175627149534,0,"CD86_CD28","Cd86  - Cd28","CD86","Cell-Cell Contact","PMID: 23954143"
"M_5","B_3","Cd86","Cd28",0.0164498969649732,0,"CD86_CD28","Cd86  - Cd28","CD86","Cell-Cell Contact","PMID: 23954143"
"M_3","B_3","Cd86","Cd28",0.0262869383432091,0,"CD86_CD28","Cd86  - Cd28","CD86","Cell-Cell Contact","PMID: 23954143"
"M_0","B_3","Cd86","Cd28",0.0199643362587007,0,"CD86_CD28","Cd86  - Cd28","CD86","Cell-Cell Contact","PMID: 23954143"
"B_1","M_5","Cd86","Cd28",0.0309129994700957,0,"CD86_CD28","Cd86  - Cd28","CD86","Cell-Cell Contact","PMID: 23954143"
"M_5","M_5","Cd86","Cd28",0.0176006040371824,0,"CD86_CD28","Cd86  - Cd28","CD86","Cell-Cell Contact","PMID: 23954143"
"M_3","M_5","Cd86","Cd28",0.0281061045263469,0,"CD86_CD28","Cd86  - Cd28","CD86","Cell-Cell Contact","PMID: 23954143"
"M_0","M_5","Cd86","Cd28",0.0213555482994348,0,"CD86_CD28","Cd86  - Cd28","CD86","Cell-Cell Contact","PMID: 23954143"
"B_1","B_3","Cd86","Ctla4",0.0082551517448555,0,"CD86_CTLA4","Cd86  - Ctla4","CD86","Cell-Cell Contact","PMID: 23954143"
"M_5","B_3","Cd86","Ctla4",0.00465329513029749,0,"CD86_CTLA4","Cd86  - Ctla4","CD86","Cell-Cell Contact","PMID: 23954143"
"M_3","B_3","Cd86","Ctla4",0.00748968514212516,0,"CD86_CTLA4","Cd86  - Ctla4","CD86","Cell-Cell Contact","PMID: 23954143"
"M_0","B_3","Cd86","Ctla4",0.00566195707896871,0,"CD86_CTLA4","Cd86  - Ctla4","CD86","Cell-Cell Contact","PMID: 23954143"
"B_1","T_4","Cd86","Ctla4",0.0282452632344702,0,"CD86_CTLA4","Cd86  - Ctla4","CD86","Cell-Cell Contact","PMID: 23954143"
"M_5","T_4","Cd86","Ctla4",0.0160626615700117,0,"CD86_CTLA4","Cd86  - Ctla4","CD86","Cell-Cell Contact","PMID: 23954143"
"M_3","T_4","Cd86","Ctla4",0.0256741808355256,0,"CD86_CTLA4","Cd86  - Ctla4","CD86","Cell-Cell Contact","PMID: 23954143"
"M_0","T_4","Cd86","Ctla4",0.019496009832123,0,"CD86_CTLA4","Cd86  - Ctla4","CD86","Cell-Cell Contact","PMID: 23954143"
"B_1","M_5","Cd86","Ctla4",0.0138823318513317,0,"CD86_CTLA4","Cd86  - Ctla4","CD86","Cell-Cell Contact","PMID: 23954143"
"M_5","M_5","Cd86","Ctla4",0.00784466605745466,0,"CD86_CTLA4","Cd86  - Ctla4","CD86","Cell-Cell Contact","PMID: 23954143"
"M_3","M_5","Cd86","Ctla4",0.0126017098757425,0,"CD86_CTLA4","Cd86  - Ctla4","CD86","Cell-Cell Contact","PMID: 23954143"
"M_0","M_5","Cd86","Ctla4",0.00953846967728636,0,"CD86_CTLA4","Cd86  - Ctla4","CD86","Cell-Cell Contact","PMID: 23954143"
"T_4","M_5","Cd96","Pvr",0.000619371114142457,0,"CD96_PVR","Cd96  - Pvr","CD96","Cell-Cell Contact","PMID: 15034010"
"T_4","M_3","Cd96","Pvr",0.000801664129213195,0,"CD96_PVR","Cd96  - Pvr","CD96","Cell-Cell Contact","PMID: 15034010"
"T_4","M_0","Cd96","Pvr",0.00096520638557512,0,"CD96_PVR","Cd96  - Pvr","CD96","Cell-Cell Contact","PMID: 15034010"
"M_5","M_5","Icam1","ITGAX_ITGB2",0.00765951800003773,0,"ICAM1_ITGAX_ITGB2","Icam1  - (Itgax+Itgb2)","ICAM","Cell-Cell Contact","PMID: 16252253"
"M_3","M_5","Icam1","ITGAX_ITGB2",0.00260972587056259,0,"ICAM1_ITGAX_ITGB2","Icam1  - (Itgax+Itgb2)","ICAM","Cell-Cell Contact","PMID: 16252253"
"M_0","M_5","Icam1","ITGAX_ITGB2",0.00827872956873842,0,"ICAM1_ITGAX_ITGB2","Icam1  - (Itgax+Itgb2)","ICAM","Cell-Cell Contact","PMID: 16252253"
"M_5","M_3","Icam1","ITGAX_ITGB2",0.00947442668704723,0,"ICAM1_ITGAX_ITGB2","Icam1  - (Itgax+Itgb2)","ICAM","Cell-Cell Contact","PMID: 16252253"
"M_3","M_3","Icam1","ITGAX_ITGB2",0.00323199266509156,0,"ICAM1_ITGAX_ITGB2","Icam1  - (Itgax+Itgb2)","ICAM","Cell-Cell Contact","PMID: 16252253"
"M_0","M_3","Icam1","ITGAX_ITGB2",0.0102388454474069,0,"ICAM1_ITGAX_ITGB2","Icam1  - (Itgax+Itgb2)","ICAM","Cell-Cell Contact","PMID: 16252253"
"M_5","M_0","Icam1","ITGAX_ITGB2",0.00778620094487937,0,"ICAM1_ITGAX_ITGB2","Icam1  - (Itgax+Itgb2)","ICAM","Cell-Cell Contact","PMID: 16252253"
"M_3","M_0","Icam1","ITGAX_ITGB2",0.00265311216649696,0,"ICAM1_ITGAX_ITGB2","Icam1  - (Itgax+Itgb2)","ICAM","Cell-Cell Contact","PMID: 16252253"
"M_0","M_0","Icam1","ITGAX_ITGB2",0.00841556697795497,0,"ICAM1_ITGAX_ITGB2","Icam1  - (Itgax+Itgb2)","ICAM","Cell-Cell Contact","PMID: 16252253"
"M_0","B_3","Icam1","ITGAL_ITGB2",0.00183655248663883,0,"ICAM1_ITGAL_ITGB2","Icam1  - (Itgal+Itgb2)","ICAM","Cell-Cell Contact","KEGG: mmu04514"
"M_5","T_4","Icam1","ITGAL_ITGB2",0.00645771279354107,0,"ICAM1_ITGAL_ITGB2","Icam1  - (Itgal+Itgb2)","ICAM","Cell-Cell Contact","KEGG: mmu04514"
"M_3","T_4","Icam1","ITGAL_ITGB2",0.00219849535990757,0,"ICAM1_ITGAL_ITGB2","Icam1  - (Itgal+Itgb2)","ICAM","Cell-Cell Contact","KEGG: mmu04514"
"M_0","T_4","Icam1","ITGAL_ITGB2",0.00698045132865399,0,"ICAM1_ITGAL_ITGB2","Icam1  - (Itgal+Itgb2)","ICAM","Cell-Cell Contact","KEGG: mmu04514"
"M_5","M_5","Icam1","ITGAL_ITGB2",0.0137942995671184,0,"ICAM1_ITGAL_ITGB2","Icam1  - (Itgal+Itgb2)","ICAM","Cell-Cell Contact","KEGG: mmu04514"
"M_3","M_5","Icam1","ITGAL_ITGB2",0.00471918287954792,0,"ICAM1_ITGAL_ITGB2","Icam1  - (Itgal+Itgb2)","ICAM","Cell-Cell Contact","KEGG: mmu04514"
"M_0","M_5","Icam1","ITGAL_ITGB2",0.0149020121210321,0,"ICAM1_ITGAL_ITGB2","Icam1  - (Itgal+Itgb2)","ICAM","Cell-Cell Contact","KEGG: mmu04514"
"M_5","M_0","Icam1","ITGAL_ITGB2",0.0151580309571072,0,"ICAM1_ITGAL_ITGB2","Icam1  - (Itgal+Itgb2)","ICAM","Cell-Cell Contact","KEGG: mmu04514"
"M_3","M_0","Icam1","ITGAL_ITGB2",0.00519045243897347,0,"ICAM1_ITGAL_ITGB2","Icam1  - (Itgal+Itgb2)","ICAM","Cell-Cell Contact","KEGG: mmu04514"
"M_0","M_0","Icam1","ITGAL_ITGB2",0.0163734359917573,0,"ICAM1_ITGAL_ITGB2","Icam1  - (Itgal+Itgb2)","ICAM","Cell-Cell Contact","KEGG: mmu04514"
"M_5","M_5","Icam1","ITGAM_ITGB2",0.00751377176689215,0,"ICAM1_ITGAM_ITGB2","Icam1  - (Itgam+Itgb2)","ICAM","Cell-Cell Contact","KEGG: mmu04514"
"M_3","M_5","Icam1","ITGAM_ITGB2",0.0025598198250117,0,"ICAM1_ITGAM_ITGB2","Icam1  - (Itgam+Itgb2)","ICAM","Cell-Cell Contact","KEGG: mmu04514"
"M_0","M_5","Icam1","ITGAM_ITGB2",0.00812129733033718,0,"ICAM1_ITGAM_ITGB2","Icam1  - (Itgam+Itgb2)","ICAM","Cell-Cell Contact","KEGG: mmu04514"
"M_5","M_0","Icam1","ITGAM_ITGB2",0.015774095657797,0,"ICAM1_ITGAM_ITGB2","Icam1  - (Itgam+Itgb2)","ICAM","Cell-Cell Contact","KEGG: mmu04514"
"M_3","M_0","Icam1","ITGAM_ITGB2",0.00540362967655866,0,"ICAM1_ITGAM_ITGB2","Icam1  - (Itgam+Itgb2)","ICAM","Cell-Cell Contact","KEGG: mmu04514"
"M_0","M_0","Icam1","ITGAM_ITGB2",0.0170380435567012,0,"ICAM1_ITGAM_ITGB2","Icam1  - (Itgam+Itgb2)","ICAM","Cell-Cell Contact","KEGG: mmu04514"
"M_5","B_3","Icam1","Itgal",0.00185031145318381,0,"ICAM1_ITGAL","Icam1  - Itgal","ICAM","Cell-Cell Contact","PMID: 23602662"
"M_0","B_3","Icam1","Itgal",0.00200084143343485,0,"ICAM1_ITGAL","Icam1  - Itgal","ICAM","Cell-Cell Contact","PMID: 23602662"
"M_5","T_4","Icam1","Itgal",0.0152741986838075,0,"ICAM1_ITGAL","Icam1  - Itgal","ICAM","Cell-Cell Contact","PMID: 23602662"
"M_3","T_4","Icam1","Itgal",0.00523063660885455,0,"ICAM1_ITGAL","Icam1  - Itgal","ICAM","Cell-Cell Contact","PMID: 23602662"
"M_0","T_4","Icam1","Itgal",0.0164987622636852,0,"ICAM1_ITGAL","Icam1  - Itgal","ICAM","Cell-Cell Contact","PMID: 23602662"
"M_5","M_5","Icam1","Itgal",0.0117688708680404,0,"ICAM1_ITGAL","Icam1  - Itgal","ICAM","Cell-Cell Contact","PMID: 23602662"
"M_3","M_5","Icam1","Itgal",0.00402082853373694,0,"ICAM1_ITGAL","Icam1  - Itgal","ICAM","Cell-Cell Contact","PMID: 23602662"
"M_0","M_5","Icam1","Itgal",0.0127160341941359,0,"ICAM1_ITGAL","Icam1  - Itgal","ICAM","Cell-Cell Contact","PMID: 23602662"
"M_5","M_0","Icam1","Itgal",0.0105257537168027,0,"ICAM1_ITGAL","Icam1  - Itgal","ICAM","Cell-Cell Contact","PMID: 23602662"
"M_3","M_0","Icam1","Itgal",0.00359314254102196,0,"ICAM1_ITGAL","Icam1  - Itgal","ICAM","Cell-Cell Contact","PMID: 23602662"
"M_0","M_0","Icam1","Itgal",0.0113740219721873,0,"ICAM1_ITGAL","Icam1  - Itgal","ICAM","Cell-Cell Contact","PMID: 23602662"
"M_5","B_3","Icam1","Spn",0.00139522808919077,0,"ICAM1_SPN","Icam1  - Spn","ICAM","Cell-Cell Contact","PMID: 1683685"
"M_3","B_3","Icam1","Spn",0.00047340730641642,0,"ICAM1_SPN","Icam1  - Spn","ICAM","Cell-Cell Contact","PMID: 1683685"
"M_0","B_3","Icam1","Spn",0.00150879124404016,0,"ICAM1_SPN","Icam1  - Spn","ICAM","Cell-Cell Contact","PMID: 1683685"
"M_5","T_4","Icam1","Spn",0.0154089175629141,0,"ICAM1_SPN","Icam1  - Spn","ICAM","Cell-Cell Contact","PMID: 1683685"
"M_3","T_4","Icam1","Spn",0.00527724571012623,0,"ICAM1_SPN","Icam1  - Spn","ICAM","Cell-Cell Contact","PMID: 1683685"
"M_0","T_4","Icam1","Spn",0.0166440992732825,0,"ICAM1_SPN","Icam1  - Spn","ICAM","Cell-Cell Contact","PMID: 1683685"
"M_5","M_5","Icam1","Spn",0.00584587275678694,0,"ICAM1_SPN","Icam1  - Spn","ICAM","Cell-Cell Contact","PMID: 1683685"
"M_3","M_5","Icam1","Spn",0.00198938952164495,0,"ICAM1_SPN","Icam1  - Spn","ICAM","Cell-Cell Contact","PMID: 1683685"
"M_0","M_5","Icam1","Spn",0.00631939911887445,0,"ICAM1_SPN","Icam1  - Spn","ICAM","Cell-Cell Contact","PMID: 1683685"
"M_5","M_5","Lair1","Pira2",0.00123133218808919,0,"LAIR1_PIRA2","Lair1  - Pira2","LAIR1","Cell-Cell Contact","PMID: 19283782"
"M_0","M_5","Lair1","Pira2",0.00381482847617818,0,"LAIR1_PIRA2","Lair1  - Pira2","LAIR1","Cell-Cell Contact","PMID: 19283782"
"M_5","M_0","Lair1","Pira2",0.00485059098902418,0,"LAIR1_PIRA2","Lair1  - Pira2","LAIR1","Cell-Cell Contact","PMID: 19283782"
"M_0","M_0","Lair1","Pira2",0.014914371937047,0,"LAIR1_PIRA2","Lair1  - Pira2","LAIR1","Cell-Cell Contact","PMID: 19283782"
"B_3","M_5","H2-Aa","Cd4",0.00201900821845383,0,"H2-AA_CD4","H2-aa  - Cd4","MHC-II","Cell-Cell Contact","KEGG: mmu04514"
"B_1","M_5","H2-Aa","Cd4",0.0213048521403236,0,"H2-AA_CD4","H2-aa  - Cd4","MHC-II","Cell-Cell Contact","KEGG: mmu04514"
"T_4","M_5","H2-Aa","Cd4",0.00139660422460859,0,"H2-AA_CD4","H2-aa  - Cd4","MHC-II","Cell-Cell Contact","KEGG: mmu04514"
"M_5","M_5","H2-Aa","Cd4",0.0236126935422315,0,"H2-AA_CD4","H2-aa  - Cd4","MHC-II","Cell-Cell Contact","KEGG: mmu04514"
"M_3","M_5","H2-Aa","Cd4",0.0248950967404592,0,"H2-AA_CD4","H2-aa  - Cd4","MHC-II","Cell-Cell Contact","KEGG: mmu04514"
"M_0","M_5","H2-Aa","Cd4",0.0257641277540007,0,"H2-AA_CD4","H2-aa  - Cd4","MHC-II","Cell-Cell Contact","KEGG: mmu04514"
"B_3","M_5","H2-Ab1","Cd4",0.0054778932685945,0,"H2-AB1_CD4","H2-ab1  - Cd4","MHC-II","Cell-Cell Contact","KEGG: mmu04514"
"B_1","M_5","H2-Ab1","Cd4",0.0210183021309451,0,"H2-AB1_CD4","H2-ab1  - Cd4","MHC-II","Cell-Cell Contact","KEGG: mmu04514"
"T_4","M_5","H2-Ab1","Cd4",0.00175678875920755,0,"H2-AB1_CD4","H2-ab1  - Cd4","MHC-II","Cell-Cell Contact","KEGG: mmu04514"
"M_5","M_5","H2-Ab1","Cd4",0.0240483309955025,0,"H2-AB1_CD4","H2-ab1  - Cd4","MHC-II","Cell-Cell Contact","KEGG: mmu04514"
"M_3","M_5","H2-Ab1","Cd4",0.0257787148636162,0,"H2-AB1_CD4","H2-ab1  - Cd4","MHC-II","Cell-Cell Contact","KEGG: mmu04514"
"M_0","M_5","H2-Ab1","Cd4",0.026260801500721,0,"H2-AB1_CD4","H2-ab1  - Cd4","MHC-II","Cell-Cell Contact","KEGG: mmu04514"
"B_3","M_5","H2-Eb1","Cd4",0.00334565519652161,0,"H2-EB1_CD4","H2-eb1  - Cd4","MHC-II","Cell-Cell Contact","KEGG: mmu04514"
"B_1","M_5","H2-Eb1","Cd4",0.0202165968309446,0,"H2-EB1_CD4","H2-eb1  - Cd4","MHC-II","Cell-Cell Contact","KEGG: mmu04514"
"T_4","M_5","H2-Eb1","Cd4",0.00158595237135459,0,"H2-EB1_CD4","H2-eb1  - Cd4","MHC-II","Cell-Cell Contact","KEGG: mmu04514"
"M_5","M_5","H2-Eb1","Cd4",0.023376881956015,0,"H2-EB1_CD4","H2-eb1  - Cd4","MHC-II","Cell-Cell Contact","KEGG: mmu04514"
"M_3","M_5","H2-Eb1","Cd4",0.0250138981000499,0,"H2-EB1_CD4","H2-eb1  - Cd4","MHC-II","Cell-Cell Contact","KEGG: mmu04514"
"M_0","M_5","H2-Eb1","Cd4",0.0254735010891869,0,"H2-EB1_CD4","H2-eb1  - Cd4","MHC-II","Cell-Cell Contact","KEGG: mmu04514"
"B_1","M_5","H2-DMa","Cd4",0.00621762414684151,0,"H2-DMA_CD4","H2-dma  - Cd4","MHC-II","Cell-Cell Contact","KEGG: mmu04514"
"M_5","M_5","H2-DMa","Cd4",0.00981029380817705,0,"H2-DMA_CD4","H2-dma  - Cd4","MHC-II","Cell-Cell Contact","KEGG: mmu04514"
"M_3","M_5","H2-DMa","Cd4",0.00973609930931568,0,"H2-DMA_CD4","H2-dma  - Cd4","MHC-II","Cell-Cell Contact","KEGG: mmu04514"
"M_0","M_5","H2-DMa","Cd4",0.0127766864040048,0,"H2-DMA_CD4","H2-dma  - Cd4","MHC-II","Cell-Cell Contact","KEGG: mmu04514"
"M_5","M_5","H2-DMb1","Cd4",0.0084358300322283,0,"H2-DMB1_CD4","H2-dmb1  - Cd4","MHC-II","Cell-Cell Contact","KEGG: mmu04514"
"M_3","M_5","H2-DMb1","Cd4",0.00657492583892522,0,"H2-DMB1_CD4","H2-dmb1  - Cd4","MHC-II","Cell-Cell Contact","KEGG: mmu04514"
"M_0","M_5","H2-DMb1","Cd4",0.0120535636243616,0,"H2-DMB1_CD4","H2-dmb1  - Cd4","MHC-II","Cell-Cell Contact","KEGG: mmu04514"
"B_1","M_5","H2-DMb2","Cd4",0.00632234788917081,0,"H2-DMB2_CD4","H2-dmb2  - Cd4","MHC-II","Cell-Cell Contact","KEGG: mmu04514"
"M_5","M_5","H2-DMb2","Cd4",0.00102747711505903,0,"H2-DMB2_CD4","H2-dmb2  - Cd4","MHC-II","Cell-Cell Contact","KEGG: mmu04514"
"M_3","M_5","H2-DMb2","Cd4",0.00755366480351405,0,"H2-DMB2_CD4","H2-dmb2  - Cd4","MHC-II","Cell-Cell Contact","KEGG: mmu04514"
"B_1","M_5","H2-Oa","Cd4",0.00194534666665789,0,"H2-OA_CD4","H2-oa  - Cd4","MHC-II","Cell-Cell Contact","KEGG: mmu04514"
"M_5","M_5","H2-Oa","Cd4",0.000891252812215622,0,"H2-OA_CD4","H2-oa  - Cd4","MHC-II","Cell-Cell Contact","KEGG: mmu04514"
"M_3","M_5","H2-Oa","Cd4",0.00651004073621483,0,"H2-OA_CD4","H2-oa  - Cd4","MHC-II","Cell-Cell Contact","KEGG: mmu04514"
"M_0","M_5","H2-Oa","Cd4",0.000695642973428193,0,"H2-OA_CD4","H2-oa  - Cd4","MHC-II","Cell-Cell Contact","KEGG: mmu04514"
"B_1","M_5","H2-Ob","Cd4",0.00653447425298241,0,"H2-OB_CD4","H2-ob  - Cd4","MHC-II","Cell-Cell Contact","KEGG: mmu04514"
"M_3","M_5","H2-Ob","Cd4",0.0035285095395524,0,"H2-OB_CD4","H2-ob  - Cd4","MHC-II","Cell-Cell Contact","KEGG: mmu04514"
"M_3","T_4","Nectin1","Cd96",0.000832181636057649,0,"NECTIN1_CD96","Nectin1  - Cd96","NECTIN","Cell-Cell Contact","PMID: 23027581"
"B_3","T_4","Cd274","Pdcd1",0.0325733554845085,0,"CD274_PDCD1","Cd274  - Pdcd1","PD-L1","Cell-Cell Contact","PMID: 23954143"
"B_1","T_4","Cd274","Pdcd1",0.00977179387405017,0,"CD274_PDCD1","Cd274  - Pdcd1","PD-L1","Cell-Cell Contact","PMID: 23954143"
"M_5","T_4","Cd274","Pdcd1",0.0608050494056416,0,"CD274_PDCD1","Cd274  - Pdcd1","PD-L1","Cell-Cell Contact","PMID: 23954143"
"M_3","T_4","Cd274","Pdcd1",0.0624385737916242,0,"CD274_PDCD1","Cd274  - Pdcd1","PD-L1","Cell-Cell Contact","PMID: 23954143"
"M_0","T_4","Cd274","Pdcd1",0.0741958359612166,0,"CD274_PDCD1","Cd274  - Pdcd1","PD-L1","Cell-Cell Contact","PMID: 23954143"
"M_3","T_4","Pdcd1lg2","Pdcd1",0.00798970886532607,0,"PDCD1LG2_PDCD1","Pdcd1lg2  - Pdcd1","PDL2","Cell-Cell Contact","PMID: 23954143"
"M_5","T_4","Pvr","Cd226",0.00134720162599976,0,"PVR_CD226","Pvr  - Cd226","PVR","Cell-Cell Contact","KEGG: mmu04514"
"M_3","T_4","Pvr","Cd226",0.00174333569543771,0,"PVR_CD226","Pvr  - Cd226","PVR","Cell-Cell Contact","KEGG: mmu04514"
"M_0","T_4","Pvr","Cd226",0.00209857874042165,0,"PVR_CD226","Pvr  - Cd226","PVR","Cell-Cell Contact","KEGG: mmu04514"
"M_5","M_5","Pvr","Cd226",0.000402105995289721,0,"PVR_CD226","Pvr  - Cd226","PVR","Cell-Cell Contact","KEGG: mmu04514"
"M_3","M_5","Pvr","Cd226",0.000520486946099418,0,"PVR_CD226","Pvr  - Cd226","PVR","Cell-Cell Contact","KEGG: mmu04514"
"M_0","M_5","Pvr","Cd226",0.000626704061434823,0,"PVR_CD226","Pvr  - Cd226","PVR","Cell-Cell Contact","KEGG: mmu04514"
"M_5","M_0","Sema4a","Plxnb2",0.00192375163490274,0,"SEMA4A_PLXNB2","Sema4a  - Plxnb2","SEMA4","Cell-Cell Contact","PMID: 27533782"
"M_0","M_0","Sema4a","Plxnb2",0.0029861868316659,0,"SEMA4A_PLXNB2","Sema4a  - Plxnb2","SEMA4","Cell-Cell Contact","PMID: 27533782"
"T_4","M_0","Sema4d","Plxnb2",0.00133731391587441,0,"SEMA4D_PLXNB2","Sema4d  - Plxnb2","SEMA4","Cell-Cell Contact","PMID: 27533782"
"M_5","M_0","Sema4d","Plxnb2",0.00277850316458895,0,"SEMA4D_PLXNB2","Sema4d  - Plxnb2","SEMA4","Cell-Cell Contact","PMID: 27533782"
"M_3","M_0","Sema4d","Plxnb2",0.00228375496301154,0,"SEMA4D_PLXNB2","Sema4d  - Plxnb2","SEMA4","Cell-Cell Contact","PMID: 27533782"
"M_0","M_0","Sema4d","Plxnb2",0.00326224764128395,0,"SEMA4D_PLXNB2","Sema4d  - Plxnb2","SEMA4","Cell-Cell Contact","PMID: 27533782"
"T_4","B_1","Sema4d","Cd72",0.00344605905504152,0,"SEMA4D_CD72","Sema4d  - Cd72","SEMA4","Cell-Cell Contact","PMID: 22325954"
"M_5","B_1","Sema4d","Cd72",0.00714353368005348,0,"SEMA4D_CD72","Sema4d  - Cd72","SEMA4","Cell-Cell Contact","PMID: 22325954"
"M_3","B_1","Sema4d","Cd72",0.00587611562484733,0,"SEMA4D_CD72","Sema4d  - Cd72","SEMA4","Cell-Cell Contact","PMID: 22325954"
"M_0","B_1","Sema4d","Cd72",0.00838085420100106,0,"SEMA4D_CD72","Sema4d  - Cd72","SEMA4","Cell-Cell Contact","PMID: 22325954"
"M_5","M_3","Sema4d","Cd72",0.00222707782343344,0,"SEMA4D_CD72","Sema4d  - Cd72","SEMA4","Cell-Cell Contact","PMID: 22325954"
"M_3","M_3","Sema4d","Cd72",0.00183033777290148,0,"SEMA4D_CD72","Sema4d  - Cd72","SEMA4","Cell-Cell Contact","PMID: 22325954"
"M_0","M_3","Sema4d","Cd72",0.00261506950207025,0,"SEMA4D_CD72","Sema4d  - Cd72","SEMA4","Cell-Cell Contact","PMID: 22325954"
"M_3","M_5","Sema7a","Plxnc1",0.00141019711165683,0,"SEMA7A_PLXNC1","Sema7a  - Plxnc1","SEMA7","Cell-Cell Contact","PMID: 27533782"
"M_3","M_3","Sema7a","Plxnc1",0.00347084343708113,0,"SEMA7A_PLXNC1","Sema7a  - Plxnc1","SEMA7","Cell-Cell Contact","PMID: 27533782"
"T_4","M_5","Thy1","ITGAM_ITGB2",0.0208011727360166,0,"THY1_ITGAM_ITGB2","Thy1  - (Itgam+Itgb2)","THY1","Cell-Cell Contact","PMID: 15850796"
"M_5","M_5","Thy1","ITGAM_ITGB2",0.00877073756614949,0,"THY1_ITGAM_ITGB2","Thy1  - (Itgam+Itgb2)","THY1","Cell-Cell Contact","PMID: 15850796"
"T_4","M_0","Thy1","ITGAM_ITGB2",0.0430356971456161,0,"THY1_ITGAM_ITGB2","Thy1  - (Itgam+Itgb2)","THY1","Cell-Cell Contact","PMID: 15850796"
"M_5","M_0","Thy1","ITGAM_ITGB2",0.0183873156938572,0,"THY1_ITGAM_ITGB2","Thy1  - (Itgam+Itgb2)","THY1","Cell-Cell Contact","PMID: 15850796"
"T_4","M_5","Thy1","ITGAX_ITGB2",0.0211991523154504,0,"THY1_ITGAX_ITGB2","Thy1  - (Itgax+Itgb2)","THY1","Cell-Cell Contact","PMID: 15850796"
"M_5","M_5","Thy1","ITGAX_ITGB2",0.00894064579507073,0,"THY1_ITGAX_ITGB2","Thy1  - (Itgax+Itgb2)","THY1","Cell-Cell Contact","PMID: 15850796"
"T_4","M_3","Thy1","ITGAX_ITGB2",0.0261377502716802,0,"THY1_ITGAX_ITGB2","Thy1  - (Itgax+Itgb2)","THY1","Cell-Cell Contact","PMID: 15850796"
"M_5","M_3","Thy1","ITGAX_ITGB2",0.0110557333617408,0,"THY1_ITGAX_ITGB2","Thy1  - (Itgax+Itgb2)","THY1","Cell-Cell Contact","PMID: 15850796"
"T_4","M_0","Thy1","ITGAX_ITGB2",0.0215449092021448,0,"THY1_ITGAX_ITGB2","Thy1  - (Itgax+Itgb2)","THY1","Cell-Cell Contact","PMID: 15850796"
"M_5","M_0","Thy1","ITGAX_ITGB2",0.00908832361827152,0,"THY1_ITGAX_ITGB2","Thy1  - (Itgax+Itgb2)","THY1","Cell-Cell Contact","PMID: 15850796"
"B_3","M_5","ITGA4_ITGB1","Vcam1",0.00292107863413435,0,"ITGA4_ITGB1_VCAM1","Vcam1 - (Itga4+Itgb1)","VCAM","Cell-Cell Contact","KEGG: mmu04514"
"M_5","M_5","ITGA4_ITGB1","Vcam1",0.0122711645592614,0,"ITGA4_ITGB1_VCAM1","Vcam1 - (Itga4+Itgb1)","VCAM","Cell-Cell Contact","KEGG: mmu04514"
"M_3","M_5","ITGA4_ITGB1","Vcam1",0.0126928094506275,0,"ITGA4_ITGB1_VCAM1","Vcam1 - (Itga4+Itgb1)","VCAM","Cell-Cell Contact","KEGG: mmu04514"
"M_0","M_5","ITGA4_ITGB1","Vcam1",0.0128077400275873,0,"ITGA4_ITGB1_VCAM1","Vcam1 - (Itga4+Itgb1)","VCAM","Cell-Cell Contact","KEGG: mmu04514"
"B_3","M_0","ITGA4_ITGB1","Vcam1",0.00343110686624031,0,"ITGA4_ITGB1_VCAM1","Vcam1 - (Itga4+Itgb1)","VCAM","Cell-Cell Contact","KEGG: mmu04514"
"M_5","M_0","ITGA4_ITGB1","Vcam1",0.0143901815690356,0,"ITGA4_ITGB1_VCAM1","Vcam1 - (Itga4+Itgb1)","VCAM","Cell-Cell Contact","KEGG: mmu04514"
"M_3","M_0","ITGA4_ITGB1","Vcam1",0.0148835400655975,0,"ITGA4_ITGB1_VCAM1","Vcam1 - (Itga4+Itgb1)","VCAM","Cell-Cell Contact","KEGG: mmu04514"
"M_0","M_0","ITGA4_ITGB1","Vcam1",0.0150180054870834,0,"ITGA4_ITGB1_VCAM1","Vcam1 - (Itga4+Itgb1)","VCAM","Cell-Cell Contact","KEGG: mmu04514"
"B_3","M_5","ITGA4_ITGB7","Vcam1",0.00322518912852299,0,"ITGA4_ITGB7_VCAM1","Vcam1 - (Itga4+Itgb7)","VCAM","Cell-Cell Contact","KEGG: mmu04514"
"M_5","M_5","ITGA4_ITGB7","Vcam1",0.00778030509368097,0,"ITGA4_ITGB7_VCAM1","Vcam1 - (Itga4+Itgb7)","VCAM","Cell-Cell Contact","KEGG: mmu04514"
"M_3","M_5","ITGA4_ITGB7","Vcam1",0.00614747469095093,0,"ITGA4_ITGB7_VCAM1","Vcam1 - (Itga4+Itgb7)","VCAM","Cell-Cell Contact","KEGG: mmu04514"
"M_0","M_5","ITGA4_ITGB7","Vcam1",0.00532238740594664,0,"ITGA4_ITGB7_VCAM1","Vcam1 - (Itga4+Itgb7)","VCAM","Cell-Cell Contact","KEGG: mmu04514"
"B_3","M_0","ITGA4_ITGB7","Vcam1",0.00378811414316694,0,"ITGA4_ITGB7_VCAM1","Vcam1 - (Itga4+Itgb7)","VCAM","Cell-Cell Contact","KEGG: mmu04514"
"M_5","M_0","ITGA4_ITGB7","Vcam1",0.00913099766591316,0,"ITGA4_ITGB7_VCAM1","Vcam1 - (Itga4+Itgb7)","VCAM","Cell-Cell Contact","KEGG: mmu04514"
"M_3","M_0","ITGA4_ITGB7","Vcam1",0.00721676301970677,0,"ITGA4_ITGB7_VCAM1","Vcam1 - (Itga4+Itgb7)","VCAM","Cell-Cell Contact","KEGG: mmu04514"
"M_0","M_0","ITGA4_ITGB7","Vcam1",0.00624906289426516,0,"ITGA4_ITGB7_VCAM1","Vcam1 - (Itga4+Itgb7)","VCAM","Cell-Cell Contact","KEGG: mmu04514"
"T_4","B_3","Thy1","Adgre5",0.0121124639521011,0,"THY1_ADGRE5","Thy1 - Adgre5","ADGRE","Cell-Cell Contact","PMID: 31462748"
"M_5","B_3","Thy1","Adgre5",0.00508109995811952,0,"THY1_ADGRE5","Thy1 - Adgre5","ADGRE","Cell-Cell Contact","PMID: 31462748"
"T_4","B_1","Thy1","Adgre5",0.0134436938726529,0,"THY1_ADGRE5","Thy1 - Adgre5","ADGRE","Cell-Cell Contact","PMID: 31462748"
"M_5","B_1","Thy1","Adgre5",0.00564395732106941,0,"THY1_ADGRE5","Thy1 - Adgre5","ADGRE","Cell-Cell Contact","PMID: 31462748"
"T_4","M_5","Thy1","Adgre5",0.0241667380904845,0,"THY1_ADGRE5","Thy1 - Adgre5","ADGRE","Cell-Cell Contact","PMID: 31462748"
"M_5","M_5","Thy1","Adgre5",0.0102101117856263,0,"THY1_ADGRE5","Thy1 - Adgre5","ADGRE","Cell-Cell Contact","PMID: 31462748"
"T_4","M_3","Thy1","Adgre5",0.00753631428229968,0,"THY1_ADGRE5","Thy1 - Adgre5","ADGRE","Cell-Cell Contact","PMID: 31462748"
"M_5","M_3","Thy1","Adgre5",0.003152956418065,0,"THY1_ADGRE5","Thy1 - Adgre5","ADGRE","Cell-Cell Contact","PMID: 31462748"
"T_4","M_0","Thy1","Adgre5",0.0274961291963251,0,"THY1_ADGRE5","Thy1 - Adgre5","ADGRE","Cell-Cell Contact","PMID: 31462748"
"M_5","M_0","Thy1","Adgre5",0.0116396680225288,0,"THY1_ADGRE5","Thy1 - Adgre5","ADGRE","Cell-Cell Contact","PMID: 31462748"
"T_4","B_3","ITGAV_ITGB1","Adgre5",0.00277451405388946,0,"ITGAV_ITGB1_ADGRE5","(Itgav+Itgb1) - Adgre5","ADGRE","Cell-Cell Contact","PMID: 31462748"
"M_5","B_3","ITGAV_ITGB1","Adgre5",0.00394103955105692,0,"ITGAV_ITGB1_ADGRE5","(Itgav+Itgb1) - Adgre5","ADGRE","Cell-Cell Contact","PMID: 31462748"
"M_0","B_3","ITGAV_ITGB1","Adgre5",0.00428030996263342,0,"ITGAV_ITGB1_ADGRE5","(Itgav+Itgb1) - Adgre5","ADGRE","Cell-Cell Contact","PMID: 31462748"
"T_4","B_1","ITGAV_ITGB1","Adgre5",0.00308265171255169,0,"ITGAV_ITGB1_ADGRE5","(Itgav+Itgb1) - Adgre5","ADGRE","Cell-Cell Contact","PMID: 31462748"
"M_5","B_1","ITGAV_ITGB1","Adgre5",0.00437816279692503,0,"ITGAV_ITGB1_ADGRE5","(Itgav+Itgb1) - Adgre5","ADGRE","Cell-Cell Contact","PMID: 31462748"
"M_0","B_1","ITGAV_ITGB1","Adgre5",0.00475488399478962,0,"ITGAV_ITGB1_ADGRE5","(Itgav+Itgb1) - Adgre5","ADGRE","Cell-Cell Contact","PMID: 31462748"
"T_4","M_5","ITGAV_ITGB1","Adgre5",0.00558826800354014,0,"ITGAV_ITGB1_ADGRE5","(Itgav+Itgb1) - Adgre5","ADGRE","Cell-Cell Contact","PMID: 31462748"
"M_5","M_5","ITGAV_ITGB1","Adgre5",0.00792841154995262,0,"ITGAV_ITGB1_ADGRE5","(Itgav+Itgb1) - Adgre5","ADGRE","Cell-Cell Contact","PMID: 31462748"
"M_0","M_5","ITGAV_ITGB1","Adgre5",0.00860797451693276,0,"ITGAV_ITGB1_ADGRE5","(Itgav+Itgb1) - Adgre5","ADGRE","Cell-Cell Contact","PMID: 31462748"
"T_4","M_3","ITGAV_ITGB1","Adgre5",0.00172014576951847,0,"ITGAV_ITGB1_ADGRE5","(Itgav+Itgb1) - Adgre5","ADGRE","Cell-Cell Contact","PMID: 31462748"
"M_5","M_3","ITGAV_ITGB1","Adgre5",0.00244445596487429,0,"ITGAV_ITGB1_ADGRE5","(Itgav+Itgb1) - Adgre5","ADGRE","Cell-Cell Contact","PMID: 31462748"
"M_0","M_3","ITGAV_ITGB1","Adgre5",0.00265523413411475,0,"ITGAV_ITGB1_ADGRE5","(Itgav+Itgb1) - Adgre5","ADGRE","Cell-Cell Contact","PMID: 31462748"
"T_4","M_0","ITGAV_ITGB1","Adgre5",0.00637487034283783,0,"ITGAV_ITGB1_ADGRE5","(Itgav+Itgb1) - Adgre5","ADGRE","Cell-Cell Contact","PMID: 31462748"
"M_5","M_0","ITGAV_ITGB1","Adgre5",0.00904141658833186,0,"ITGAV_ITGB1_ADGRE5","(Itgav+Itgb1) - Adgre5","ADGRE","Cell-Cell Contact","PMID: 31462748"
"M_0","M_0","ITGAV_ITGB1","Adgre5",0.00981543399911165,0,"ITGAV_ITGB1_ADGRE5","(Itgav+Itgb1) - Adgre5","ADGRE","Cell-Cell Contact","PMID: 31462748"
"B_3","B_3","Cd55","Adgre5",0.00138046920997045,0,"CD55_ADGRE5","Cd55 - Adgre5","ADGRE","Cell-Cell Contact","PMID: 31462748"
"B_3","B_1","Cd55","Adgre5",0.00153402234627802,0,"CD55_ADGRE5","Cd55 - Adgre5","ADGRE","Cell-Cell Contact","PMID: 31462748"
"B_3","M_5","Cd55","Adgre5",0.00278440980951349,0,"CD55_ADGRE5","Cd55 - Adgre5","ADGRE","Cell-Cell Contact","PMID: 31462748"
"B_3","M_3","Cd55","Adgre5",0.000855410141758238,0,"CD55_ADGRE5","Cd55 - Adgre5","ADGRE","Cell-Cell Contact","PMID: 31462748"
"B_3","M_0","Cd55","Adgre5",0.00317760335799408,0,"CD55_ADGRE5","Cd55 - Adgre5","ADGRE","Cell-Cell Contact","PMID: 31462748"
"M_3","B_3","Flrt3","Adgrl2",0.000539828389141662,0,"FLRT3_ADGRL2","Flrt3 - Adgrl2","ADGRL","Cell-Cell Contact","PMID: 25728924;PMID: 34022279;PMID: 27091502;PMID: 35907405"
"M_3","M_3","Flrt3","Flrt3",0.000622012703375925,0,"FLRT3_FLRT3","Flrt3 - Flrt3","FLRT","Cell-Cell Contact","PMID: 27091502"
"M_5","B_1","App","Sorl1",0.0102537612166851,0,"APP_SORL1","App - Sorl1","APP","Cell-Cell Contact","PMID: 24523320"
"M_3","B_1","App","Sorl1",0.00798206848732731,0,"APP_SORL1","App - Sorl1","APP","Cell-Cell Contact","PMID: 24523320"
"M_0","B_1","App","Sorl1",0.0152706307980805,0,"APP_SORL1","App - Sorl1","APP","Cell-Cell Contact","PMID: 24523320"
"M_5","M_5","App","Sorl1",0.0188425462793199,0,"APP_SORL1","App - Sorl1","APP","Cell-Cell Contact","PMID: 24523320"
"M_3","M_5","App","Sorl1",0.0146962858543439,0,"APP_SORL1","App - Sorl1","APP","Cell-Cell Contact","PMID: 24523320"
"M_0","M_5","App","Sorl1",0.0279430207198711,0,"APP_SORL1","App - Sorl1","APP","Cell-Cell Contact","PMID: 24523320"
"M_5","M_3","App","Sorl1",0.00754342314717991,0,"APP_SORL1","App - Sorl1","APP","Cell-Cell Contact","PMID: 24523320"
"M_3","M_3","App","Sorl1",0.00586863796090583,0,"APP_SORL1","App - Sorl1","APP","Cell-Cell Contact","PMID: 24523320"
"M_0","M_3","App","Sorl1",0.011249274592975,0,"APP_SORL1","App - Sorl1","APP","Cell-Cell Contact","PMID: 24523320"
"M_5","M_0","App","Sorl1",0.0215144490478981,0,"APP_SORL1","App - Sorl1","APP","Cell-Cell Contact","PMID: 24523320"
"M_3","M_0","App","Sorl1",0.0167903037362417,0,"APP_SORL1","App - Sorl1","APP","Cell-Cell Contact","PMID: 24523320"
"M_0","M_0","App","Sorl1",0.0318634768592059,0,"APP_SORL1","App - Sorl1","APP","Cell-Cell Contact","PMID: 24523320"
"M_5","M_0","App","Tnfrsf21",0.0051200452190249,0,"APP_TNFRSF21","App - Tnfrsf21","APP","Cell-Cell Contact","PMID: 33075465"
"M_3","M_0","App","Tnfrsf21",0.00398113831583605,0,"APP_TNFRSF21","App - Tnfrsf21","APP","Cell-Cell Contact","PMID: 33075465"
"M_0","M_0","App","Tnfrsf21",0.00764453596311317,0,"APP_TNFRSF21","App - Tnfrsf21","APP","Cell-Cell Contact","PMID: 33075465"
"M_5","M_0","App","TREM2_TYROBP",0.0291578174070685,0,"APP_TREM2_TYROBP","App - (Trem2+Tyrobp)","APP","Cell-Cell Contact","PMID:27477013"
"M_3","M_0","App","TREM2_TYROBP",0.0227944381477572,0,"APP_TREM2_TYROBP","App - (Trem2+Tyrobp)","APP","Cell-Cell Contact","PMID:27477013"
"M_0","M_0","App","TREM2_TYROBP",0.0430218557920313,0,"APP_TREM2_TYROBP","App - (Trem2+Tyrobp)","APP","Cell-Cell Contact","PMID:27477013"
"B_3","M_0","Apoe","TREM2_TYROBP",0.00196313769241195,0,"APOE_TREM2_TYROBP","Apoe - (Trem2+Tyrobp)","ApoE","Cell-Cell Contact","uniprot;PMID:27477015"
"B_1","M_0","Apoe","TREM2_TYROBP",0.0834500114356967,0,"APOE_TREM2_TYROBP","Apoe - (Trem2+Tyrobp)","ApoE","Cell-Cell Contact","uniprot;PMID:27477015"
"M_5","M_0","Apoe","TREM2_TYROBP",0.0321116367390913,0,"APOE_TREM2_TYROBP","Apoe - (Trem2+Tyrobp)","ApoE","Cell-Cell Contact","uniprot;PMID:27477015"
"M_0","M_0","Apoe","TREM2_TYROBP",0.034067717847174,0,"APOE_TREM2_TYROBP","Apoe - (Trem2+Tyrobp)","ApoE","Cell-Cell Contact","uniprot;PMID:27477015"
"M_5","M_5","Lair1","Lilrb4a",0.00772593298989986,0,"LAIR1_LILRB4A","Lair1 - Lilrb4a","LAIR1","Cell-Cell Contact","PMID:19283782"
"M_0","M_5","Lair1","Lilrb4a",0.0236137823716833,0,"LAIR1_LILRB4A","Lair1 - Lilrb4a","LAIR1","Cell-Cell Contact","PMID:19283782"
"M_5","M_3","Lair1","Lilrb4a",0.00493806531387091,0,"LAIR1_LILRB4A","Lair1 - Lilrb4a","LAIR1","Cell-Cell Contact","PMID:19283782"
"M_0","M_3","Lair1","Lilrb4a",0.0151805654149001,0,"LAIR1_LILRB4A","Lair1 - Lilrb4a","LAIR1","Cell-Cell Contact","PMID:19283782"
"M_5","M_0","Lair1","Lilrb4a",0.0102102143797034,0,"LAIR1_LILRB4A","Lair1 - Lilrb4a","LAIR1","Cell-Cell Contact","PMID:19283782"
"M_0","M_0","Lair1","Lilrb4a",0.0310469711453497,0,"LAIR1_LILRB4A","Lair1 - Lilrb4a","LAIR1","Cell-Cell Contact","PMID:19283782"
"M_5","T_4","H60b","NKG2D_HCST",0.00237516323352414,0,"H60B_NKG2D_HCST","H60b - (Klrk1+Hcst)","NKG2D","Cell-Cell Contact","PMID: 10894171;PMID:24223579"
"M_5","M_3","H60b","NKG2D_HCST",0.000634490548739355,0,"H60B_NKG2D_HCST","H60b - (Klrk1+Hcst)","NKG2D","Cell-Cell Contact","PMID: 10894171;PMID:24223579"
"M_5","B_3","Sirpb1c","Cd47",0.00366803939883586,0,"SIRPB1C_CD47","Sirpb1c - Cd47","SIRP","Cell-Cell Contact","PMID:15294972"
"M_0","B_3","Sirpb1c","Cd47",0.0188210460485256,0,"SIRPB1C_CD47","Sirpb1c - Cd47","SIRP","Cell-Cell Contact","PMID:15294972"
"M_5","B_1","Sirpb1c","Cd47",0.00306526364264297,0,"SIRPB1C_CD47","Sirpb1c - Cd47","SIRP","Cell-Cell Contact","PMID:15294972"
"M_0","B_1","Sirpb1c","Cd47",0.0157675561304922,0,"SIRPB1C_CD47","Sirpb1c - Cd47","SIRP","Cell-Cell Contact","PMID:15294972"
"M_5","T_4","Sirpb1c","Cd47",0.00500036624263314,0,"SIRPB1C_CD47","Sirpb1c - Cd47","SIRP","Cell-Cell Contact","PMID:15294972"
"M_0","T_4","Sirpb1c","Cd47",0.0255163788131871,0,"SIRPB1C_CD47","Sirpb1c - Cd47","SIRP","Cell-Cell Contact","PMID:15294972"
"M_5","M_5","Sirpb1c","Cd47",0.00613582269399752,0,"SIRPB1C_CD47","Sirpb1c - Cd47","SIRP","Cell-Cell Contact","PMID:15294972"
"M_0","M_5","Sirpb1c","Cd47",0.0311645867442804,0,"SIRPB1C_CD47","Sirpb1c - Cd47","SIRP","Cell-Cell Contact","PMID:15294972"
"M_5","M_3","Sirpb1c","Cd47",0.00729346061369364,0,"SIRPB1C_CD47","Sirpb1c - Cd47","SIRP","Cell-Cell Contact","PMID:15294972"
"M_0","M_3","Sirpb1c","Cd47",0.03686919343141,0,"SIRPB1C_CD47","Sirpb1c - Cd47","SIRP","Cell-Cell Contact","PMID:15294972"
"M_5","M_0","Sirpb1c","Cd47",0.00586749929331769,0,"SIRPB1C_CD47","Sirpb1c - Cd47","SIRP","Cell-Cell Contact","PMID:15294972"
"M_0","M_0","Sirpb1c","Cd47",0.0298345959593457,0,"SIRPB1C_CD47","Sirpb1c - Cd47","SIRP","Cell-Cell Contact","PMID:15294972"
