gene,pval_lower,pval_median,pval_upper,log2fc_lower,log2fc_median,log2fc_upper,median_Control_median,median_Salmonella_infTLSwk3_median,FDR_BH
Rpl7,0.0006216006216006,0.0093240093240093,0.1205905205905206,0.0436225019322663,0.1038493755515006,0.1898668426879603,3.0934319407557,3.333565860095633,0.200890019071836
Ptpn18,0.1205905205905206,0.5358197358197359,1.0,-0.0792900735600758,0.0504999983800804,0.2287700917561418,1.65204321679743,1.69863591826827,0.7887532757097975
Cox5b,0.001318076232986,0.012298010983596,0.0930450589520381,0.215348305413204,1.727010196928178,30.451676782341732,0.4517254079075985,1.3490624876037298,0.200890019071836
Rpl31,0.0721056721056721,0.2318570318570318,0.6125874125874127,0.0259436792292691,0.1600995872535561,0.2728661305478516,2.266722784107335,2.561181249064417,0.5522624778906184
Il18r1,0.2465045573584016,0.7603899357833063,1.0,-29.72904961908676,-0.0323104557095177,29.988247209858308,0.785600922942995,0.5782695301307275,0.7990958536413083
Stat4,0.280963480963481,0.8620647160700694,1.0,-0.4121586525843622,-0.2394716770318882,-0.0555696051030876,1.74460943309666,1.4544799793585177,0.8657175326635866
Gls,0.0516999549363111,0.2585954908026854,0.8110701293339075,-30.1736725333572,-1.4295169146937088,0.3952255913144394,1.12264402955817,0.3225702534320717,0.6049588557057867
Stk17b,0.280963480963481,0.778865578865579,1.0,-0.370403034645094,0.0028386495425512,0.1440816677154857,1.87312901738138,1.8812870766780971,0.7990958536413083
Sf3b1,0.1828417017123981,0.6022000059254968,1.0,-0.0717384935442838,0.0728847997147715,0.1819466235292563,1.45666876632877,1.5303611326140825,0.789236023768398
Hspe1,0.0166710088037554,0.2159249389401403,0.768278203545834,0.0580800185859022,1.0224307613169272,30.325913455729196,0.67096947517441,1.3055686656930576,0.5522624778906184
Bzw1,0.0172688724201217,0.1753258176208659,0.6827510662271137,-1.434273872916052,-0.4987644586751829,-0.0447730552643356,1.28265535242243,0.901337379513582,0.49843045843045847
Clk1,0.0938616938616938,0.5358197358197359,1.0,-0.2136796394950531,-0.0407139251797063,0.1247300212615215,1.54602136135724,1.5087031552638477,0.7887532757097975
Sumo1,0.0026540293594823,0.0235255986784301,0.1818385040552053,0.8670494512898004,1.225111682574683,30.34196251092678,0.565196875064045,1.3045557244303951,0.23621895346033273
Cd28,0.0006216006216006,0.0289044289044289,0.2981516082391482,-0.5649981069468892,-0.2639376196890551,-0.090438401464778,1.8498800654113,1.5377458155034924,0.23621895346033273
Ctla4,0.054079254079254,0.3541094107998596,0.9550893550893552,-1.0430476043453,-0.4997844467611556,-0.1983618080858139,1.52010483234034,1.1110099352515732,0.6879010685210386
Icos,0.0938616938616938,0.4634032634032634,1.0,-0.1451539453899012,0.1882992325645514,0.4981034810866672,1.80862327528006,2.0458469642050137,0.7471195471195471
Eef1b2,0.0003108003108003,0.0059052059052059,0.0545299145299141,0.0705576983015719,0.1396975367384239,0.2142090699288234,2.60655636723982,2.8696892843527086,0.16465103523927038
Rpl37a,0.151981351981352,0.3968919968919969,0.8665112665112666,0.0121207548572614,0.0369231576115283,0.0566921718698213,3.97927286214841,4.073815525901296,0.6993561580922176
Arpc2,0.0093240093240093,0.280963480963481,0.9550893550893552,-0.0470873464706119,0.1006113304820294,0.2688421485022386,2.12164341369804,2.284303675722084,0.6049588557057867
Ncl,0.0021756021756021,0.0205128205128205,0.1205905205905206,-0.3814108793303349,-0.2703543824792594,-0.133764977231695,2.223916569739395,1.847114354757275,0.2209790209790208
Ptma,0.0093240093240093,0.0721056721056721,0.280963480963481,-0.2009907617439575,-0.1149597864528204,-0.0473965031440157,3.0160220129097826,2.7801795224968098,0.31568029708181317
Actr3,0.2698712949217355,0.7715426535572856,1.0,-0.167757599158612,0.0358310698596535,1.2289993962907968,1.34739250373263,1.3738725376946288,0.7990958536413083
Snrpe,0.2318570318570318,0.7282210233302229,1.0,-0.1851020921015224,-0.0553532944933524,0.0767257176929699,1.46505633091344,1.396563149890785,0.7990958536413083
Btg2,0.0012432012432012,0.0205128205128205,0.2318570318570318,-0.8009213451019981,-0.5455954989222365,-0.3065476604670734,1.79301056409911,1.2272732371112949,0.2209790209790208
Ptprc,0.0205128205128205,0.0938616938616938,0.280963480963481,0.1439965233528621,0.2414663172785307,0.3568886135719745,2.4976478663063304,2.962921171747695,0.3530987530987529
Rgs1,0.0156942952060345,0.0702942294187667,0.2429082609043239,-30.958053025652735,-2.428471330674633,-0.5953695742564353,1.80139076216855,0.3492702373568775,0.31568029708181317
Tpr,0.0030599755224886,0.008969389134836,0.0316624349894849,0.5087733033560055,1.643131754114123,30.75408026537428,0.549906865271355,1.7832274775511625,0.200890019071836
Arpc5,0.1458435992375042,0.6022000059254968,1.0,-0.2090569828288871,0.0363983361227398,1.036802279599484,1.29580270219512,1.2932110303229625,0.789236023768398
Ier5,0.1704181223248704,0.7199178531944465,1.0,-29.549221385502005,0.7234069449191167,29.62806950395821,0.275230636463849,0.4115541491900547,0.7990958536413083
Gas5,0.1892773892773893,0.6943278943278944,1.0,-0.2611350791103459,-0.0490383632178189,0.1327357322792054,1.539575982152824,1.488985618771001,0.789236023768398
Prdx6,0.280963480963481,0.778865578865579,1.0,-0.4067295192245708,-0.0837040189430726,0.2629269010854915,1.462634698746075,1.3867152251860602,0.7990958536413083
Prrc2c,0.0539507364683568,0.3968919968919969,1.0,-0.0670782920327365,0.0923044782272753,0.3418375564738504,1.83734175178422,1.9437854249482407,0.6993561580922176
Hnrnpu,0.0093240093240093,0.151981351981352,0.6943278943278944,-0.4846410811888764,-0.2351401132110037,0.0049667500012817,1.52010483234034,1.3004964857200374,0.4474482039699431
H3f3a,0.0093240093240093,0.280963480963481,0.9550893550893552,-0.1477130510759135,-0.0462500919685762,0.032404272766663,2.58474520449285,2.5012280888326552,0.6049588557057867
Srp9,0.1116117682982922,0.5906786252963061,1.0,-0.441664049118799,0.9094903176443858,30.04070223366833,0.552426076271136,1.0229391557613692,0.789236023768398
Fam107b,0.0059052059052059,0.0559774506991504,0.2328073884336486,-0.7116401559047035,-0.4777946490523483,-0.224269279948918,1.60402000419271,1.15152525829925,0.3015149049022419
Celf2,0.1168971876059197,0.6125874125874127,1.0,-0.192887991678496,0.0354629499284161,1.1810251238316245,1.3684143133053,1.398629349370875,0.789236023768398
Edf1,0.0235255986784301,0.3502013891792955,1.0,-0.351902085631533,0.992484322162572,30.141660720601006,0.549906865271355,1.0157731209490304,0.6879010685210386
Rpl7a,0.0721056721056721,0.5358197358197359,1.0,-0.0415288399267582,0.052639171384971,0.1627876203265966,2.383945668299675,2.4540892280008717,0.7887532757097975
Set,0.3810232817994517,0.8153345943552276,1.0,-0.3363277781177061,-0.0138113629447627,30.094126530087863,1.21815743931789,1.215237523728925,0.8255084757267899
Rpl12,0.0012432012432012,0.0205128205128205,0.151981351981352,0.0435930188946819,0.0993401949630003,0.1454722716722324,3.692295447508255,3.9544994364502313,0.2209790209790208
Hspa5,0.0721056721056721,0.280963480963481,0.5358197358197359,-0.4016430993116922,-0.2460084381576923,-0.1118324637250877,2.19120286332434,1.85417202813406,0.6049588557057867
Traf1,0.1149197468315532,0.5958830905651777,1.0,-0.3918943545994329,0.4904914594050185,30.242385895607526,0.926070864693515,1.1956327790497874,0.789236023768398
Rpl35,0.0537296037296037,0.3356643356643357,0.8665112665112666,0.0291167140033883,0.1110401226426812,0.1983489602536971,2.57781820946429,2.776876656572317,0.6629370629370629
Cytip,0.151981351981352,0.6943278943278944,1.0,-0.2135883264775668,-0.0877005667178811,0.1115462371839866,2.22153018051283,2.085612274326601,0.789236023768398
Ssb,0.0930450589520381,0.3837143535858314,0.9538159449155053,-0.0491667065388715,0.5169363543219586,30.34585542647591,0.906210599086756,1.3325228763933277,0.6993561580922176
Atp5g3,0.0215562667600163,0.2159249389401403,0.8597310389136564,-0.0246631679623264,15.556670971074247,30.23915259738259,0.2616918891184075,1.18402453302347,0.5522624778906184
Hnrnpa3,0.3356643356643357,0.778865578865579,1.0,-0.1016774543374879,0.0405931233361615,0.1773227975284219,1.45666876632877,1.509290059364605,0.7990958536413083
Cd44,0.0240225178357029,0.0798387196458526,0.3164717878479781,-30.457673052782607,-2.210476478245141,-0.540620923388344,1.351144665940455,0.27694049393756,0.3440323010194012
Srp14,0.0091553779041863,0.0921673180446737,0.5240789974851849,0.0106684670749038,0.6975863946169873,30.37411605685121,0.805439734782585,1.32771462638106,0.3530987530987529
Pdia3,0.0093240093240093,0.1321178224188759,0.7715426535572856,-1.1046264994914885,-0.5036807307267803,-0.1516439604276165,1.44310956872518,1.016882208901369,0.42893046456539163
Serf2,0.0938616938616938,0.280963480963481,0.778865578865579,0.0252383398995944,0.1091438840120521,0.2457720223002674,2.2383217373567,2.41767416397566,0.6049588557057867
B2m,0.2318570318570318,0.6943278943278944,1.0,-0.0358238478179466,0.0056373722604372,0.0745785197158481,3.39269324375799,3.403392758677845,0.789236023768398
Eif2s2,0.2467376368078808,0.7102115280802119,1.0,-0.3554984817327539,-0.1313495065486326,0.8885380577878598,1.35952832695924,1.2546895418726036,0.7990958536413083
Rbm39,0.0721056721056721,0.3356643356643357,0.9550893550893552,-0.2178889299635601,-0.1027148503265696,0.0259940444915722,2.32724172953015,2.164129424512637,0.6629370629370629
Top1,0.2318570318570318,0.7282210233302229,1.0,-0.2817245720491836,0.062708521628014,0.3259071755443193,1.2940240606845217,1.3532120650539574,0.7990958536413083
Stk4,0.0540064437120849,0.3248386127491286,0.8620647160700694,0.0020447388335743,0.3618315889388156,30.453744438486076,1.1471093717718102,1.4514844613493536,0.6629370629370629
Gnas,0.0938616938616938,0.4634032634032634,1.0,-0.2880679161722599,-0.1290117780598911,0.0070828773325704,1.71361678606073,1.573305452889785,0.7471195471195471
Atp5e,0.3356643356643357,0.778865578865579,1.0,-0.1173921631774197,-0.010766809125109,0.1657470459541193,2.08117158908541,2.0507126832377973,0.7990958536413083
Rps21,0.0933177933177933,0.3968919968919969,0.9562121212121204,-0.0156497186238838,0.0412240645890108,0.0804093158287073,3.73604901830682,3.8564795560785328,0.6993561580922176
Rpl22l1,0.0021756021756021,0.054079254079254,0.4634032634032634,0.0807890049992487,0.1633080531688791,0.3130706458625369,2.34325298141563,2.6104570617464424,0.29806472597170225
Sec62,0.1165968029296756,0.6012221988088494,1.0,-0.4783997518521053,-0.1284800136981572,0.6483145014444702,1.24920297897551,1.128833854872495,0.789236023768398
Mbnl1,0.2318570318570318,0.5358197358197359,1.0,-0.0080994470815659,0.1387758742966365,0.2534468271279225,2.066121413003385,2.2594642341709275,0.7887532757097975
Ccnl1,0.063883279325563,0.4325218637364409,1.0,-2.2145289528447307,-0.7124376722444199,0.856631410788266,1.02473330981504,0.6410343322029888,0.7471195471195471
Pdcd10,0.1116117682982922,0.6012221988088494,1.0,-0.4663530270909254,0.883896279095318,30.051748299117996,0.549906865271355,0.9881823176707164,0.789236023768398
Rps3a1,0.280963480963481,0.6125874125874127,0.9550893550893552,0.0174043095427457,0.0741388667011822,0.1324456427177703,3.2186074348854,3.405179066615605,0.789236023768398
Tpm3,0.271160359877409,0.772139521993872,1.0,-0.2423413631287948,-0.0658927913058414,0.6292568648288881,1.57864340378529,1.4923991613447576,0.7990958536413083
Rps27,0.0289044289044289,0.1205905205905206,0.3371950271950258,0.0387479011286993,0.0740276885631495,0.120844076415284,4.08045706126325,4.290979940782853,0.3942062535165984
S100a13,0.0280438836937886,0.0639390893075438,0.2465045573584016,-30.425866736772093,-2.8268927918053266,-0.7448075051486988,1.35524163777831,0.193555846792101,0.31568029708181317
S100a11,0.054079254079254,0.1892773892773893,0.3985547785547771,-0.5125344522466609,-0.2892253906068392,-0.0495777645817857,2.26960053364799,1.853927249488014,0.49843045843045847
S100a10,0.0003108003108003,0.0037296037296037,0.04009324009324,-0.7012764383537663,-0.5693406015151534,-0.4093453218166621,2.759345878024395,1.8468504356959128,0.16071201525746853
Mcl1,0.3849615662443686,0.8168005804132161,1.0,-0.1710149528074632,-0.0252913318020277,0.1055026794148788,1.47459645912824,1.4715030756272824,0.8255084757267899
Cd2,0.032123288296735,0.1205905205905206,0.3548815141812655,0.1948965335172837,0.4629092583357284,0.9734411607364776,1.3090630131839,1.82247544945914,0.3942062535165984
Ptpn22,0.3353936925914555,0.778865578865579,1.0,-0.1833041719390451,-0.0547153193095688,0.1346836645669787,1.640901441334095,1.566743415533946,0.7990958536413083
Rap1a,0.0316624349894849,0.1828417017123981,0.7282210233302229,0.058688517406865,0.4048004295421172,30.41107450383311,1.02473330981504,1.40311486871267,0.49843045843045847
Atp5f1,0.1149197468315532,0.3837143535858314,0.9538477801698514,-0.1007636380916728,1.1072032170678567,30.263280661857117,0.587267274752005,1.241615198012475,0.6993561580922176
Cd53,0.3356643356643357,0.778865578865579,1.0,-0.0619857440152543,0.0503578590950845,0.1817336919383244,1.60656411784832,1.6717228938654225,0.7990958536413083
Rpl34,0.0093240093240093,0.0938616938616938,0.5377389277389261,0.0188620240049409,0.0522021966523878,0.0740472385312823,3.72511953912908,3.861314456419888,0.3530987530987529
Ube2d3,0.054079254079254,0.280963480963481,0.8621758798310992,0.0295815827334914,0.1722557553256428,0.317093126302465,1.62040753364451,1.837354286526605,0.6049588557057867
H2afz,0.0037296037296037,0.04009324009324,0.3968919968919969,-0.2653141231362208,-0.1643009963724823,-0.0690750219819897,2.796710652186105,2.496474567233811,0.26766472963656
Sh3glb1,0.0421027181166023,0.3903031752389141,1.0,-0.5803362485162475,-0.2929926258396877,0.0122050285127091,1.34633979900985,1.1069233934680525,0.6993561580922176
Gng5,0.2318570318570318,0.778865578865579,1.0,-0.1149681833300461,-0.019957508643515,0.08907899727221,1.88762104376296,1.8517576560967823,0.7990958536413083
Rps20,0.0012432012432012,0.0205128205128205,0.151981351981352,0.0442154149167962,0.0933129392554363,0.1324270342150665,3.79375134466683,4.070862320857874,0.2209790209790208
Rab2a,0.1701741612174414,0.7199178531944465,1.0,-1.174038706393062,1.2313925769186596,30.00788824731648,0.4517254079075985,0.9681875509624636,0.7990958536413083
Pnrc1,0.0003108003108003,0.0205128205128205,0.0938616938616938,-0.4466701084048046,-0.3205556035195244,-0.1958803671233372,2.2122988870065,1.76536351170629,0.2209790209790208
Dnaja1,0.0012432012432012,0.1205905205905206,0.6943278943278944,-0.4327936666277938,-0.2836398315447279,-0.0742258750120169,1.929998499076245,1.5584594075911324,0.3942062535165984
Sec61b,0.0316624349894849,0.2226536979813717,0.6851773174958848,-0.1243706356837234,0.2518064406913412,30.43496683379842,1.220876340445765,1.471561912775865,0.5522624778906184
Txn1,0.082050193992064,0.4870641534695065,1.0,-0.5010101667227973,-0.3030517056767128,0.0223291619515852,1.59651374627507,1.268997428783925,0.7695613624818202
Ptbp3,0.1983681032556137,0.768278203545834,1.0,-0.6415335484473074,0.5633890460974338,30.03417658705348,0.67096947517441,1.01630681011886,0.7990958536413083
Tnfsf8,0.0553192420704978,0.2932707266977624,0.863189060188409,0.0981796500238249,0.2847549482393054,0.6092437873660377,1.667741313061715,2.0204616871653664,0.6261726326790061
Rps6,0.0059052059052059,0.04009324009324,0.1892773892773893,0.0643613361253096,0.1211402837084175,0.1712310145077611,3.007611014161805,3.263168313849554,0.26766472963656
Jak1,0.0139860139860139,0.1892773892773893,0.7715426535572856,-0.3901989302211974,-0.2128080491043775,-0.0592403926863101,1.60275158648103,1.3827541294277998,0.49843045843045847
Mier1,0.0677460138406892,0.5593049468922574,1.0,-0.1730229189916428,1.0534007051068155,30.31617049549772,0.549906865271355,1.2195668231264376,0.789236023768398
Tut4,0.2318570318570318,0.778865578865579,1.0,-0.1227153681850796,0.0098647381858288,0.1597722585696278,1.476409209956995,1.4902640924187425,0.7990958536413083
Uqcrh,0.0139860139860139,0.04009324009324,0.151981351981352,0.0922116122519756,0.1757146771750034,0.2719232964927145,2.02766208552975,2.27433467902179,0.26766472963656
Prdx1,0.1812371043967376,0.6943278943278944,1.0,-0.3096828493426581,0.0579046361200307,0.9815149073811744,1.15600855634195,1.2130503571774625,0.789236023768398
Rps8,0.0003108003108003,0.0289044289044289,0.1892773892773893,0.037510853302834,0.0756523647008832,0.1212009800913064,3.87056243384094,4.064054982532692,0.23621895346033273
Ybx1,0.3356643356643357,0.6943278943278944,1.0,-0.2386621075362166,-0.1104604909485981,0.0460243273763534,2.0397859513725,1.8712570134462752,0.789236023768398
Sfpq,0.0369378793115971,0.2698712949217355,0.953022111397575,-0.6249545141669918,-0.3259883763550855,0.1122170311916215,1.322046958822125,1.038357935324414,0.6049588557057867
Ptp4a2,0.0093240093240093,0.0721056721056721,0.4634032634032634,0.0561352556914807,0.1695108655142611,0.3236028630313015,1.79719676565528,2.0088821001277477,0.31568029708181317
Laptm5,0.2318570318570318,0.778865578865579,1.0,-0.0616256475805292,0.0707782118244075,0.1843970766082383,1.92795573721486,2.05980187871153,0.7990958536413083
Dnajc8,0.0240100948567711,0.376759117811582,1.0,-0.1451384822777569,0.5809558360280581,30.11712739564888,0.805439734782585,1.079952472803305,0.6993561580922176
Cd52,0.1205905205905206,0.3356643356643357,0.6943278943278944,-0.190479576991124,-0.1214504462562116,-0.0399443407422451,3.0489777803573,2.799715178143486,0.6629370629370629
Sh3bgrl3,0.04009324009324,0.2318570318570318,0.6943278943278944,-0.3994998560388574,-0.2561710499633135,0.0083839194440884,2.1677640955952957,1.825330200684765,0.5522624778906184
Tmem50a,0.1407135248526926,0.6694111706224701,1.0,-29.96928702703707,-0.1693392173423458,29.775381202197323,0.805439734782585,0.7487812491262827,0.789236023768398
Rsrp1,0.0235255986784301,0.1168971876059197,0.384993546056126,0.03253364786819,0.371924668300214,1.518919074925792,1.24920297897551,1.6450301430099987,0.3942062535165984
Syf2,0.1793008982115698,0.6799884022342944,1.0,-0.4499333809662463,0.0038249852756325,29.86669490443489,1.02473330981504,1.0100982062557904,0.789236023768398
Rpl11,0.0139860139860139,0.0721056721056721,0.2823310023310011,0.0370615178079794,0.0804464576567328,0.1072777249575989,3.53611669956153,3.753515874232725,0.31568029708181317
Hnrnpr,0.3152856482682895,0.7536651375079032,1.0,-29.034612059652734,0.0897764807071384,29.460966010853145,0.275230636463849,0.3139517504648025,0.7990958536413083
Cdc42,0.0059052059052059,0.151981351981352,0.5358197358197359,-0.3600967614091026,-0.2372374927619085,-0.0535013500573117,2.00982823774601,1.6893014653803076,0.4474482039699431
Rpl22,0.0006216006216006,0.0139860139860139,0.151981351981352,0.0451747069823436,0.1019736309290565,0.1538236754405156,3.0346858382039352,3.245818489653244,0.200890019071836
Cdk11b,0.1606596780277105,0.5830440246512354,1.0,-29.804479617301567,-0.374491417532533,29.148229408859265,0.4517254079075985,0.3301855379888375,0.789236023768398
Tnfrsf4,0.2226536979813717,0.6012221988088494,1.0,-0.1095297948697908,0.2904754025795958,1.2962349426127833,1.254025339273165,1.5153476027227226,0.789236023768398
Tnfrsf18,0.017368593113552,0.1443765231983298,0.5992448359443866,-30.281547426044764,-1.0429945900879798,-0.2347047368653179,1.42277444949045,0.6772366321038815,0.4474482039699431
Kmt2e,0.1828417017123981,0.5624846616632901,1.0,-0.0408431011771908,0.1969415532719122,0.5375193470148205,1.20967283031442,1.3774758832041876,0.789236023768398
Tomm7,0.2159249389401403,0.6022000059254968,1.0,-0.2041090643708528,0.0255929633641599,0.3234091678283598,1.32648676636483,1.3802625841191114,0.789236023768398
Dnajb6,0.0938616938616938,0.5358197358197359,1.0,-0.2516393840283042,-0.086302515274769,0.1547352391945703,1.53757252715944,1.45918149322461,0.7887532757097975
Ost4,0.1749707959125706,0.6843747548063993,1.0,-0.2967440881736724,0.3046540129882021,30.16042371974815,1.01285942472842,1.1951509263570788,0.789236023768398
Mrpl33,0.111373498119147,0.6799884022342944,1.0,-0.4834995489873052,0.6485922744711694,30.06396315149314,0.685109269865725,1.064750600970214,0.789236023768398
Rpl9,0.0093240093240093,0.1892773892773893,0.778865578865579,-0.0008281220092792,0.0362087713228252,0.0662582232586108,3.598945527706115,3.697078960965074,0.49843045843045847
Ythdc1,0.0235255986784301,0.1465605182649672,0.6827510662271137,-29.98330527336763,-0.7022827878785975,-0.0587240451529385,1.35888333750503,0.841290931410459,0.4474482039699431
Rpl5,0.0012432012432012,0.04009324009324,0.3356643356643357,0.0464145917953834,0.1031511787328233,0.1466233978181277,2.8962985095508653,3.1241563512202872,0.26766472963656
Rplp0,0.0012432012432012,0.0139860139860139,0.0726495726495721,0.0588739267178807,0.1038667502764331,0.1826452405565017,3.31561328132426,3.5579773282625453,0.200890019071836
Rpl6,0.0003108003108003,0.0059052059052059,0.0938616938616938,0.0401960258428116,0.087776170735242,0.1622296146788387,3.21427928970676,3.437745965346435,0.16465103523927038
Ppp1cc,0.2226536979813717,0.6012221988088494,1.0,-0.4281829257213844,1.0211804839540846,30.142316422201,0.4859280714481915,1.0762002334468026,0.789236023768398
Arpc3,0.0059052059052059,0.0289044289044289,0.151981351981352,-0.3686837609672615,-0.2997461791598931,-0.2306414406134642,2.24558564902964,1.81448057365643,0.23621895346033273
Orai1,0.0060656947207601,0.0553192420704978,0.3811326193376022,-30.385179963159583,-1.0734593292868122,-0.3410117014753309,1.35901454575527,0.6379311389372389,0.30139449128064316
Rsrc2,0.021456636760208,0.1753258176208659,0.6827510662271137,0.2710834386601773,2.008094448299328,30.252756673086168,0.275230636463849,1.160626382976162,0.49843045843045847
Vps37b,0.0003108003108003,0.0014457807008947,0.0064882642630802,-1.7346678070483628,-0.9789510910181394,-0.6881962341958853,2.2092818542009853,1.115687683949964,0.12890442890442444
Tmed2,0.3248060670864521,0.6943278943278944,1.0,-0.3747444397015343,0.0093134999235248,0.8090520767804151,1.15930125268211,1.1755724543212702,0.789236023768398
Ubc,0.0582873467535284,0.1407135248526926,0.3811326193376022,-30.21836077001259,-1.1078457866082752,-0.2714029939533992,1.21815743931789,0.585664350021512,0.4474482039699431
Ran,0.3389798439791219,0.7260951618325295,1.0,-0.8213603004316551,-0.0499443939401646,30.03529953592841,1.15600855634195,1.088002757176313,0.7990958536413083
Chchd2,0.0006216006216006,0.04009324009324,0.3968919968919969,-0.3743122433613836,-0.1977770633162585,-0.094385333627688,2.250255585412515,1.9643064837651951,0.26766472963656
Actb,0.0938616938616938,0.280963480963481,0.6125874125874127,0.0183763380161877,0.0681861364477591,0.1314105113598033,3.40191575264876,3.547909052027215,0.6049588557057867
Rac1,0.1149197468315532,0.5593049468922574,1.0,-0.2078741210657965,0.760891051389281,30.16469989387701,0.685109269865725,1.1710903127650365,0.789236023768398
Arpc1b,0.0205128205128205,0.0725931484850583,0.4634032634032634,0.0707421786827615,0.2568140748783429,0.4783975111198006,1.52458668064213,1.79912367203846,0.31568029708181317
Atp5j2,0.2226536979813717,0.6012221988088494,1.0,-0.0768052620100785,0.0505758750855165,0.2880124980001269,1.42086570518498,1.4623977105652113,0.789236023768398
Rpl21,0.0003108003108003,0.0037296037296037,0.04009324009324,0.1016345020124029,0.1425732174602625,0.1822233652797203,3.20394448934463,3.52476858659004,0.16071201525746853
Polr1d,0.0938616938616938,0.3968919968919969,0.9550893550893552,-0.1071000319142943,0.1414595409413524,0.3994352980540866,1.373937734074845,1.5034042660810925,0.6993561580922176
Hmgb1,0.0205128205128205,0.151981351981352,0.7810567210567192,0.0307600709194532,0.2605344412304182,0.4393430634433184,1.52010483234034,1.8335824120879916,0.4474482039699431
Sem1,0.04009324009324,0.3248386127491286,0.9550893550893552,-0.0923591041743429,0.1410567437932667,0.3177179863637697,1.51324180116324,1.6680154118943449,0.6629370629370629
Ndufa4,0.2318570318570318,0.6943278943278944,1.0,-0.0898243562207313,0.0516729013707894,0.2021210579806991,1.4678774264609,1.5264751907867424,0.789236023768398
Atp6v1f,0.0316018550711503,0.3571751117884024,1.0,-0.0389866136928248,0.4147910663571941,30.272997287253368,0.934082997401472,1.2553398844003314,0.6910245019906234
Zc3hav1,0.0518299272179096,0.2698712949217355,0.7703347136423385,-30.12971464928592,-1.2367544052756796,1.0669161490980228,0.7611587079120405,0.3525089104222875,0.6049588557057867
Luc7l2,0.0080084890662906,0.0718263311415725,0.52296164404117,0.0576297088221688,0.7349876821946377,30.34839088859503,0.805439734782585,1.3197463253407775,0.31568029708181317
Trbc1,0.1404986322918472,0.6827510662271137,1.0,-1.0247041151532998,0.0747719663441739,0.8466023450252712,1.59833109456711,1.66601699235568,0.789236023768398
Trbc2,0.0012432012432012,0.054079254079254,0.3968919968919969,0.0620585051137921,0.1806269095506048,0.2900120022426643,2.23433661255518,2.5057618026451447,0.29806472597170225
Gimap4,0.4835220598680489,0.8616968286082338,1.0,-0.21373589272987,-0.0491867806865579,0.1804671110707106,1.5216255820454951,1.466669761475675,0.8657175326635866
Gimap6,0.1828417017123981,0.4634032634032634,0.9550893550893552,-0.0417502900863695,0.1663163923625003,0.3194777550012547,1.718167568257305,1.95141203008486,0.7471195471195471
Gimap3,0.0725931484850583,0.3248386127491286,0.6943278943278944,0.1311019768729758,0.2794039433645069,0.3987953682626812,1.50561536443169,1.81448739296879,0.6629370629370629
Hnrnpa2b1,0.1892773892773893,0.6943278943278944,1.0,-0.1468632363757666,-0.0152008043845515,0.1308560812344375,1.87725895566292,1.861161343802053,0.789236023768398
Tax1bp1,0.0139860139860139,0.280963480963481,0.9550893550893552,-0.3411410421435535,-0.1597656907511869,0.0157360977074805,1.63182410521293,1.4631545331321076,0.6049588557057867
Serbp1,0.1883449883449884,0.6943278943278944,1.0,-0.1241967505081044,0.0300837991112923,0.1522288895761808,1.91452120083821,1.9519214513377372,0.789236023768398
Igkc,0.0398135198135198,0.1205905205905206,0.3968919968919969,-0.3789273156161314,-0.2526368381652988,-0.0821681208368621,2.62282584807952,2.2068723364495755,0.3942062535165984
Tmsb10,0.280963480963481,0.778865578865579,1.0,-0.0634218605842654,-0.0254873644158294,0.0254932895049416,3.37622571254419,3.311261521408385,0.7990958536413083
Snrpg,0.0938616938616938,0.5358197358197359,1.0,-0.123920722627286,-0.0548163010266703,0.021659523310028,2.08594362943213,2.01169216003616,0.7887532757097975
Cnbp,0.0721056721056721,0.2318570318570318,0.6964413364413347,-0.353621202015574,-0.2034809647975938,-0.0631127541000195,1.745867391089725,1.5254923405495564,0.5522624778906184
Bhlhe40,0.2465045573584016,0.6757058487030954,1.0,-30.389859702949867,-1.2081338688233736,0.9165204526692198,1.246605704777835,0.51922188360083,0.789236023768398
Rpl32,0.04009324009324,0.280963480963481,0.8665112665112666,-0.0164576951279704,0.0279293600456699,0.0924444387005569,3.876510451251595,3.949579382367064,0.6049588557057867
Hnrnpf,0.0938616938616938,0.4634032634032634,1.0,-0.2249154781424324,-0.0826394465582781,0.0590550937521015,1.7788956958752151,1.6695700262496675,0.7471195471195471
Wnk1,0.1892773892773893,0.6943278943278944,1.0,-0.1034289196802518,0.0820819764457268,0.3152430960182733,1.56041831239381,1.604840666287635,0.789236023768398
Cd4,0.0409970611329001,0.4174708539811019,1.0,-0.2064816567273525,0.7350291004142155,30.136594324635,0.67096947517441,1.128582412948845,0.7301888737529236
Gapdh,0.3356643356643357,0.778865578865579,1.0,-0.2234060010815348,-0.0659006577129053,0.1983221958235378,2.23732106466724,2.1350067063238853,0.7990958536413083
H2afj,0.0091507281849525,0.1205905205905206,0.8620647160700694,-0.0090604089374763,0.148870795982254,0.474199881475411,1.28265535242243,1.4219612151546723,0.3942062535165984
Arhgdib,0.1828417017123981,0.52296164404117,0.9536916548852497,0.0022892735763015,0.0976810596880204,0.2581270868265224,1.7189655577102,1.822226202947005,0.7887532757097975
Aebp2,0.0012432012432012,0.0721056721056721,0.563737230436392,-0.5007739100294959,-0.3376337906398763,-0.1099792605382773,1.72918676816664,1.3608208700269424,0.31568029708181317
Rps9,0.0003108003108003,0.0093240093240093,0.0938616938616938,0.0873608448984929,0.1174610118664016,0.1535179612640695,3.54652993504194,3.8412462906376015,0.200890019071836
Rpl28,0.0003108003108003,0.0006216006216006,0.0093240093240093,0.1118744708676984,0.1696180314442035,0.2167515563300187,3.16157933311657,3.5606534847692526,0.0736596736596711
Rps5,0.0938616938616938,0.3968919968919969,0.9550893550893552,-0.0265420221577728,0.050647000953353,0.0996159032908561,3.54642086952002,3.697276005326137,0.6993561580922176
Selenow,0.0239017976171966,0.0921673180446737,0.2238991155035703,0.189271395472745,0.8277595949501155,30.53247819278601,0.8237281159766,1.5087160024247035,0.3530987530987529
Rps19,0.0021756021756021,0.04009324009324,0.280963480963481,0.0182710929909094,0.0790046205488519,0.1392012850693524,3.441237365174,3.6315936186240574,0.26766472963656
Rabac1,0.1114870540402245,0.6757058487030954,1.0,-29.524287388168837,-0.2897863560443819,29.730944627807897,0.77214009355077,0.769541663678982,0.789236023768398
Rps16,0.054079254079254,0.2318570318570318,0.6964413364413347,0.0095211859236012,0.043972556361384,0.0775846045352996,3.95063583370787,4.073317295236275,0.5522624778906184
Gmfg,0.002085411945659,0.0127611587574058,0.042658103683907,0.3606735355493767,0.5016606864199505,0.619105053138398,1.35888333750503,1.9069687604951948,0.200890019071836
Eif3k,0.0045417242076844,0.0421027181166023,0.2812711621068378,0.0875738446576997,1.3198773656053835,30.51060193804152,0.587267274752005,1.4781220970223887,0.27698549515304
Hcst,0.280107834859591,0.778865578865579,1.0,-0.2648567750779143,-0.0776093533086605,0.2139195172344747,1.62661684555831,1.53003368966535,0.7990958536413083
Cox6b1,0.0559774506991504,0.451509187944989,1.0,-0.1251666491664372,0.0502559386780474,0.8257209266779977,1.35888333750503,1.3977615583656702,0.7471195471195471
Fxyd5,0.1205905205905206,0.6943278943278944,1.0,-0.3190977270689899,-0.1313603841031387,0.0985592815903124,2.08594362943213,1.87497576321426,0.789236023768398
Rps11,0.054079254079254,0.280963480963481,0.6943278943278944,0.0016830016357361,0.0745411614724795,0.0969207701993228,3.61294386105214,3.810048965157156,0.6049588557057867
Rpl13a,0.0059052059052059,0.0721056721056721,0.3968919968919969,0.0264408306685541,0.0739167226221079,0.1144803439311397,3.4582479984027303,3.635443749786454,0.31568029708181317
Ftl1,0.2318570318570318,0.6125874125874127,0.9550893550893552,0.0155311857159225,0.1059417162475441,0.2763471790111554,2.12618175857957,2.274243266364095,0.789236023768398
Rpl18,0.0003108003108003,0.0003108003108003,0.0059052059052059,0.1009884594502886,0.1409008099784189,0.1888466804664799,3.30915660256334,3.643992700531351,0.0736596736596711
Ldha,0.04009324009324,0.3968919968919969,0.9550893550893552,-0.483939236567641,-0.2276745134576296,-0.0055590017455276,1.5550549762043548,1.34060408713826,0.6993561580922176
Klf13,0.1272980462544935,0.6540617393190926,1.0,-29.321671895757664,0.0535709261410294,29.708301270933585,0.4859280714481915,0.376206537938479,0.789236023768398
Chd2,0.0725809615755736,0.6431322050036423,1.0,-0.2092064660443733,0.0524604280981004,0.7719035984035036,1.31901235403657,1.3500117583593876,0.789236023768398
Akap13,0.151981351981352,0.6943278943278944,1.0,-0.115640767071956,-0.0363762988715501,0.043100145157619,2.08594362943213,2.044086791614335,0.789236023768398
Iqgap1,0.0205128205128205,0.0277509926719708,0.2318570318570318,-0.8405002736387798,-0.6321580037751321,-0.4114986169485177,1.63182410521293,1.05999738923929,0.23621895346033273
Rps17,0.0938616938616938,0.3968919968919969,1.0,-0.0123932850166848,0.0772158821072667,0.194519506972768,2.48147611469121,2.59893924548596,0.6993561580922176
Rps3,0.0021756021756021,0.04009324009324,0.2318570318570318,0.0115886496820482,0.0629226037582569,0.1088260459655589,3.34914208702366,3.5041113768035634,0.26766472963656
Spcs2,0.0227796928098559,0.1816653005134988,0.6799884022342944,0.2960794901105688,1.065812863814964,30.301431485542206,0.594236091753515,1.2240224326445,0.49843045843045847
Ucp2,0.1205905205905206,0.6125874125874127,1.0,-0.1681148061262443,0.0419106835571709,0.3538498600504933,1.4699371549693,1.521592121002019,0.789236023768398
Eif3f,0.0059052059052059,0.0205128205128205,0.0938616938616938,0.1732363135742703,0.4415677729155326,0.769334732767935,1.38704483019826,1.88275830651781,0.2209790209790208
Rpl27a,0.0012432012432012,0.0139860139860139,0.1205905205905206,0.0350988275413454,0.0754669192458796,0.1133290229632248,3.83117671948728,4.051003283784771,0.200890019071836
Eif4g2,0.3811326193376022,0.6799884022342944,1.0,-0.5189459465058517,-0.2266470300130229,0.0934570610659048,1.3090630131839,1.12241819118962,0.789236023768398
Rps13,0.3356643356643357,0.778865578865579,1.0,-0.0083176801251031,0.0215069637157144,0.0415293775018763,3.54652993504194,3.606068731522225,0.7990958536413083
Rps15a,0.0059052059052059,0.0289044289044289,0.1205905205905206,0.0567621598467994,0.0797014781356268,0.1067758398640661,3.85849408996932,4.0732640956346575,0.23621895346033273
Arl6ip1,0.2585954908026854,0.6799884022342944,1.0,-2.634275767966533,-0.3663490868187672,29.718186293296814,0.91272783347472,0.70233653391079,0.789236023768398
Lat,0.0125222247240691,0.0930450589520381,0.6843948188736364,0.0988188505149317,1.129106658920325,30.549555638506465,0.67096947517441,1.5279179627986723,0.3530987530987529
Coro1a,0.0006216006216006,0.0037296037296037,0.0239017976171966,0.4686618982057534,0.7476863214961158,1.7848040099846814,1.1471093717718102,1.8249530269623573,0.16071201525746853
Aldoa,0.1204487512465464,0.6827510662271137,1.0,-0.5841393157756793,-0.173174880948809,0.7570318345640095,1.21782219733709,1.0447597199737992,0.789236023768398
Sept1,0.0421027181166023,0.1828417017123981,0.8620647160700694,0.0041433663516035,0.3193517065172168,30.49182763119451,1.21782219733709,1.4944806544561489,0.49843045843045847
Fus,0.1793008982115698,0.6827510662271137,1.0,-0.2088243527709853,0.7591927128202295,30.242529344034875,0.732382432476165,1.2271426759290525,0.789236023768398
Rplp2,0.0037296037296037,0.04009324009324,0.3968919968919969,0.0146786777471685,0.064464043102169,0.1089166086398505,3.51943660178027,3.6767414039550586,0.26766472963656
Lsp1,0.0421027181166023,0.3968919968919969,1.0,-1.2596517433262855,-0.2465998425731731,0.3573137623709503,1.21782219733709,1.092921004302746,0.6993561580922176
Nsd3,0.031639543580131,0.3521553999895775,1.0,-0.2169710723852234,0.3231477232234833,30.18017503640315,0.938043873102995,1.1442844742793514,0.6879010685210386
Saraf,0.0275703294451272,0.3356643356643357,0.8665112665112666,-0.4025599258122955,-0.1840624092051376,-0.0074360138402285,1.57574788905112,1.3797846956856814,0.6629370629370629
Hmgb2,0.2318570318570318,0.6125874125874127,1.0,-0.1913263748432482,0.060651670515076,0.6562878644215362,1.931706515393105,2.0031862196766577,0.789236023768398
Ndufa13,0.1812371043967376,0.7282210233302229,1.0,-0.25858001845013,-0.0429785663506217,0.2466716342694115,1.29580270219512,1.2602062117983177,0.7990958536413083
Uba52,0.1465605182649672,0.52296164404117,0.9536916548852497,-0.154169411995812,0.2074553300771668,1.0344480783103105,1.220876340445765,1.426958255973805,0.7887532757097975
Jund,0.2318570318570318,0.778865578865579,1.0,-0.1115092216836043,-0.0072892380683827,0.1195245803238588,2.290779420443275,2.284780127319848,0.7990958536413083
Rpl18a,0.0021756021756021,0.054079254079254,0.3356643356643357,0.01665083792748,0.0644468455069842,0.100699636908554,3.65814506742617,3.825263508562335,0.29806472597170225
Tpm4,0.0769241046186093,0.2997853409038892,0.9513641829362992,-30.12971464928592,-1.7066337279854928,28.06389405075288,1.0424686758955,0.2969579212801262,0.6372118905311367
Smarca5,0.1116117682982922,0.5958830905651777,1.0,-29.524287388168837,-0.1572416632489695,29.63490980393841,0.67096947517441,0.6963045136006555,0.789236023768398
D8Ertd738e,0.1816653005134988,0.6012221988088494,1.0,-0.3919124797907283,-0.1375526079495824,0.1879166802490353,1.41275014808597,1.30457353972968,0.789236023768398
Junb,0.0003108003108003,0.0139860139860139,0.0721056721056721,-0.7853045363921776,-0.6342888414807526,-0.4854430280935595,2.54671866689308,1.63032506674682,0.200890019071836
Maf,0.0003108003108003,0.0205128205128205,0.1892773892773893,-0.8267625821343217,-0.6401609264240707,-0.4255069767155629,2.08594362943213,1.2871117240591523,0.2209790209790208
Cotl1,0.1751747348803573,0.5022642955663339,0.9536916548852497,-3.059476146573337,-0.8303243080580848,29.50444434116368,1.35888333750503,0.716904742310938,0.7883221062862327
Cox4i1,0.0205128205128205,0.3356643356643357,0.9550893550893552,0.011539266801144,0.0647595132332557,0.1427228299322368,2.08594362943213,2.194226226697974,0.6629370629370629
Map1lc3b,0.0721056721056721,0.3968919968919969,1.0,-0.3381468900009715,-0.1995496463345712,0.1438508318162041,1.74460943309666,1.5225203833286525,0.6993561580922176
Cyba,0.0168234994657818,0.2672744816446535,0.953011395422729,-0.0750196731945342,0.5654561019293809,30.36401801709505,0.88988867008413,1.2919322042214487,0.6049588557057867
Ankrd11,0.151981351981352,0.6943278943278944,1.0,-0.1782135593322514,-0.0349503362867128,0.129074233907579,1.58802651512561,1.573766783367739,0.789236023768398
Rpl13,0.0938616938616938,0.5358197358197359,1.0,-0.0175749293479937,0.0219450590256267,0.0717955284421031,4.12356330413621,4.187035002463075,0.7887532757097975
Tomm20,0.2318570318570318,0.6943278943278944,1.0,-0.1268718222194365,0.0202402493685298,0.1499036333821851,1.708108279852195,1.7425261323483974,0.789236023768398
Cwc15,0.1289960116674872,0.6012221988088494,1.0,-1.77498494430827,-0.1635622877022802,29.732901101176516,0.94752727035894,0.8238062755652982,0.789236023768398
Ubl5,0.0721056721056721,0.4634032634032634,0.9550893550893552,-0.2422207507428037,-0.0893482324981053,0.0655621407433318,2.01225704905588,1.8804210960005772,0.7471195471195471
Ets1,0.0537296037296037,0.3356643356643357,0.9550893550893552,-0.1374019405696678,-0.0581084172357111,0.0226770218703309,2.52275095668646,2.4043589785343427,0.6629370629370629
Hspa8,0.0721056721056721,0.2318570318570318,0.778865578865579,-0.368505685851464,-0.2340019551534819,-0.1153539413860637,2.34421354828827,1.98928572957936,0.5522624778906184
Thy1,0.0995927108704562,0.3096559030458566,0.7715426535572856,-30.326729904552916,-1.2609145964311783,-0.0671091362448634,1.29580270219512,0.53025805408937,0.6552540091238216
Rps25,0.3342968142968144,0.778865578865579,1.0,-0.0570269995256983,0.0138680124792354,0.0734140954527342,2.96855689163298,3.01176352769005,0.7990958536413083
Ddx6,0.2698063745898085,0.7715426535572856,1.0,-0.2424272241071818,0.0916983282008861,1.527820468985973,1.1793662861278436,1.2574619528311026,0.7990958536413083
Atp5l,0.0205128205128205,0.151981351981352,0.5358197358197359,0.0191987232073246,0.1640435010271694,0.2683576941340584,1.74499937916894,1.9698826479107936,0.4474482039699431
Cd3g,0.0721056721056721,0.4634032634032634,1.0,-0.091697297336892,0.0560597309248645,0.5572121756454075,1.9802003969865152,2.0506445734454166,0.7471195471195471
Cd3d,0.0003108003108003,0.0059052059052059,0.0938616938616938,0.1674159888717886,0.2899347028503384,0.6667833723779392,1.808518112359795,2.2090570007747723,0.16465103523927038
Cd3e,0.04009324009324,0.4634032634032634,1.0,-0.2830951262982597,-0.1050932575855958,0.1086721927962267,2.08594362943213,1.9353529656871824,0.7471195471195471
Cox5a,0.0518299272179096,0.4502910796846515,1.0,-0.2317962876443903,0.76953877353651,30.215355809898902,0.68882846420912,1.1885135015666974,0.7471195471195471
Rplp1,0.0721056721056721,0.280963480963481,0.8665112665112666,-0.0246229199393339,0.0821375537683053,0.1094646233345971,4.09346698428074,4.345434960914332,0.6049588557057867
Rpl4,0.0021756021756021,0.04009324009324,0.2318570318570318,0.0802373165483465,0.1682814307451471,0.2823735888704945,2.45235860004741,2.75718712712785,0.26766472963656
Ppib,0.054079254079254,0.280963480963481,0.9538477801698514,-0.0565573651415035,0.1504864192997427,0.7170109395683774,1.40233118590103,1.5589959179980013,0.6049588557057867
Rab8b,0.0421027181166023,0.3811326193376022,1.0,-0.6877753458615585,-0.3221545000000219,0.923374084803945,1.35888333750503,1.0853296425124157,0.6993561580922176
Rora,0.1892773892773893,0.778865578865579,1.0,-0.3638027297344174,-0.0346981861347773,0.2933510793518661,1.83468451394509,1.81977939269034,0.7990958536413083
Arpp19,0.3164717878479781,0.6843747548063993,1.0,-0.6330729122118639,0.7198326970770126,29.99947218314457,0.5966268978814,0.9526717607925694,0.789236023768398
Eef1a1,0.0059052059052059,0.151981351981352,0.8665112665112666,-0.0060320676437377,0.0316251632840795,0.0627396264716446,4.11723351148651,4.203388977523387,0.4474482039699431
Cox7a2,0.0205128205128205,0.20261353134705,0.8665112665112666,-0.4227544378569602,-0.2113872380917435,-0.0076582274391323,1.41340751654038,1.2110903874920824,0.5276857904313281
Bcl2a1b,0.1476485888064738,0.451509187944989,0.9550893550893552,-0.1400190541231235,0.0680471425886717,30.525055388213943,1.47459645912824,1.567236411906935,0.7471195471195471
Morf4l1,0.1205905205905206,0.5358197358197359,1.0,-0.0813082161142094,0.0475344296053954,0.172200173397605,1.71361678606073,1.7582124606669276,0.7887532757097975
Gnai2,0.0166710088037554,0.0904107062465967,0.4532954993473919,0.0072562326665297,0.2733668538002761,30.607577708971547,1.373292864300375,1.5838868348931725,0.3530987530987529
Rhoa,0.0003108003108003,0.0289044289044289,0.3968919968919969,-0.3434761276386447,-0.2408535834179163,-0.1441228509379751,1.63820746772119,1.388750054830675,0.23621895346033273
Shisa5,0.0006216006216006,0.0021756021756021,0.0205128205128205,0.3437958156083441,0.4769314835219045,0.6076195574984984,1.56548839794997,2.176527084748097,0.12890442890442444
Tma7,0.0938616938616938,0.5358197358197359,1.0,-0.2431251806406072,-0.0738913618323487,0.0291931235913286,1.734376207952995,1.6590435344727787,0.7887532757097975
Rpsa,0.0006216006216006,0.0093240093240093,0.054079254079254,0.0705556234650554,0.1173707543532621,0.1657788971453294,3.6897484873249,3.997993777346877,0.200890019071836
Rpl14,0.054079254079254,0.6125874125874127,1.0,-0.048935540425402,0.0099013812724159,0.0942763824714836,2.76303131715074,2.773545824792225,0.789236023768398
Tnfaip3,0.0006216006216006,0.04009324009324,0.2823310023310011,-0.666079171305373,-0.4325725644523006,-0.1710134686388559,1.68990562309762,1.2513967712754277,0.26766472963656
Ifngr1,0.0012432012432012,0.0205128205128205,0.1205905205905206,-0.7072127736263988,-0.5420439087416162,-0.3760687170120072,2.68361497100153,1.8572666216984623,0.2209790209790208
Rps12,0.0205128205128205,0.2318570318570318,0.779813953904269,-0.0093540136036884,0.0321409063169222,0.0808750055449646,3.73243336922286,3.8185457124016815,0.5522624778906184
Cd164,0.0995927108704562,0.6325851216960414,1.0,-29.034612059652734,0.0034279207335452,29.80421658022445,0.565196875064045,0.6797567204549988,0.789236023768398
Srgn,0.0205128205128205,0.1205905205905206,0.3968919968919969,-0.1994721641981759,-0.1412345225825599,-0.0553588428980648,3.40373646515924,3.081254614120895,0.3942062535165984
Mif,0.0166710088037554,0.1465605182649672,0.6843747548063993,0.1060718963774718,0.5513697764433966,30.48422871571008,0.94752727035894,1.409855162032295,0.4474482039699431
Gpx4,0.0316624349894849,0.1816653005134988,0.7703347136423385,-0.6476561967072538,-0.3289417684262286,0.0064138275489588,1.5663872141438,1.2504371022852223,0.49843045843045847
Atp5d,0.2318570318570318,0.6943278943278944,1.0,-0.2170351789069341,-0.0432510611043611,0.9421278492824194,1.41588345537646,1.360213973390445,0.789236023768398
Rps15,0.0933177933177933,0.3968919968919969,0.9550893550893552,-0.0339016945909854,0.0628619042136274,0.1443144458034245,2.965387935200075,3.1101505380686074,0.6993561580922176
Oaz1,0.2318570318570318,0.6943278943278944,1.0,-0.1047403430348866,-0.0548009414659618,0.1111997219317984,2.55285058777727,2.4455320648182357,0.789236023768398
Eef2,0.0938616938616938,0.6125874125874127,1.0,-0.1041816643349115,0.0011808886301967,0.0971136874256508,2.0604759969031603,2.0607746830684786,0.789236023768398
Tle5,0.054079254079254,0.3356643356643357,0.8686938834713707,-0.0265750500878813,0.1370320068882898,0.3156864689493284,1.455085545148175,1.5984909091591,0.6629370629370629
Hsp90b1,0.0235255986784301,0.2467376368078808,0.8616968286082338,-1.243230866582448,-0.4721218234029871,-0.1479173382521996,1.41649528794692,1.0118560135222987,0.5818589047111219
Slc25a3,0.0205128205128205,0.2318570318570318,0.8665112665112666,-0.3993003987273973,-0.2245497129352761,-0.0850943998357543,1.81107659147822,1.5627079840207574,0.5522624778906184
Snrpf,0.1351662724159878,0.7199178531944465,1.0,-29.97282006048285,0.0,29.96880489969323,0.587267274752005,0.6200390654185675,0.7990958536413083
Btg1,0.054079254079254,0.3968919968919969,0.9550893550893552,-0.0214610656889785,0.0869317662181166,0.2240513839168461,2.83824717567048,2.9847576557374547,0.6993561580922176
Atp2b1,0.0172688724201217,0.0277509926719708,0.0823051817327407,-0.9613581608664468,-0.7183998810778554,-0.4623668577082561,1.84621762228176,1.117057103093345,0.23621895346033273
Ppp1r12a,0.0729980454301154,0.640428787412791,1.0,-0.6375161751740847,0.7481680722320427,30.00337476531441,0.565196875064045,0.96817018821484,0.789236023768398
Nap1l1,0.0518299272179096,0.376759117811582,1.0,-0.0887297298580711,1.1578194131371515,30.25718307374421,0.549906865271355,1.20258504992143,0.6993561580922176
Rap1b,0.0059052059052059,0.0721056721056721,0.3356643356643357,-0.4189791587631659,-0.2381874530031259,-0.0720634964959964,1.71596562985852,1.4535814331315486,0.31568029708181317
Naca,0.0012432012432012,0.0093240093240093,0.0938616938616938,0.0838340956553382,0.2035009718918112,0.3181306215909301,2.31491749448671,2.672888321922855,0.200890019071836
Atp5b,0.3222273755829503,0.6851773174958848,1.0,-0.1644376615608982,0.0823900494371977,0.8082168015431133,1.17453454950401,1.2822412009663224,0.789236023768398
Myl6,0.1205905205905206,0.5358197358197359,1.0,-0.0404038245151808,0.055117011820306,0.196612133488996,2.31491749448671,2.387846607050922,0.7887532757097975
Rpl41,0.0398135198135198,0.3356643356643357,0.9550893550893552,-0.0061412251917714,0.0451790062095955,0.0712385555285281,3.666763166870165,3.79477983497152,0.6629370629370629
Rps26,0.0021756021756021,0.0205128205128205,0.151981351981352,0.0528582625474242,0.1141443201526395,0.1576297959082934,3.21983632440176,3.4999014793028254,0.2209790209790208
Ppia,0.0289044289044289,0.1892773892773893,0.5358197358197359,-0.1695941405551995,-0.1168766689015675,-0.0419555011260652,3.28121923685103,3.028816140676805,0.49843045843045847
Purb,0.0769241046186093,0.5022642955663339,1.0,-30.18526993586972,-0.4638264653335391,29.84332162670604,0.65236961302432,0.4469643630552374,0.7883221062862327
Ramp3,0.0355579056999209,0.1989589310924021,0.7651669686130661,-2.364939515925198,-1.034339904987831,-0.5169710851702768,1.71934145980446,0.8372462829853933,0.5210305709270641
Sec61g,0.0537296037296037,0.2318570318570318,0.778865578865579,-0.0299731905432892,0.1439453687371881,0.3359574047807443,1.5556096193734752,1.7207029330839676,0.5522624778906184
Peli1,0.0919207646368754,0.4174708539811019,1.0,-0.4019358162513243,-0.1905296999632883,0.124279509774285,1.474429387152115,1.28472316179395,0.7301888737529236
Rps27a,0.0021756021756021,0.0205128205128205,0.0938616938616938,0.0261505770812401,0.0638123236038449,0.1103980250569687,3.8367611303352698,4.018270683030378,0.2209790209790208
Npm1,0.0205128205128205,0.1205905205905206,0.4634032634032634,-0.1588903726922368,-0.0804356578336087,-0.0243828916261673,2.50582445885049,2.374229980987252,0.3942062535165984
Clint1,0.0823051817327407,0.52296164404117,1.0,-0.5099275282999081,-0.1783594540929709,0.7477887345387553,1.293912207482955,1.16359902823756,0.7887532757097975
Itk,0.1989589310924021,0.6843747548063993,1.0,-0.6830268031515624,-0.1574047321940336,0.1761186232518972,1.25030614492977,1.0957072425725354,0.789236023768398
Rack1,0.0139860139860139,0.0938616938616938,0.3356643356643357,0.0485302134628779,0.118112373156196,0.1572680951098149,3.05602342705873,3.317001008108745,0.3530987530987529
Hnrnpab,0.1272980462544935,0.4727139227350589,0.9523456446736592,-29.805073815618652,-0.5809444340816199,29.51462665568685,0.711224911979902,0.4864106647264583,0.7553508639399416
Ube2b,0.151981351981352,0.6125874125874127,1.0,-0.3044009173297657,-0.0047278120274448,0.2291054411385631,1.58369730864913,1.6157381826269126,0.789236023768398
Ppp2ca,0.0064882642630802,0.0938616938616938,0.5232830963356339,-0.807918756712121,-0.3205980741972377,-0.1181491338635217,1.27572901997831,1.0362931743570512,0.3530987530987529
Hint1,0.0126752300215709,0.2238991155035703,0.9538477801698514,-0.1158824797139607,0.2014173744962733,1.1030423573169637,1.24920297897551,1.4372362227518862,0.5522624778906184
Arf1,0.0617066900283126,0.3811326193376022,0.9536916548852497,-2.0153545564668875,-0.3368891870992361,0.4273310544839083,1.29580270219512,1.0340065276709256,0.6993561580922176
Ncor1,0.1048818005561559,0.6022000059254968,1.0,-0.4489894365086216,-0.1937534980669077,0.4400513028459978,1.45767944698385,1.2560572116757176,0.789236023768398
Ubb,0.0286946386946387,0.2318570318570318,0.778865578865579,-0.1586922398249725,-0.0698078178056197,0.0136172732146329,3.066596156807135,2.921737409983306,0.5522624778906184
2410006H16Rik,0.4174708539811019,0.8168005804132161,1.0,-0.164476476016655,0.0418420566682163,0.2373714249581212,1.47459645912824,1.5102444461248674,0.8255084757267899
Rpl26,0.0037296037296037,0.0289044289044289,0.1205905205905206,0.0364306347263918,0.087832002991298,0.1563250604879006,3.44298181977368,3.670086286766537,0.23621895346033273
Eif4a1,0.1891164970882645,0.5624846616632901,1.0,-0.3439769063567715,-0.1986296120527386,-0.0218719056644495,1.53793562934172,1.330498677517013,0.789236023768398
Eif5a,0.0031399928189788,0.0702942294187667,0.4502910796846515,0.1814861741758654,0.712988046297201,30.58585227648465,0.96801634227629,1.5776086453358775,0.31568029708181317
Pfn1,0.0021756021756021,0.0721056721056721,0.3356643356643357,0.0604530101443724,0.1728682428373381,0.2431093094449039,2.3034855883273,2.6070414650360023,0.31568029708181317
Pafah1b1,0.054079254079254,0.3541094107998596,0.9536916548852497,-0.4036831512265931,-0.2607068892792203,0.1671839872706648,1.41588345537646,1.17045226832155,0.6879010685210386
Ywhae,0.0769241046186093,0.47328946538009,1.0,-29.96928702703707,-0.5205233815157859,29.637290909361276,0.91272783347472,0.5874139248929137,0.7553508639399416
Rpl23a,0.0058508158508158,0.0938616938616938,0.6125874125874127,0.0333183404502431,0.0891322987198816,0.1613402648370522,2.79154064765565,2.9576612369473576,0.3530987530987529
Supt4a,0.0205128205128205,0.0721056721056721,0.3968919968919969,0.1211262021061954,0.3591162543772789,1.1443411177860223,1.30219950096246,1.6167260741298377,0.31568029708181317
Nme2,0.280963480963481,0.778865578865579,1.0,-0.2232450168560457,0.03141807600553,0.2510393658972299,1.80862327528006,1.8786025871421896,0.7990958536413083
Atp5g1,0.0292392382560989,0.2820588757615588,0.9536916548852497,0.02046711741102,0.8893553380047984,30.25876800042345,0.67096947517441,1.1913191039346387,0.6049588557057867
Skap1,0.0063457053762778,0.042658103683907,0.2238991155035703,0.1590235626578295,0.5124878029798301,30.557379264017115,1.09238462841862,1.5605198187577825,0.27698549515304
Rpl23,0.0093240093240093,0.0721056721056721,0.2330846930846919,0.0328849683528403,0.0555457329101347,0.0740936390807015,4.09970730900184,4.2577678054906425,0.31568029708181317
Rpl19,0.0059052059052059,0.054079254079254,0.2318570318570318,0.0720748906254705,0.0931652622187521,0.1165235793555222,3.80193198510024,4.061759166428805,0.29806472597170225
Eif1,0.0003108003108003,0.0006216006216006,0.0037296037296037,-0.2986953121159917,-0.236397004165777,-0.1894246106267798,3.589575866539625,3.032131015901013,0.0736596736596711
Rpl27,0.0021756021756021,0.054079254079254,0.4652136752136735,0.0096785571674068,0.0549354775558789,0.1076137185758666,3.417270571111895,3.5487010575388824,0.29806472597170225
Ddx5,0.3356643356643357,0.778865578865579,1.0,-0.0982190127232792,-0.020137084283576,0.0595146897128691,2.77352672062016,2.75033866371832,0.7990958536413083
Gna13,0.0059052059052059,0.054079254079254,0.2318570318570318,-0.652691145851028,-0.3971628466306767,-0.185927228309484,1.88542018273827,1.4341972638021976,0.29806472597170225
Prkar1a,0.0063457053762778,0.0718263311415725,0.384993546056126,-0.6213626232003047,-0.3361992881813368,-0.0374905565938648,1.56041831239381,1.2447527414305073,0.31568029708181317
Rpl38,0.151981351981352,0.3356643356643357,0.6125874125874127,0.0167244587133523,0.0733283198328511,0.1270627236073628,3.35612435241308,3.5400383420026422,0.6629370629370629
Atp5h,0.1892773892773893,0.6943278943278944,1.0,-0.0917317503954635,0.0305327342986807,0.1380174291926894,1.85033183679195,1.90275659747664,0.789236023768398
Sumo2,0.1892773892773893,0.6943278943278944,1.0,-0.1379709871980921,-0.0288196765242327,0.1236489471237272,1.69097711722387,1.6534495977679549,0.789236023768398
H3f3b,0.0139860139860139,0.054079254079254,0.151981351981352,-0.3423606897391444,-0.2714499921152264,-0.1787666194532705,3.48993661656595,2.8802730057021,0.29806472597170225
Ubald2,0.280963480963481,0.778865578865579,1.0,-0.242111168898468,-0.0831432008260857,0.0995414258110648,1.6791123641967398,1.551047082274005,0.7990958536413083
Actg1,0.0037296037296037,0.0205128205128205,0.054079254079254,-0.3967444634863328,-0.3162902698999909,-0.227971000004088,3.16271496938217,2.53200556974603,0.2209790209790208
Sf3b6,0.1116117682982922,0.4436570559117131,1.0,-2.1925923768540634,-0.6267491025270613,29.40547441025175,1.183894172633405,0.6887485483911004,0.7471195471195471
Rps7,0.0093240093240093,0.0721056721056721,0.3968919968919969,0.0171718098589274,0.0609597412225574,0.1055953250992391,3.76366140576759,3.93859451020371,0.31568029708181317
Ifrd1,0.1048117795705641,0.3837143535858314,0.953011395422729,-2.7283117728994286,-0.7910801303055288,0.5375680742907692,1.28265535242243,0.7318353664620915,0.6993561580922176
Rps29,0.0205128205128205,0.1205905205905206,0.3968919968919969,0.0490546884929414,0.0850996853106942,0.117494192917752,4.12142294885792,4.375212489971855,0.3942062535165984
Rpl36al,0.0139860139860139,0.2318570318570318,0.778865578865579,0.0177187157532776,0.0906320287172885,0.2098691126410916,2.266722784107335,2.400954474940235,0.5522624778906184
Psma3,0.092979200134402,0.6012221988088494,1.0,-0.2267851036578191,0.6605311283537411,30.203563182164643,0.77214009355077,1.1733585794295411,0.789236023768398
Hif1a,0.0003108003108003,0.0003108003108003,0.0021756021756021,0.5149608369630773,0.6615334095369019,0.8114315456832911,1.6848679270254898,2.6523826105214723,0.0736596736596711
Zfp36l1,0.1816653005134988,0.52296164404117,1.0,-0.2992909599047622,0.3255357164468102,0.5823674851312263,1.29580270219512,1.6426531324739977,0.7887532757097975
Srsf5,0.3958224322396935,0.8168005804132161,1.0,-0.289077402812206,-0.108802014650348,0.2351090262394214,1.38704483019826,1.2654447596558824,0.8255084757267899
Rbm25,0.1178837571664433,0.3235367862420667,0.7715575752682002,0.1056296553458811,0.4462344275995163,1.494385342582152,1.05793131466657,1.4531007093262835,0.6629370629370629
Npc2,0.1828122916824256,0.6417804962082166,1.0,-0.2707800539581443,-0.0809462001486444,0.36681973656662,1.4132898654619,1.3004747134891987,0.789236023768398
Calm1,0.0037296037296037,0.0139860139860139,0.0721056721056721,-0.4623394210738468,-0.3247232043507781,-0.2139473128568323,2.62411754622166,2.1094371780583225,0.200890019071836
Ndufb1-ps,0.0307467786153291,0.1476485888064738,0.6843747548063993,-0.1066582298655883,1.399679227534945,30.49047647981914,0.4859280714481915,1.3168545031819523,0.4474482039699431
Hsp90aa1,0.0059052059052059,0.0721056721056721,0.3968919968919969,-0.371437173462779,-0.225786644109816,-0.0354322528166457,1.7661230041085498,1.51256010508008,0.31568029708181317
Eif5,0.0289044289044289,0.271160359877409,0.9538159449155053,-0.0999720138614663,0.4451522053763442,1.6499167025348338,1.0511249465122363,1.4846280313413265,0.6049588557057867
Atp5mpl,0.0064882642630802,0.1168971876059197,0.5602194004840796,0.1462779556666542,0.7276489840707923,30.29786890436108,0.77214009355077,1.3104920659739876,0.3942062535165984
Gpr132,0.1751747348803573,0.6827510662271137,1.0,-1.0672288381151174,0.2367630523971136,29.88273764027972,0.711224911979902,0.8945992590389656,0.789236023768398
Crip1,0.0011915043302341,0.0019712280300303,0.01419574388266,-31.52660756891774,-3.014953703767779,-1.5076264629681917,2.97974812890934,0.3737827257361225,0.12890442890442444
Igha,0.04009324009324,0.151981351981352,0.4634032634032634,-0.4317442275124183,-0.2575634753913893,-0.0933180157781961,1.73320245376152,1.4648953434382337,0.4474482039699431
Klf6,0.0112833336286544,0.0874803339251971,0.4436570559117131,-30.22391935517012,-2.5609857548626818,-0.376737466375624,1.15059116719208,0.1781233320709525,0.3530987530987529
Dek,0.1332470203401324,0.47328946538009,1.0,-30.100000160636,-0.9210784932804325,29.34943056752873,0.906210599086756,0.3004520440679486,0.7553508639399416
Hnrnpk,0.0012432012432012,0.04009324009324,0.3968919968919969,0.1286497512365679,0.3326709707628506,1.2932139803865794,1.17453454950401,1.4802433146197238,0.26766472963656
Cox7c,0.0012432012432012,0.054079254079254,0.4634032634032634,-0.2459872283106444,-0.1803900922074241,-0.0931296158405581,2.07455142673325,1.8139242705204524,0.29806472597170225
Rps23,0.0093240093240093,0.151981351981352,0.6125874125874127,0.0063718959522042,0.0377004958027685,0.0699651123413585,3.99217586982427,4.100400420683062,0.4474482039699431
Nsa2,0.04009324009324,0.280963480963481,0.9550893550893552,-0.0217405900316461,0.1454862106748506,0.2450658095616461,1.7101839666537648,1.9148396632885565,0.6049588557057867
Btf3,0.0721056721056721,0.4634032634032634,0.9550893550893552,-0.1368131763183233,-0.0545799417458206,0.0353070249792209,2.22795978918288,2.1368128478743538,0.7471195471195471
Gpbp1,0.0617066900283126,0.4457438981756782,1.0,-0.0301080904775882,0.2745846076045506,30.157936687402053,1.03938775839069,1.25239511356837,0.7471195471195471
Emb,0.054079254079254,0.2318570318570318,0.6125874125874127,-0.4735868170501427,-0.2646961454335333,-0.0407688110911142,2.63692424278744,2.1595119254062025,0.5522624778906184
Rpl15,0.0093240093240093,0.0721056721056721,0.280963480963481,0.0316829917432558,0.0634988553308336,0.1336460384863304,3.08742236747671,3.21303668021328,0.31568029708181317
Rps24,0.0003108003108003,0.0059052059052059,0.054079254079254,0.0249298198090531,0.0663534013574949,0.1059741704182386,4.43258379343506,4.652726486446042,0.16465103523927038
Arf4,0.1165267819440838,0.6012221988088494,1.0,-0.2369894420408981,0.0952285422559965,1.243150257505377,1.16065427211032,1.2133452900016874,0.789236023768398
Selenok,0.0289044289044289,0.1892773892773893,0.8665112665112666,-0.3443696574444048,-0.2072780204090631,-0.0172692021579736,1.75087467195305,1.4864325951461177,0.49843045843045847
Hnrnpc,0.1611249492890518,0.6827510662271137,1.0,-1.4334074977021447,-0.2489387088947522,0.8876619721523485,1.02473330981504,0.8371552158385117,0.789236023768398
Trac,0.0003108003108003,0.0059052059052059,0.0938616938616938,0.1928340441321475,0.3113365588291099,0.5721986477134552,1.60656411784832,1.99839636869,0.16465103523927038
Dad1,0.04009324009324,0.384993546056126,0.9536916548852497,-0.4826150975141026,-0.3239624230703097,0.3976333529483199,1.52458668064213,1.209594574355349,0.6993561580922176
Psme1,0.0014034822813198,0.0239017976171966,0.2429082609043239,0.2181380938272813,1.0345129015382004,30.451794898920262,0.68882846420912,1.4306308593011,0.23621895346033273
Nedd8,0.3385937675356956,0.768278203545834,1.0,-0.9793963046929076,0.7019415180631006,30.040573912114755,0.65236961302432,0.864008719688069,0.7990958536413083
Itm2b,0.3968919968919969,0.6943278943278944,1.0,-0.2263094146138434,-0.1265567764264254,-0.0003226602113046,2.33615808377128,2.13593397518098,0.789236023768398
Lcp1,0.0014034822813198,0.0127611587574058,0.1465605182649672,0.262651705757056,1.3202133855452352,30.50591201438058,0.565196875064045,1.415807476303995,0.200890019071836
Tpt1,0.0716550116550116,0.4634032634032634,0.9550893550893552,-0.0075560053949929,0.009800268436782,0.0407735751172778,4.780229615816189,4.810095784057455,0.7471195471195471
Elf1,0.2698063745898085,0.8153345943552276,1.0,-0.4594730975294369,-0.2027461322391076,0.1309520495503796,1.38121593347645,1.1855098879675474,0.8255084757267899
Rpl37,0.0037296037296037,0.0289044289044289,0.0938616938616938,0.0588469823545011,0.1115152726632943,0.1478033471152345,3.45354454230624,3.730322952002677,0.23621895346033273
Fyb,0.0205128205128205,0.054079254079254,0.151981351981352,0.2136949727062365,0.3775751819502092,0.679065733313183,1.70648040061915,2.2180611625603874,0.29806472597170225
Sub1,0.0036907536907536,0.0289044289044289,0.2318570318570318,-0.3176697597108948,-0.2133936812942026,-0.1145023391458,2.56587293175947,2.224046868083645,0.23621895346033273
Rpl30,0.0139860139860139,0.1892773892773893,0.8665112665112666,-0.0126859628532582,0.056481051686185,0.0957601605883522,3.79075989535715,3.954465813342668,0.49843045843045847
Cox6c,0.0537296037296037,0.4634032634032634,1.0,-0.2514718884588404,-0.1152701536132194,0.0270245553605089,1.97992464839771,1.8273294221165424,0.7471195471195471
Pabpc1,0.3356643356643357,0.6125874125874127,1.0,-0.1159768246149283,-0.044947400513604,0.0199435825865687,2.40237825194002,2.3183851650479275,0.789236023768398
Ywhaz,0.0205128205128205,0.1048818005561559,0.3968919968919969,-0.4986976169354405,-0.3466799713946301,-0.2111196283817876,1.86025510383366,1.4698018972882725,0.3914486099497472
Eif3e,0.0014407162144524,0.0721056721056721,0.3356643356643357,0.1001673431496478,0.2115931032224045,0.4100680154248973,1.5139930195507,1.714732810576125,0.31568029708181317
Eif3h,0.0021756021756021,0.0139860139860139,0.0721056721056721,0.2665102182575857,0.5188187493220526,1.7481249639743153,1.28265535242243,1.84877171946369,0.200890019071836
Sla,0.1272980462544935,0.6325851216960414,1.0,-0.5395705968877099,0.4750923283191283,30.06658871287488,0.67096947517441,0.9840359134083438,0.789236023768398
Ly6e,0.151981351981352,0.6125874125874127,1.0,0.0206023643243102,0.2366852083795587,0.4240579196067406,1.53793562934172,1.8387079044334576,0.789236023768398
Eef1d,0.1989589310924021,0.5207033237981002,1.0,-0.70733571848323,-0.179635518469639,0.0133284053035205,1.300881024484465,1.1828767280483088,0.7887532757097975
Rpl8,0.151981351981352,0.6125874125874127,1.0,-0.0246342744907609,0.0195030285297011,0.071083951379331,3.42180860767509,3.4703476870410137,0.789236023768398
Myh9,0.0089073610130421,0.1476485888064738,0.8620647160700694,-0.020562126015724,0.4489966349100684,30.358669229536652,1.01285942472842,1.3567682053476149,0.4474482039699431
Rac2,0.0012432012432012,0.0289044289044289,0.280963480963481,0.1599690239880273,0.3006184851696915,0.4330984063440747,1.63222164817016,1.99604153422486,0.23621895346033273
Lgals1,0.0029036471090051,0.0112833336286544,0.0471253041839123,-30.958053025652735,-2.769794319353303,-0.9374689215134218,2.08594362943213,0.2881470724674775,0.200890019071836
Rpl3,0.0092385392385392,0.0721056721056721,0.3968919968919969,0.0049823914235571,0.0819898637037145,0.1419959958610862,2.91808397173706,3.08560140926195,0.31568029708181317
Rbx1,0.0307090901063483,0.4870641534695065,1.0,-2.0332636745105623,-0.198007121929566,29.947015301047266,1.0511249465122363,0.9452472391485754,0.7695613624818202
Snu13,0.0822435201805685,0.5958830905651777,1.0,-1.5396479591498573,-0.1721332696151262,29.947944429561417,1.06227895652839,0.9310055421004328,0.789236023768398
Tspo,0.0718263311415725,0.384993546056126,0.8665112665112666,0.0461726971128294,0.2595840852328079,30.39575037796904,1.24899651090572,1.46664428558114,0.6993561580922176
Pfdn5,0.0938616938616938,0.6125874125874127,1.0,-0.0904217697422991,0.0298742445848648,0.1321990683456408,2.09152228469769,2.122558409622337,0.789236023768398
Prr13,0.0921673180446737,0.5207033237981002,1.0,-1.2913467062419188,-0.3096025157280111,0.5669669574247592,1.1752305274748,0.9369763176388072,0.7887532757097975
Pcbp2,0.0055874013148483,0.1168971876059197,0.8620647160700694,-0.0219893765718457,0.7035704664346256,30.351985436889127,0.732382432476165,1.301720344014165,0.3942062535165984
Atp5g2,0.0093240093240093,0.0725931484850583,0.5240789974851849,-0.0051103284445271,0.2678721821829564,0.5227837755847135,1.474429387152115,1.7759166917326623,0.31568029708181317
Hnrnpa1,0.1891164970882645,0.7282210233302229,1.0,-0.1679088739533309,0.0166262477856633,0.2047705357124733,1.50561536443169,1.5189294159459914,0.7990958536413083
Tra2b,0.1793008982115698,0.4835220598680489,0.9536916548852497,-0.1818668726400741,1.1204139799004147,30.237890334171645,0.549906865271355,1.1955277922848948,0.769092135494816
Pak2,0.0617066900283126,0.5958830905651777,1.0,-0.1967004308711416,0.9789253201562698,30.099473284161355,0.549906865271355,1.1025638415655787,0.789236023768398
Rpl35a,0.0003108003108003,0.0059052059052059,0.0289044289044289,0.0542153963494082,0.0854585266138076,0.1282775018891701,3.6655724511289,3.87426543864059,0.16465103523927038
Cox17,0.376759117811582,0.8110701293339075,1.0,-0.8863145625299632,0.2276270678982991,29.233336187940274,0.67096947517441,0.8623583450104263,0.8255084757267899
Cd47,0.3356643356643357,0.778865578865579,1.0,-0.2617817808122608,-0.0628960276009049,0.1099976644819573,1.38704483019826,1.3350171582224375,0.7990958536413083
Rpl24,0.0037296037296037,0.0938616938616938,0.4634032634032634,0.0212530852747843,0.0695779994140391,0.12853810706768,3.2842004048085647,3.456812558770155,0.3530987530987529
Nrip1,0.0215562667600163,0.1611249492890518,0.6799884022342944,-30.32896445628386,-0.668012194441921,-0.1495206320229342,1.40233118590103,0.8703661024627223,0.47143966643833674
Atp5j,0.1611249492890518,0.5593049468922574,1.0,-0.2270583604289308,0.1012072959881864,0.7565732691195562,1.21815743931789,1.3015752642429976,0.789236023768398
Son,0.0938616938616938,0.4634032634032634,1.0,-0.1050297400912837,0.0604392111300823,0.2263785051789417,1.80521862260206,1.9013897470020025,0.7471195471195471
Ezr,0.0938616938616938,0.3248386127491286,0.9536916548852497,-0.8890451375359383,-0.486928252508726,-0.0701502928111577,1.474429387152115,1.0225625953417952,0.6629370629370629
Psmb1,0.0093240093240093,0.1892773892773893,0.8665112665112666,-0.0250844301749577,0.1394169090942011,1.1071331101221822,1.292726848036,1.4100443555322988,0.49843045843045847
Srrm2,0.0139860139860139,0.0938616938616938,0.3968919968919969,0.0893125942886948,0.2136109801557244,0.5488242828323489,1.5771956464182049,1.7741051260642438,0.3530987530987529
Elob,0.1892773892773893,0.6125874125874127,1.0,-0.106298403516626,0.0181890223776551,0.1502031110046777,1.62661684555831,1.6346406686584125,0.789236023768398
Rps2,0.4634032634032634,0.8665112665112666,1.0,-0.135400072741756,-0.0379812444143988,0.0980094856556975,2.6869036053915,2.6229331552838997,0.8665112665112666
Ube2i,0.0195174811821777,0.2429082609043239,0.9070384808036948,0.0112187234035056,0.84091421594417,30.15949372615573,0.594236091753515,1.0716011751882912,0.5756925783432476
Atp6v0e,0.0899652673025583,0.3302514742067322,0.9538159449155053,-0.0993642193311163,1.0035849172411206,30.198050846548817,0.581912496707765,1.1512921002723926,0.6629370629370629
Rps10,0.0037296037296037,0.04009324009324,0.1903418803418794,0.0470629478777887,0.0882136779890917,0.1456102851861775,3.73971757168379,4.009719073776218,0.26766472963656
Rpl10a,0.0139860139860139,0.0938616938616938,0.3356643356643357,0.0235053688712586,0.0961511788258054,0.2000355290247922,2.992466154095255,3.1794439029965424,0.3530987530987529
Srsf3,0.0721056721056721,0.4634032634032634,0.9550893550893552,-0.3334426815435579,-0.1626989205679027,-0.0172897498212051,1.4678774264609,1.3326041844454763,0.7471195471195471
Pim1,0.054079254079254,0.5358197358197359,1.0,-0.289244241639027,-0.0949579254131655,0.1108852151852834,1.642266699283445,1.5325554698029,0.7887532757097975
Rps28,0.0093240093240093,0.054079254079254,0.1892773892773893,0.0837697056540963,0.1343832275531934,0.1800498016012824,3.56464329190241,3.910911460270853,0.29806472597170225
Rps18,0.0289044289044289,0.1892773892773893,0.6125874125874127,0.0100330644642444,0.0543712608495517,0.1003158373493987,3.65814506742617,3.8033339550578624,0.49843045843045847
H2-K1,0.3953613053613055,0.778865578865579,1.0,-0.0846011526253169,-0.008632276069833,0.0663442931085488,3.28698781615116,3.2744193548747624,0.7990958536413083
Psmb8,0.0175710667676868,0.1178837571664433,0.6024596910920444,-0.0091801667641324,0.2278513269353182,0.7131869589878853,1.355771849589285,1.5886660596758149,0.3942062535165984
Clic1,0.3968919968919969,0.8168005804132161,1.0,-0.174036881802449,0.0168439442858408,0.19322826110397,1.47208993532583,1.4961214731376988,0.8255084757267899
H2-D1,0.0938616938616938,0.280963480963481,0.6943278943278944,-0.1609288182562886,-0.120540198849884,-0.0633106059688054,3.217407601807645,2.963328529105243,0.6049588557057867
H2-Q7,0.1892773892773893,0.6943278943278944,1.0,-0.0914075830451579,-0.0049081907322943,0.1016755953254049,2.41744061792631,2.40651928315791,0.789236023768398
Gm42418,0.04009324009324,0.1205905205905206,0.3968919968919969,-0.1718344645266243,-0.1194593634102144,-0.0225647870560145,3.593325162157775,3.2783375560045025,0.3942062535165984
AY036118,0.280963480963481,0.6943278943278944,1.0,-0.1575347137558175,-0.0436629005770722,0.1039976069477812,2.0425062935901,1.970716603309543,0.789236023768398
Hsp90ab1,0.3356643356643357,0.778865578865579,1.0,-0.0721071097565674,-0.0097308229043677,0.0669083100374828,2.60346163589262,2.5698577212279003,0.7990958536413083
Satb1,0.0011915043302341,0.0019712280300303,0.0045417242076844,1.037937229051785,2.1036519765552777,31.037321253891506,0.4859280714481915,2.0560673934262272,0.12890442890442444
Rpl36,0.0205128205128205,0.280963480963481,0.778865578865579,-0.0242166947630857,0.038397338040564,0.1171095438687912,3.3331692955853,3.426902269427515,0.6049588557057867
Myl12b,0.1511965811965812,0.4634032634032634,0.8687257187257168,0.0335926207998932,0.1369267591476586,0.2468531874172386,1.79301056409911,1.955545831108235,0.7471195471195471
Myl12a,0.3222273755829503,0.6851773174958848,1.0,-0.1738625408602503,-0.0285602796605203,0.1117952632425695,1.41340751654038,1.3769359025908976,0.789236023768398
Smchd1,0.1753258176208659,0.6799884022342944,1.0,-1.7575196989761586,0.4641853911170728,29.999344348667023,0.552426076271136,0.8112884647338021,0.789236023768398
Srsf7,0.0037296037296037,0.054079254079254,0.3968919968919969,-0.6440848132888726,-0.4546865265165212,-0.2495268936808098,1.67952384541575,1.2343431025701512,0.29806472597170225
Cox7a2l,0.0124380535535721,0.1465605182649672,0.6851773174958848,-0.0124511026721258,0.1657560728282824,0.4469945580504777,1.41588345537646,1.5790513217711524,0.4474482039699431
Zfp36l2,0.1476485888064738,0.6847760361511421,1.0,-0.2110805787016252,0.3235951439745865,30.14923905076372,0.96801634227629,1.1492277140841325,0.789236023768398
Calm2,0.0059052059052059,0.1205905205905206,0.6125874125874127,-0.642057723222951,-0.3533947790447274,-0.0956570787026851,1.76794261185921,1.4049328813303277,0.3942062535165984
Zeb1,0.1753258176208659,0.6012221988088494,1.0,-0.5209644905833986,-0.2157725137983407,30.00704753979128,1.16701501555251,1.046725689663325,0.789236023768398
Rock1,0.0172688724201217,0.1828417017123981,0.8620647160700694,-0.6137889183070676,-0.208716092610697,0.0773284157656078,1.4068873810833749,1.2042705903715087,0.49843045843045847
Reep5,0.2159249389401403,0.6694111706224701,1.0,-29.074178250780367,-0.0631028870804312,29.563804523554765,0.565196875064045,0.5360562442294484,0.789236023768398
Paip2,0.2022801277953085,0.6943278943278944,1.0,-0.3072834171550697,-0.1548849114492682,0.1075096734074857,1.4548915679823224,1.2961305360554576,0.789236023768398
Ndfip1,0.0205128205128205,0.1892773892773893,0.6125874125874127,-0.4382840986980269,-0.3217717493485824,-0.1158906412043937,2.08594362943213,1.66640318241698,0.49843045843045847
Rps14,0.0059052059052059,0.0938616938616938,0.6125874125874127,0.0117940835101648,0.058243946327346,0.0813128504907848,3.85381283188007,4.019199495165952,0.3530987530987529
Csnk1a1,0.3248386127491286,0.8665112665112666,1.0,-0.1196254583444308,0.063234444824285,0.4390564639327339,1.31680872376725,1.3663236106906729,0.8665112665112666
Malt1,0.2429082609043239,0.768278203545834,1.0,-1.0768776036283134,0.1208194147377911,30.137350157661498,0.88988867008413,1.000957950331213,0.7990958536413083
Sec11c,0.1149197468315532,0.4502910796846515,0.9549705462926164,-0.3148382402297304,1.033296394118804,30.309969437810757,0.587267274752005,1.1552624559931424,0.7471195471195471
Rpl17,0.0006216006216006,0.0139860139860139,0.0721056721056721,0.0686160705559109,0.1110888772632589,0.1407270024821392,3.70890061629071,4.004311530431095,0.200890019071836
Atp5a1,0.0316569674783951,0.5168677495508638,1.0,-0.5681556650727453,0.8937101469592104,30.06229430077657,0.4517254079075985,1.0342816385465543,0.7887532757097975
Cdk2ap2,0.1048818005561559,0.5958830905651777,1.0,-0.4734246067772978,-0.1304685499326167,0.7162380346350823,1.2715289943911865,1.15525637718416,0.789236023768398
Cfl1,0.0721056721056721,0.4634032634032634,1.0,-0.1574568473873818,-0.0337965066038079,0.0963241371241876,2.12797186778417,2.0853020383846976,0.7471195471195471
Malat1,0.0059052059052059,0.04009324009324,0.2318570318570318,-0.110173431626953,-0.0683135524889717,-0.0310437839881619,5.67083953796515,5.41315444875154,0.26766472963656
Fau,0.0205128205128205,0.0938616938616938,0.4634032634032634,0.0144049879586042,0.0356154453081382,0.0562576569481856,4.31913993810035,4.42460384111744,0.3530987530987529
Cox8a,0.0139860139860139,0.151981351981352,0.6125874125874127,0.0013090774448936,0.1024573540500673,0.2140408739348456,2.03427764608949,2.1706709411915925,0.4474482039699431
Slc3a2,0.0518266779108696,0.376759117811582,1.0,-30.106802005505106,-1.1599953167745642,29.51911800865966,0.906210599086756,0.3244206973881757,0.6993561580922176
Eef1g,0.071702466570509,0.6125874125874127,1.0,-0.1629819547214592,0.0535807006339165,0.216012602405859,1.35079779800704,1.41339780422759,0.789236023768398
Fth1,0.0139860139860139,0.1892773892773893,0.6125874125874127,-0.1271361602284377,-0.0791620107964542,-0.0139071797112716,3.5536521415063,3.363487799044839,0.49843045843045847
AW112010,0.0721056721056721,0.3968919968919969,0.9550893550893552,-0.0467759930403281,0.0834403618336939,0.2240607657559091,2.12358521243687,2.229827401752325,0.6993561580922176
Ms4a4b,0.3356643356643357,0.8620647160700694,1.0,-0.4402137811028678,-0.11962778955566,0.1040044333753683,1.52010483234034,1.43392169131249,0.8657175326635866
Ostf1,0.3968919968919969,0.778865578865579,1.0,-0.5385360336859809,-0.3152163460154631,-0.073952027068607,1.8492029334185,1.497410624316576,0.7990958536413083
Atp5md,0.1816653005134988,0.5240789974851849,0.9562121212121204,-0.1313592187138527,0.122300658284746,30.324766844802923,1.20967283031442,1.3053779229661324,0.7887532757097975
Sfr1,0.1269058893055885,0.5958830905651777,1.0,-29.439442623252905,-0.359126174071001,29.83139025542788,0.743780692265355,0.684091529781227,0.789236023768398
Pdcd4,0.1793008982115698,0.6022000059254968,1.0,-0.1728148423125466,0.7981708789298954,30.149828965319134,0.68882846420912,1.22177820710364,0.789236023768398
Eif3a,0.376759117811582,0.7715426535572856,1.0,-0.4272204773394455,-0.0404588870092521,30.241619302266027,1.33200247558617,1.2788309488039038,0.7990958536413083
Rbm3,0.0093240093240093,0.1205905205905206,0.5358197358197359,0.0389403857230725,0.2199029733076277,0.3237985685147135,1.791191607707735,2.1196794125308926,0.3942062535165984
Slc25a5,0.0030599755224886,0.0471253041839123,0.3837463333975887,0.0506609112076301,0.3490937134581696,30.262051997804843,1.03938775839069,1.2885487399911848,0.29806472597170225
Rpl39,0.1205905205905206,0.4634032634032634,0.9550893550893552,-0.0305196716302396,0.0131385331851432,0.0557330336609858,3.96321459097807,3.989989749628395,0.7471195471195471
Ndufa1,0.0920501434416868,0.5992448359443866,1.0,-1.2393759186249944,-0.1291814521386559,29.882143013981494,1.0424686758955,0.9431507415206156,0.789236023768398
Ssr4,0.0930450589520381,0.3235367862420667,0.8577144806607083,-0.004240933147911,0.4945703248794331,30.310697255263605,0.91272783347472,1.2410691369938749,0.6629370629370629
Rpl10,0.0205128205128205,0.0938616938616938,0.3356643356643357,0.0292720358493123,0.0843144916907011,0.2079338868683587,2.9745441009047653,3.1484883431940625,0.3530987530987529
Msn,0.0553192420704978,0.5240789974851849,1.0,-0.092222753788494,0.0684712738741912,0.8413969821916576,1.45767944698385,1.5117655175924538,0.7887532757097975
Il2rg,0.0227796928098559,0.1168971876059197,0.6009028514349617,0.0547691260398262,1.0852713020609253,30.342325198956992,0.549906865271355,1.2835730153678626,0.3942062535165984
Rps4x,0.0289044289044289,0.2318570318570318,0.8665112665112666,-0.0015273009356021,0.0330918259228005,0.082555291187201,3.77620295658884,3.86748114600876,0.5522624778906184
Xist,0.1205905205905206,0.4634032634032634,0.9562121212121204,-0.0833721564647299,0.1175466310811486,0.2529524164778094,2.39684366388584,2.6182691405968126,0.7471195471195471
Cox7b,0.1828417017123981,0.6943278943278944,1.0,-0.3052910622673433,-0.1136998373863314,0.8685347546009682,1.41848813100786,1.3080382656353835,0.789236023768398
P2ry10,0.1465059183883013,0.6694111706224701,1.0,-2.248620797959733,-0.1647278834058562,29.7885843238602,0.91272783347472,0.8054136318072131,0.789236023768398
Rpl36a,0.0139860139860139,0.1205905205905206,0.4634032634032634,0.0324247268992354,0.0803139681620106,0.1598751253817459,2.6885153624541447,2.832691506599709,0.3942062535165984
Tmsb4x,0.0037296037296037,0.0289044289044289,0.151981351981352,-0.1538008249616446,-0.1180053926188592,-0.0770643153495485,5.20445208831643,4.79368050247359,0.23621895346033273
mt-Nd1,0.0289044289044289,0.2318570318570318,0.6943278943278944,0.0290810097487687,0.0959356079853573,0.1576993266642816,2.63002776650427,2.81227820451182,0.5522624778906184
mt-Nd2,0.0093240093240093,0.1205905205905206,0.6943278943278944,-0.1833848309646521,-0.0857999763788385,0.0032424456123416,2.88834350315023,2.7311201192021546,0.3942062535165984
mt-Co1,0.0721056721056721,0.1892773892773893,0.4634032634032634,0.0493300321805643,0.0798679995615263,0.1251581003901229,4.02689160932549,4.25049995921119,0.49843045843045847
mt-Co2,0.0012432012432012,0.054079254079254,0.280963480963481,0.0171141032672553,0.0442068649261103,0.0690523825609705,4.07278136727679,4.203472378477013,0.29806472597170225
mt-Atp6,0.3968919968919969,0.778865578865579,1.0,-0.0246187614266067,-0.0051587769371215,0.0134295677255591,4.360062584631415,4.350138065193063,0.7990958536413083
mt-Co3,0.151981351981352,0.6943278943278944,1.0,-0.0033176218314571,0.0228495022804748,0.0497999152360061,4.033524736226525,4.099515707990667,0.789236023768398
mt-Nd3,0.2238991155035703,0.7112744588290587,1.0,-0.0965478768662604,0.0834797193185014,0.3047502396646187,1.384130381837355,1.4374559972805976,0.7990958536413083
mt-Nd4l,0.1989589310924021,0.7282210233302229,1.0,-0.3705618969424426,-0.1004337629897766,0.8335958261320787,1.220876340445765,1.162078546374177,0.7990958536413083
mt-Nd4,0.3356643356643357,0.778865578865579,1.0,-0.0296095988659816,0.0169332365428335,0.0714960599797815,2.87010868073789,2.90156445989336,0.7990958536413083
mt-Nd5,0.20261353134705,0.5624846616632901,1.0,-0.2723397701244189,-0.0721071700756793,0.0913884661973052,1.74460943309666,1.6744766708402752,0.789236023768398
mt-Cytb,0.04009324009324,0.3968919968919969,0.9550893550893552,0.0059329181728781,0.0483694993968643,0.0995222524906575,3.1903102016612,3.29441296234246,0.6993561580922176
