gene,pval_lower,pval_median,pval_upper,log2fc_lower,log2fc_median,log2fc_upper,median_Control_median,median_IL10_KOTLS_median,FDR_BH
Rb1cc1,0.0012982623324188,0.0053615566625386,0.0198937322170479,-30.09535580770515,-29.034612059652734,0.0,0.549906865271355,0.0,0.08332148867458636
Rpl7,0.0017861395570373,0.0556481701992537,0.5372410097642283,0.0052439010747213,0.0563248265979928,0.1238257919969252,3.0934319407557,3.221067192921886,0.25195037688638483
Ptpn18,0.1389615849030182,0.3308744891371221,0.966278470916598,-0.2252784153043262,-0.1329331396427238,0.06990826039616,1.65204321679743,1.4963782602604851,0.6290606118386273
Neurl3,0.0664972075357454,0.3959854587360712,0.96248159037959,-30.135493800842653,-29.11622699021545,0.0,0.581912496707765,0.0,0.689974662949215
Cox5b,0.0042842898008292,0.0550475799641002,0.3289562053157725,0.1205405405196839,1.5070092789770206,30.26665532099038,0.4517254079075985,1.2627108831173235,0.25195037688638483
Eif5b,0.2614621421768898,0.7490776934570623,1.0,-29.524287388168837,0.087901688550747,29.67767236889775,0.0,0.3492448329623525,0.7991088566564208
Rpl31,0.1422164007303326,0.5918075732317218,1.0,-0.1253389714435931,-0.0106433160517234,0.0614232773623478,2.266722784107335,2.2571756092626547,0.7611456512731224
Il18r1,0.2723545022408976,0.6965221546336016,1.0,-0.2068507141588001,0.6934605244092484,30.26610343029228,0.785600922942995,1.2272300969099812,0.7611456512731224
Nabp1,0.0002022927909285,0.0030416127709719,0.0459684365467881,-30.46660710231781,-30.26777032235038,-29.034612059652734,1.292726848036,0.0,0.0760403192742975
Stat4,0.1389615849030182,0.6503532587123918,0.8369453044375644,-0.3424315771044762,-0.2337680614894335,-0.0507893309316915,1.74460943309666,1.4639639621003826,0.7611456512731224
Gls,0.286417686105596,0.6677650547665812,1.0,-0.295857303488145,-0.0086304786255702,0.9735580250011644,1.12264402955817,1.0970349441453864,0.7611456512731224
Stk17b,0.1278179644246845,0.7108438517107247,1.0,-0.3816801470903809,-0.0063607687904482,0.1293823893397821,1.87312901738138,1.866234386585935,0.7611456512731224
Sf3b1,0.0831150273874732,0.3402397396205445,0.966278470916598,-0.0178126682893917,0.0877265857364596,0.1817775959737783,1.45666876632877,1.5433206418591938,0.6290606118386273
Hspe1,0.0034900941570847,0.1384410174210646,0.6414642630986135,0.0831921248090465,0.976011545461037,30.29729361,0.67096947517441,1.3007685150656223,0.4172164817343941
Bzw1,0.0037577431218805,0.0281411500293627,0.173483958426336,-30.385179963159583,-30.18526993586972,-0.6279618712217921,1.28265535242243,0.0,0.18106162843004933
Clk1,0.0017861395570373,0.1002619671350321,0.5918075732317218,-0.2129306761166369,-0.1152319036494996,0.0107229554299722,1.54602136135724,1.4275856922444563,0.36258258555121675
Sumo1,0.0004421450211041,0.0093051670732942,0.1177410976744685,0.9042336706098584,1.1923130158025874,30.28986510949072,0.565196875064045,1.28419380826695,0.11458024505348621
Cd28,0.0129792807811383,0.195562435500516,0.9018020163531,-0.443184773048688,-0.1340636863604016,0.0023666579808957,1.8498800654113,1.6762193146529538,0.5020017875571281
Ctla4,0.2614114471699611,0.6503532587123918,1.0,-0.0856052051025097,0.110814168709129,0.2620744809913674,1.52010483234034,1.666221875293485,0.7611456512731224
Icos,0.0129792807811383,0.1422164007303326,0.8369453044375644,-0.0096232110503217,0.2833562408699924,0.5688548960126838,1.80862327528006,2.1897301652116874,0.4172164817343941
Eef1b2,0.0007541478129713,0.0449313328570294,0.4319679288719536,0.0100369931405308,0.066719292558683,0.1342412088906651,2.60655636723982,2.7329431608052626,0.22946573934848238
Rpl37a,0.4824164483607208,0.8369453044375644,1.0,-0.0201379001179904,-0.0033132672274527,0.0106441841941259,3.96622182132176,3.963600832582704,0.8428083188294213
Arpc2,0.0017861395570373,0.1673414304993252,0.967135032150512,-0.0222614426696773,0.1245943828624117,0.2818095001731331,2.12164341369804,2.3170133268236763,0.4560252252943696
Ncl,0.0037310470747003,0.1422164007303326,0.7108438517107247,-0.1847001806855293,-0.0946342854719705,-0.0003642424385761,2.2019108769821347,2.0740510555369918,0.4172164817343941
Ptma,0.005239342700643,0.0449313328570294,0.1963443677065961,-0.149324491044221,-0.0633779816155059,-0.0210721208033471,3.01014461362645,2.880898786695319,0.22946573934848238
Actr3,0.2195861585503833,0.6414642630986135,1.0,-0.3064524330180482,-0.1187519743804269,1.0698246406760603,1.34739250373263,1.230130746926725,0.7611456512731224
Snrpe,0.1422164007303326,0.6503532587123918,1.0,-0.0435257903520322,0.0326779687007731,0.1335661879394213,1.46505633091344,1.493211524651165,0.7611456512731224
Btg2,3.969199015638645e-05,0.0011907597046915,0.1673414304993252,-0.6730616902360226,-0.4778191263837011,-0.3614679428388366,1.79301056409911,1.2828768646082038,0.04976672274272067
Ptprc,0.2268397237437485,0.7108438517107247,1.0,-0.0858463135394044,0.0191834720185185,0.1333860251197906,2.4976478663063304,2.539234453840375,0.7611456512731224
Rgs1,0.0200615758782193,0.1627035279002253,0.4994406082917332,-0.6931997426352027,-0.4684244786295757,-0.1297643236180468,1.801464497645485,1.3470075681204026,0.4560252252943696
Tpr,0.0059967903029721,0.0466343433504458,0.1894211625722123,0.3412533236984704,1.476894057908455,30.53599084941382,0.549906865271355,1.5517919960900024,0.23061014208874372
Arpc5,0.082632138132305,0.5259869247938622,1.0,-0.0632950293149263,0.0894018468509048,0.5768775531455532,1.29580270219512,1.3687702172773486,0.7611456512731224
4930523C07Rik,0.0357556924075383,0.2348193869804887,0.8232461555363203,-30.269217297707865,-1.7525097572091848,0.9670894557442832,1.15059116719208,0.3174913138847012,0.5488664533080528
Gas5,0.0358418671112169,0.384456616654759,0.967135032150512,-0.0690690899819261,0.0950001708620682,0.2034606992860611,1.5290496014095385,1.6406050661453264,0.6739712029770928
Prdx6,0.0680320711280463,0.535841867111217,0.967135032150512,-0.1625443507988304,0.0939100117231954,0.4176302986071417,1.462634698746075,1.5672984883573662,0.7611456512731224
Prrc2c,0.0011907597046915,0.0556481701992537,0.3402397396205445,0.0208275820002489,0.1328442369784361,0.3947054256169544,1.83734175178422,2.0049899690726765,0.25195037688638483
Tagln2,0.0001388458187814,0.0012714140672682,0.0164559030127128,-30.6275765258846,-30.53928568932973,-30.383517188381607,1.56041831239381,0.0,0.04976672274272067
Hnrnpu,0.0221084385171072,0.2316788016425146,0.967135032150512,-0.2795720623795462,-0.1301912063850648,0.0540259076581554,1.52010483234034,1.389392381305535,0.5437359630385546
Itpkb,0.0012982623324188,0.0053615566625386,0.0198937322170479,-30.46660710231781,-30.297030486787357,0.0,1.31921310141975,0.0,0.08332148867458636
H3f3a,0.0007541478129713,0.1422164007303326,0.9018020163531,-0.1470600512179119,-0.0590638742036856,0.0062363970616031,2.60346163589262,2.489041753881972,0.4172164817343941
Srp9,0.0755141887242067,0.5156712679831987,1.0,-0.0666700930245118,0.9654173412321372,30.146001519601292,0.594236091753515,1.1522568869375476,0.7611456512731224
Fam107b,0.0071842502183059,0.1081645685224125,0.4824164483607208,-0.5010991084552989,-0.3583301076440592,-0.1321449595332065,1.60402000419271,1.249319885252595,0.3887164181274199
Celf2,0.0011907597046915,0.0831150273874732,0.7108438517107247,0.058903348273862,0.2493210728597137,1.439949541606912,1.33200247558617,1.5764565477751424,0.3273365804643636
Vim,0.0013862401829798,0.0088388280068788,0.0195729294769867,-1.9657786538997053,-0.9200419163459104,-0.7658632250316789,2.23037444473721,1.1730851710252177,0.11458024505348621
Edf1,0.2640546319982729,0.6876330788688081,1.0,-29.28111434507674,0.1814424391528801,29.881330039764013,0.549906865271355,0.4612605537701566,0.7611456512731224
Rpl7a,0.0037310470747003,0.1422164007303326,0.7108438517107247,0.00345881490521,0.0753521524109814,0.165245309446779,2.3699687631323947,2.5046842285192974,0.4172164817343941
Set,0.3268063551802812,0.7669325912624374,1.0,-0.1621793039990009,0.0335458368772496,30.19574735646892,1.21815743931789,1.2382273479680124,0.7996633176906914
Rpl12,0.0071842502183059,0.1673414304993252,0.7732396602365642,0.0008600686875149,0.0468057135298266,0.0837118456846765,3.692295447508255,3.81415169066589,0.4560252252943696
Hspa5,0.009764229578471,0.1002619671350321,0.2614114471699611,-0.483119364648128,-0.3922785448193758,-0.2868135225182215,2.19120286332434,1.6650392975660502,0.36258258555121675
Traf1,0.0547320325950598,0.4475749834764695,1.0,-30.12971464928592,-0.4425132423839944,29.78465532259885,0.864402761245295,0.7058795003295346,0.7249453957717464
Rpl35,0.138483298237496,0.5918075732317218,1.0,-0.1251054262168986,-0.0429392189893425,0.0276311964328284,2.57781820946429,2.4930995878596787,0.7611456512731224
Cytip,0.1002619671350321,0.5918075732317218,1.0,-0.1086602275953873,-0.0507710663596871,0.1567822579914588,2.22153018051283,2.148838109711345,0.7611456512731224
Ssb,0.082632138132305,0.3302367937943543,0.966278470916598,0.0003442013598264,0.3446143993006277,30.331764111056355,1.07301650392516,1.346700680886125,0.6290606118386273
Atp5g3,0.0296825706912336,0.286498866504372,0.932349983715403,-0.0503825514545517,1.2029394566010232,30.179928961662373,0.523383778236815,1.184593199597035,0.5992799015528004
Hnrnpa3,0.195562435500516,0.535841867111217,0.967135032150512,-0.0571914771966852,0.0807172207562513,0.1987179027245165,1.45666876632877,1.5363974622494765,0.7611456512731224
Cd44,0.0135066500779132,0.0337170568337707,0.1603577447785636,-30.47984540267877,-2.856825070024128,-0.5119731064332418,1.32954458757593,0.1725277671075095,0.20204974106813453
Eif3m,0.0357556924075383,0.4554219336973635,1.0,-0.527081421130596,29.7473381601288,29.958905845932765,0.0,0.9483376430585706,0.7355831794269214
Nop10,0.1660814819787722,0.6253829442888268,1.0,0.0,28.71099079259617,29.82763756058715,0.0,0.4394094906064335,0.7611456512731224
Srp14,0.1146957578294307,0.6390933766786356,1.0,-0.1159259672198413,0.544511422902507,30.16765343767199,0.805439734782585,1.1870638047641902,0.7611456512731224
Pdia3,0.0014559603255425,0.0380542244898562,0.4986303347010137,-0.6627647297364198,-0.4240809949361162,-0.0917484987580218,1.44310956872518,1.0703884587433417,0.20642621775157846
Serf2,0.2260577915376677,0.7108438517107247,1.0,-0.072550791550069,-0.0010590913076589,0.1300446359070458,2.2383217373567,2.239033329981674,0.7611456512731224
B2m,0.195562435500516,0.6503532587123918,1.0,-0.07060514682874,-0.0388792444650177,0.0271201112511332,3.39335159073661,3.30500862578202,0.7611456512731224
Snrpb,0.1725199962070955,0.6253829442888268,1.0,-2.455887634385216,27.562787798063034,29.7987677691382,0.0,0.2221624764659135,0.7611456512731224
Eif2s2,0.1389615849030182,0.6419036360134158,1.0,-0.1462054056546341,0.06054243487955,1.0377054795709495,1.34633979900985,1.4099130342884665,0.7611456512731224
Rbm39,0.195562435500516,0.5918075732317218,1.0,-0.0526693996496423,0.0515114892579536,0.1556421210234712,2.31821325043082,2.4009694586153976,0.7611456512731224
Top1,0.1629668384422399,0.535841867111217,1.0,-0.1669928723541175,0.1361905599579663,0.3987142775184404,1.2940240606845217,1.41980352248631,0.7611456512731224
Stk4,0.0125040494402771,0.1624263589086311,0.3302367937943543,0.1318011481395576,0.456298978918654,30.540832852509396,1.1471093717718102,1.5619712042895886,0.4560252252943696
Pmepa1,0.0053615566625386,0.0198937322170479,0.1126992858646694,-29.84454635272928,-28.03606583254358,0.0,0.275230636463849,0.0,0.15694261910292148
Gnas,0.0129792807811383,0.195562435500516,0.6503532587123918,-0.2711460807691143,-0.1356355407999216,-0.0250133831372034,1.714066994493065,1.5625443075336762,0.5020017875571281
Atp5e,0.2991188378185282,0.8369453044375644,1.0,-0.1163454853527651,-0.0167693364575356,0.1493960958806093,2.08117158908541,2.0383464427112026,0.8428083188294213
Psma7,0.011890842793894,0.1373982239637429,0.8323721218513491,0.1402727880841742,30.12228551351533,30.178239600435017,0.0,1.1744372167585149,0.4172164817343941
Rps21,0.0831150273874732,0.5918075732317218,1.0,-0.0355570000002231,0.0142253071500943,0.0396293634306946,3.73604901830682,3.7762237619939714,0.7611456512731224
Rpl22l1,0.0002778439310947,0.0358418671112169,0.4319679288719536,0.0427715624488666,0.1102331115530818,0.2614352033309756,2.33827032138668,2.51624743362215,0.20204974106813453
Sec62,0.1624263589086311,0.6414642630986135,1.0,-0.2180495277551105,0.0844650866081037,0.9280219659447244,1.24920297897551,1.3190771594295212,0.7611456512731224
Skil,0.0048471203071788,0.045768213831848,0.4411978265473412,-29.75928401761764,-28.03606583254358,0.0,0.275230636463849,0.0,0.23061014208874372
Mbnl1,0.4723279998326053,0.7072141464010372,0.967135032150512,-0.0538522788556198,0.083524446217741,0.1971007741966248,2.066121413003385,2.184614540749915,0.7611456512731224
Ccnl1,0.0016234542689289,0.021459771621641,0.210347283568126,-30.271198926537327,-30.057782430816527,-28.856167539592604,1.11761986999033,0.0,0.15694261910292148
Pdcd10,0.0397617536830477,0.410800248899384,0.9635544038307184,-30.07617315329646,-29.034612059652734,28.45889234876213,0.549906865271355,0.0,0.7056294292652652
Rps3a1,0.0071842502183059,0.0221084385171072,0.0556481701992537,0.1701143506462213,0.2178019372683451,0.2530918944432486,3.2186074348854,3.756137333442495,0.15694261910292148
Tpm3,0.2536789670784006,0.7672806278121114,1.0,-0.1123116213878546,-0.0117818107125253,0.6687156745789963,1.57864340378529,1.5709441741156875,0.7996633176906914
Rps27,0.384456616654759,0.7732396602365642,1.0,-0.0173374854312454,-0.0031184849359833,0.01703842403678,4.08045706126325,4.069733573092334,0.7996633176906914
S100a13,0.0317453225160542,0.0494341370671564,0.1725199962070955,-30.44730154681123,-30.32639542880826,-29.957356889582886,1.34633979900985,0.0,0.24088668486114348
S100a4,0.0910118200993212,0.3041802621125226,0.8249391703169067,-30.832992331891017,-1.392292452251775,29.21795102005179,1.66721209424923,0.62442411671716,0.603116036947243
S100a6,0.0048412228960309,0.0280161349010852,0.1182046075748602,-30.937579796176674,-30.690633422548533,-29.524287388168837,1.73301070682149,0.0,0.18106162843004933
S100a11,0.0449313328570294,0.1673414304993252,0.535841867111217,-0.4419912768969603,-0.2484488605641653,-0.0372903506200106,2.26960053364799,1.9147417035758825,0.4560252252943696
S100a10,0.0002778439310947,0.0129792807811383,0.0283400809716599,-0.5024020726009494,-0.416934530245544,-0.3277039488910972,2.7485446566073,2.0686176471459854,0.13093134121323724
Mcl1,0.1389615849030182,0.384456616654759,0.7108438517107247,-0.3335283214757247,-0.1984987216945937,-0.0844171746162076,1.47459645912824,1.3005065973839365,0.6739712029770928
Txnip,0.0002763469159099,0.0048471203071788,0.0662742596212287,-30.459445497333007,-30.182053459879945,0.0,1.21815743931789,0.0,0.08332148867458636
Cd2,0.0170675557672461,0.2268397237437485,0.967135032150512,-0.036181982972606,0.2192860112971645,0.6073208242648204,1.32954458757593,1.53634896238852,0.5367606631796518
Csde1,0.0011533920538063,0.0650596208155339,0.6712428986179558,0.5035115777279604,30.106431738072,30.161447338776423,0.0,1.1666652774764,0.2855670379307786
Ptpn22,0.2989047236929997,0.7732396602365642,1.0,-0.1220537781294249,-0.029198222166417,0.1522573176331255,1.640901441334095,1.6122991518462488,0.7996633176906914
Rap1a,0.0198981713239897,0.0987488370284312,0.6509061393555177,0.0631717843376059,0.38650546174954,30.34572583519827,1.02473330981504,1.3665548793134363,0.36258258555121675
Atp5f1,0.216322183134876,0.6398370155354893,1.0,-0.1888780707630647,0.948690920007608,30.164486152594968,0.5966268978814,1.1752953443638474,0.7611456512731224
Cd53,0.1422164007303326,0.1422164007303326,0.535841867111217,0.0891545486151456,0.1848995882076887,0.2921662934587521,1.60656411784832,1.838478245590664,0.4172164817343941
Rpl34,0.009764229578471,0.1422164007303326,0.7748323013415878,0.0022990999570866,0.033662916104807,0.0515095574319367,3.72511953912908,3.812486697573248,0.4172164817343941
Ube2d3,0.0170675557672461,0.2268397237437485,0.7732396602365642,0.0269974208839056,0.1243448852965109,0.2335478796940269,1.63222164817016,1.7739056656943664,0.5367606631796518
Nfkb1,0.0814559657624565,0.4475749834764695,1.0,0.4320917854332156,30.05329892058828,30.14900409870898,0.0,1.121096012343049,0.7249453957717464
H2afz,0.0831150273874732,0.4824164483607208,0.967135032150512,-0.0058193713673831,0.0842307429439211,0.1445056932313442,2.796710652186105,2.9695211346576302,0.7537757005636262
Sh3glb1,0.0198484707292757,0.3978176797362497,1.0,-0.2729135483259494,-0.094017535004506,0.1455977880970971,1.351144665940455,1.2677142489014417,0.6910730086052677
Gng5,0.0221084385171072,0.1198301182821306,0.5918075732317218,0.0187819881105949,0.0997574643131635,0.1726035156263168,1.88796406644161,2.017407427620032,0.3982792948683532
Srsf11,0.0003673342536058,0.0046137260846802,0.1029819735388261,30.095133541105017,30.151711829714024,30.188629482660797,0.0,1.193517674733985,0.08332148867458636
Rps20,0.0170675557672461,0.2991188378185282,0.967135032150512,-0.0070252695636774,0.028548839173322,0.0650906886309791,3.79375134466683,3.870194586157913,0.5992799015528004
Rab2a,0.011890842793894,0.2195861585503833,0.9662340001638232,-0.0458783586770459,30.13656255564907,30.234003582067835,0.0,1.2270612833997776,0.5327512285505079
Tmem64,0.0012982623324188,0.0053615566625386,0.0198937322170479,-30.182053459879945,-28.75087082468749,0.0,0.4517254079075985,0.0,0.08332148867458636
Pnrc1,0.0007541478129713,0.0683496070492974,0.384456616654759,-0.2403658964014635,-0.1425076631876769,-0.0382105591774372,2.2122988870065,2.00144915549666,0.2863195480001742
Dnaja1,0.0071356275303643,0.3402397396205445,1.0,-0.3023734951548885,-0.1630037966981753,0.0345904373780329,1.929998499076245,1.7020192681567123,0.6290606118386273
Clta,0.0784432237751736,0.302952903228823,0.6992777448622138,1.1210863123077084,30.09094958571836,30.1455406401264,0.0,1.147016826637905,0.603116036947243
Sec61b,0.0125040494402771,0.2899181831607423,0.966278470916598,-0.1456124162469036,0.2449523644446424,30.43530733686746,1.220876340445765,1.4550310989793325,0.5992799015528004
Txn1,0.1422164007303326,0.6724684844374476,1.0,-0.2615856280996744,-0.154423976929073,0.1552194471795094,1.59651374627507,1.4221903431612275,0.7611456512731224
Ptbp3,0.0098157105391598,0.1384410174210646,0.6414752474214835,0.0102790017071391,0.903281483946969,30.24984051862435,0.67096947517441,1.2594897003981165,0.4172164817343941
Tnfsf8,0.0380542244898562,0.2536789670784006,0.9662340001638232,0.006357151388393,0.1942997991242142,0.4880324340846898,1.683439409326,1.9160141444823664,0.5629647270514144
Rps6,0.0221084385171072,0.2614114471699611,0.967135032150512,-0.0094998677114579,0.0367884698327764,0.0843933773266364,3.00428455536931,3.081757640868568,0.5629647270514144
Jak1,0.009764229578471,0.195562435500516,0.8384985697977374,-0.264672479851336,-0.1488173419176554,-0.0029087726476999,1.60275158648103,1.4254648334749764,0.5020017875571281
Mier1,0.001945472300941,0.0248582541509547,0.3302367937943543,0.2482781724363676,1.5049580864378038,30.580332686528685,0.549906865271355,1.5668425219947362,0.1701606682952256
Tut4,0.0683496070492974,0.4319679288719536,0.967135032150512,-0.0299138239810426,0.0706006412134681,0.198185193602654,1.476409209956995,1.56091127195332,0.7056294292652652
Uqcrh,0.009764229578471,0.0221084385171072,0.1422164007303326,0.0773517994077577,0.1418081448893958,0.2179481786351881,2.028579547175605,2.2379841971563263,0.15694261910292148
Prdx1,0.0616556073348793,0.5224976072882667,1.0,-0.3366497785807957,-0.037911938668651,0.9424672855736856,1.15600855634195,1.1222264001814926,0.7611456512731224
Rps8,0.0129792807811383,0.2268397237437485,0.7124037469238693,-0.0002371149867009,0.0174393570039078,0.0588326014184207,3.864750630585455,3.906393682332496,0.5367606631796518
Ybx1,0.0358418671112169,0.4824164483607208,1.0,-0.0479481221861884,0.031046845935876,0.1408196211454289,2.0397859513725,2.077211249849962,0.7537757005636262
Sfpq,0.0987488370284312,0.6503532587123918,1.0,-0.072198841941223,0.1051511202616225,0.4747950729884462,1.322046958822125,1.4107218262054626,0.7611456512731224
Lck,0.0063143754450008,0.1404132598848297,0.6965910443893168,0.8631962647160298,29.97834447055505,30.07757313827096,0.0,1.08752269896026,0.4172164817343941
Khdrbs1,0.011329036801784,0.0122724254302789,0.0784938862345195,1.2306244720377018,30.18921681110359,30.223825575808565,0.0,1.22495122888111,0.13093134121323724
Ptp4a2,0.1198301182821306,0.5918075732317218,1.0,-0.0797091976770023,0.0013966930282692,0.1711293018806995,1.79719676565528,1.8021756219771687,0.7611456512731224
Laptm5,0.2268397237437485,0.7732396602365642,1.0,-0.1587270768141662,-0.0195380032276004,0.0631483741443816,1.92795573721486,1.91472214878835,0.7996633176906914
Dnajc8,0.0357798683974179,0.3607833021062748,0.9635544038307184,-30.129442006763917,-29.146460993446134,28.446539128574862,0.805439734782585,0.0,0.660670059589516
Cd52,0.0358418671112169,0.0683496070492974,0.1673414304993252,-0.2383959879356464,-0.1774047223676441,-0.1224229347057518,3.05756793601201,2.7002574089904,0.2863195480001742
Sh3bgrl3,0.0449313328570294,0.2614114471699611,0.9018020163531,-0.2835880017641361,-0.1801328582036545,0.0871321731449746,2.1677640955952957,1.930029675514425,0.5629647270514144
Tmem50a,0.0126631805582279,0.1097586938026613,0.6617214380357798,-30.27830334584093,-29.585201407447094,0.0,0.805439734782585,0.0,0.3914773900082283
Rsrp1,0.0310766998621834,0.1900050984733419,0.5825996812113596,-0.0654777353439357,0.274495766901058,1.417443700591552,1.24920297897551,1.5226217857430688,0.5020017875571281
Syf2,0.2465023071088137,0.7012007398756748,1.0,-0.2722803308496971,0.0996081429716227,1.982280360971028,1.02473330981504,1.091032847093066,0.7611456512731224
Srrm1,0.0318660565104877,0.2465023071088137,0.930064814461532,0.0512978773597111,29.988279658204352,30.10575921513628,0.0,1.0971558122221463,0.5624556610617774
Rpl11,0.1198301182821306,0.5918075732317218,0.967135032150512,-0.0157597686581599,0.0300548464914066,0.0535184309538856,3.54065835754426,3.617957860535164,0.7611456512731224
Hnrnpr,0.0053615566625386,0.0053615566625386,0.0198937322170479,-29.034612059652734,-28.03606583254358,0.0,0.275230636463849,0.0,0.08332148867458636
Cdc42,0.195562435500516,0.7072141464010372,1.0,-0.1033816670885225,-0.059669083353596,0.1034115336699847,2.00982823774601,1.9242765301836984,0.7611456512731224
Micos10,0.1436870544628578,0.6606161717035915,1.0,-29.932601347886308,0.0,29.753791793870416,0.0,0.354744250801683,0.7611456512731224
Rpl22,0.0007472017146939,0.0556481701992537,0.384456616654759,0.005357382555635,0.0569672499976448,0.1049768558392834,3.0346858382039352,3.154435537065005,0.25195037688638483
Cdk11b,0.0012982623324188,0.0053615566625386,0.0682861794017773,-29.932601347886308,-28.75087082468749,0.0,0.4517254079075985,0.0,0.08332148867458636
Tnfrsf4,0.0113177847131436,0.124362104645174,0.583839641821665,-30.484270177318734,-2.469786861094025,-0.0626213063209935,1.254025339273165,0.2192734010026542,0.40861834383414314
Tnfrsf18,0.0001388458187814,0.0012982623324188,0.0127742465082607,-30.58384023692653,-30.4060598264972,-29.585201407447094,1.42277444949045,0.0,0.04976672274272067
Sri,0.0218992771422889,0.1223021320561038,0.6993258197375504,0.5628369438596079,30.010811884934384,30.180296348093385,0.0,1.177778463161,0.40415934443827406
Kmt2e,0.0466343433504458,0.2716883680503774,0.9662340001638232,0.012421334254327,0.2608991526718025,0.5196309735219923,1.17453454950401,1.4256279023776988,0.5807465116318475
Tomm7,0.1389615849030182,0.6419036360134158,1.0,-0.07717381722015,0.0717175259289187,0.2908139360627893,1.32648676636483,1.41178870635826,0.7611456512731224
Dnajb6,0.0449313328570294,0.535841867111217,1.0,-0.0589316014008901,0.0513732270950706,0.2655723629154559,1.53757252715944,1.6032999655183675,0.7611456512731224
Ost4,0.0804697221490099,0.6065105166693265,1.0,-0.4044634566151189,0.2739641761579543,30.07730737350006,0.906210599086756,1.127398940010254,0.7611456512731224
Mrpl33,0.0814559657624565,0.5027842415672923,1.0,-30.256486427606944,-1.1933206189987002,29.040475209433904,0.685109269865725,0.0,0.7611456512731224
Fosl2,0.0164388168954547,0.0996836284270154,0.3147712436529462,-30.601516477812066,-30.3601345333821,-29.359569521124456,1.37819657603376,0.0,0.36258258555121675
Arap2,0.0010823014053053,0.012562328832481,0.1631461381895868,0.5577659644080307,30.29475874336949,30.35873018174221,0.0,1.3373178659712888,0.13093134121323724
Rpl9,0.009764229578471,0.1002619671350321,0.4824164483607208,0.0068785151337619,0.0337514469371095,0.0528900792770811,3.600799844936735,3.6857103074962287,0.36258258555121675
Ythdc1,0.0011714620071217,0.0126631805582279,0.0910509447491814,-30.579044989053617,-30.331164587715676,-29.64654815045048,1.35079779800704,0.0,0.13093134121323724
Hnrnpdl,0.0874834199128404,0.6253829442888268,1.0,-29.44857894974948,0.0,29.774348723787607,0.0,0.2309489779396775,0.7611456512731224
Rpl5,0.2991188378185282,0.7732396602365642,1.0,-0.0276829016507124,0.0240421161827176,0.0612613368808267,2.8962985095508653,2.952727243927581,0.7996633176906914
Dynll1,0.1262831848884292,0.5821022530196049,1.0,-0.3673876917403947,-0.0740793163262306,0.4080512724340366,1.322046958822125,1.224726713059505,0.7611456512731224
Rplp0,0.0037032626815908,0.0449313328570294,0.4332291418591716,0.0156923873963096,0.0535075081543034,0.1262160379252051,3.31561328132426,3.43675083500912,0.22946573934848238
Rpl6,0.0683496070492974,0.535841867111217,0.9679566563467484,-0.0363585622787173,0.0118726694061322,0.0792880366696515,3.21427928970676,3.251452535783061,0.7611456512731224
Ppp1cc,0.081502710518759,0.1384410174210646,0.2530530366638864,0.1654147698103342,1.5310521502878771,30.50705890132651,0.523383778236815,1.5101443467098798,0.4172164817343941
Arpc3,0.4824164483607208,0.8369453044375644,1.0,-0.0248724544578159,0.005895004624543,0.0660628304057634,2.24558564902964,2.2552268614655917,0.8428083188294213
Orai1,0.0017286051422383,0.0216312497181542,0.2030664837674778,-30.521853544598542,-1.7772940880339672,-0.4397937994943989,1.35901454575527,0.403981637125659,0.15694261910292148
Rsrc2,0.0244619798877916,0.2147765386771172,0.8323721218513491,0.2320423029630873,2.043236523243362,30.16467750993568,0.275230636463849,1.175869715273345,0.529298958734271
Vps37b,0.0004763038818766,0.0170675557672461,0.1422164007303326,-0.4418570272304529,-0.3571012576777145,-0.2231008303066459,2.2092818542009853,1.71850006814358,0.1486946146388865
Tmed2,0.0367046746030574,0.216322183134876,0.6965221546336016,-1.4907386957089213,-0.3225560541214863,0.5582485705700045,1.15930125268211,0.9797272296375724,0.529298958734271
Ubc,0.0285936731626332,0.1179109351521509,0.3041802621125226,-30.58384023692653,-30.12971464928592,-1.2689456741382408,1.2479043418766724,0.0,0.3982792948683532
Ran,0.3235446436077284,0.7012007398756748,1.0,-0.2652987634061869,0.0635890115932312,30.151157479644706,1.09238462841862,1.17532836100545,0.7611456512731224
Chchd2,0.0001587679606255,0.0358418671112169,0.5918075732317218,-0.2820815423693691,-0.1122951450727355,-0.0246023327926351,2.250255585412515,2.078604641801395,0.20204974106813453
Actb,0.0037310470747003,0.0283400809716599,0.1198301182821306,-0.2092690100511899,-0.168727757542543,-0.1128971612960759,3.38680864421006,3.012699527802256,0.18106162843004933
Rac1,0.0375466511100235,0.2029015126351121,0.8990759188445385,0.0229287857355278,0.9856637068718384,30.352762480964696,0.685109269865725,1.356861820259885,0.5139575760581033
Arpc1b,0.1422164007303326,0.611855575102932,1.0,-0.2331535706072479,-0.0462314029350158,0.1554494196689909,1.47459645912824,1.4504986681600065,0.7611456512731224
Atp5j2,0.340005608358459,0.8989434582164634,1.0,-0.1043576176812062,0.0030934015975261,0.2956284173696625,1.42086570518498,1.4185980754829874,0.9005095618022063
Rpl21,3.969199015638645e-05,0.009764229578471,0.227704016829403,0.0259182018217245,0.0682475472628597,0.1091302874631833,3.20394448934463,3.3481257307469288,0.11458024505348621
Polr1d,0.0221084385171072,0.1422164007303326,0.7108438517107247,0.0244509391041098,0.18011220279719,0.3899874816193409,1.373937734074845,1.5537076521483488,0.4172164817343941
Hmgb1,0.009764229578471,0.2614114471699611,0.967135032150512,-0.0916389351956892,0.1374316215047143,0.2897323635214382,1.52768619352488,1.6857607541679824,0.5629647270514144
Sem1,0.0200615758782193,0.2759828599836739,0.967135032150512,-0.0633686008553719,0.1497664307538343,0.2891679475000195,1.51324180116324,1.6775309712553264,0.5877412758911573
Ndufa4,0.2268397237437485,0.5259869247938622,0.9018020163531,0.001815015673103,0.1057955024765006,0.217802170510259,1.47459645912824,1.5935850213383675,0.7611456512731224
Capza2,0.0756085038283126,0.2786365066725308,0.8998968611484539,29.8008045786023,29.970822697076127,30.04003660137241,0.0,1.0527236810034435,0.5890293799143574
Arf5,0.0025821558136421,0.0367046746030574,0.3706266179443429,0.558984683420742,30.17531334284609,30.231849597209735,0.0,1.2345352755247112,0.20293449900728852
Atp6v1f,0.0008251084452325,0.0830376319278985,0.8323721218513491,0.0404936919126459,0.4699814388820061,30.27849530401441,0.91272783347472,1.2859392738775774,0.3273365804643636
Zc3hav1,0.3181775837252845,0.8150891206465054,1.0,-0.3264273410872439,0.3953264963338366,1.9593168908446084,0.7611587079120405,1.0298278173904702,0.8395359400228355
Luc7l2,0.0005860561909448,0.0198438188876449,0.3308744891371221,0.0659324834910173,0.722592769866981,30.30617726171305,0.805439734782585,1.3181611602832763,0.15694261910292148
Trbc1,0.0666442399419719,0.519688251534673,1.0,-0.3935799326595913,-0.1355876844724061,0.4855412071919808,1.59833109456711,1.4445307745518927,0.7611456512731224
Trbc2,0.009764229578471,0.1673414304993252,0.8369453044375644,-0.0006084206371137,0.096078185470336,0.1946237416232229,2.2165537749486357,2.365025469820175,0.4560252252943696
Gimap4,0.3727522017256789,0.4987739310335031,0.6712428986179558,-0.4494524038038257,-0.3188333877676909,-0.1180455142612844,1.527964620295895,1.22394996369175,0.7611456512731224
Gimap6,0.2614114471699611,0.5918075732317218,0.967135032150512,-0.2235573823910064,-0.0531991965687834,0.0861572428986171,1.718167568257305,1.6617237655168462,0.7611456512731224
Gimap1,0.011890842793894,0.0367046746030574,0.1067699916581944,2.189365489292056,30.226747080848284,30.271309768040435,0.0,1.2572820643133087,0.20293449900728852
Gimap3,0.4717437453091039,0.8323721218513491,1.0,0.0048610324945173,0.1124682882996346,0.1982111978003148,1.48402007583878,1.6128555111768563,0.8428083188294213
Hnrnpa2b1,0.0358418671112169,0.4824164483607208,0.967135032150512,-0.0518675039242734,0.0638130446437952,0.201736476784443,1.87725895566292,1.9590096324614976,0.7537757005636262
Tax1bp1,0.0358418671112169,0.535841867111217,1.0,-0.0899157122589677,0.0287288018145807,0.1125115275972287,1.63182410521293,1.6606279949566338,0.7611456512731224
Serbp1,0.0170675557672461,0.3402397396205445,0.967135032150512,-0.186700765919261,-0.0418794212699995,0.0349053243906708,1.91847034279047,1.859282099518895,0.6290606118386273
Igkc,0.0358418671112169,0.2268397237437485,0.7732396602365642,-0.2687439177418871,-0.1657733254619821,-0.0046391386830701,2.62986033089279,2.3489677589478286,0.5367606631796518
Tmsb10,0.0358418671112169,0.1198301182821306,0.5918075732317218,-0.073886862284408,-0.0481801248552438,-0.0093477182990117,3.37692323353951,3.2624728868446784,0.3982792948683532
Snrpg,0.0831150273874732,0.5918075732317218,0.967135032150512,-0.0480903212184723,-0.0291506215963273,-0.0114487980200073,2.08594362943213,2.0482210530160203,0.7611456512731224
Cnbp,0.1198301182821306,0.5918075732317218,1.0,-0.098864620739931,0.0270380590806507,0.1083058018043534,1.745867391089725,1.777294390586945,0.7611456512731224
Bhlhe40,0.216322183134876,0.519688251534673,0.9669909150681336,-1.359281889875938,-0.2346617068315813,1.1185231123361976,1.246605704777835,1.0460002789896503,0.7611456512731224
Rpl32,0.1667133047551004,0.6503532587123918,1.0,-0.0387143766905554,-0.0034836229376388,0.0577958986191459,3.876510451251595,3.864692986384795,0.7611456512731224
Hnrnpf,0.2268397237437485,0.6503532587123918,1.0,-0.0349839137200546,0.0209022615999156,0.1311038544024472,1.7788956958752151,1.80508053703276,0.7611456512731224
Wnk1,0.0170675557672461,0.4824164483607208,0.967135032150512,-0.2915079003440016,-0.1829277525702761,0.0807354926488414,1.56041831239381,1.3623443855476611,0.7537757005636262
Cd4,0.0281137497907961,0.239597921617617,0.8965612937229277,-30.21535807515152,-1.751402987189664,28.62247550964842,0.67096947517441,0.1346896282886287,0.5532883732133725
Gapdh,0.0358418671112169,0.6503532587123918,1.0,-0.2562799810611889,-0.1081771613770755,0.1463151040723364,2.23732106466724,2.079164069140533,0.7611456512731224
Ccnd2,0.0012982623324188,0.0053615566625386,0.0198937322170479,-30.44830899181448,-29.585201407447094,0.0,0.805439734782585,0.0,0.08332148867458636
Clec2d,0.0083942365928358,0.0952288276084754,0.3127283399718633,1.1121280068966128,30.156860746973024,30.219781089371526,0.0,1.2001599539725776,0.36258258555121675
Cdkn1b,0.0005077001202851,0.0018567717777922,0.0452397897036528,0.8106831848882103,30.32907204291409,30.38177775306901,0.0,1.3596229186097974,0.05619177748581658
H2afj,0.1389615849030182,0.7032118540606818,1.0,-0.1886465716536206,-0.0634857631119569,0.2576846385489629,1.28265535242243,1.2351203259248624,0.7611456512731224
Arhgdib,0.6414642630986135,0.7669824200341356,1.0,-0.3043113781750073,-0.2271001557839889,-0.0741869613543261,1.7006997307803,1.459385524883785,0.7996633176906914
Aebp2,0.0170675557672461,0.384456616654759,0.967135032150512,-0.2038981584458323,-0.08097427759668,0.143784989439502,1.73320245376152,1.632718460038445,0.6739712029770928
Kras,0.0011158224689312,0.0244777198220902,0.3302367937943543,0.3035040876129676,30.510868258537258,30.552962984414915,0.0,1.5502224037622363,0.1695745650325526
Rps9,0.0002778439310947,0.0170675557672461,0.2268397237437485,0.0356310022739315,0.060697933649769,0.0866241906155148,3.54652993504194,3.694304356629395,0.1486946146388865
Rpl28,0.0037310470747003,0.0683496070492974,0.4824164483607208,0.0103617318326705,0.0536817449508616,0.0854725519959752,3.16157933311657,3.2771454629178,0.2863195480001742
Rps5,0.2268397237437485,0.6503532587123918,0.967135032150512,-0.033670201681078,0.0408673056968706,0.0769248072408815,3.54642086952002,3.655693660168556,0.7611456512731224
Selenow,0.1177655400828241,0.2536789670784006,0.9662340001638232,-0.0308042160565011,0.4656089595987976,30.26690682024345,0.91829377035251,1.2736548953347264,0.5629647270514144
Snrpd2,0.0250806896302063,0.1978671075627546,0.931590849261792,29.948199950220644,30.08231240670366,30.140660508191985,0.0,1.13713332808014,0.5056603859937062
Rps19,0.0004763038818766,0.0071842502183059,0.1673414304993252,0.0263742141873806,0.0839369533448549,0.1345529880751535,3.40373646515924,3.63309936704049,0.10075472867136323
Rabac1,0.0367046746030574,0.3302367937943543,1.0,-0.097125343074703,0.5765243195549175,30.168795112200566,0.77214009355077,1.177525363283375,0.6290606118386273
Rps16,0.1002619671350321,0.3402397396205445,0.9018020163531,0.007819374355786,0.0334902753509055,0.0574260389967933,3.95063583370787,4.03956668223767,0.6290606118386273
Gmfg,0.0026196713503215,0.0200615758782193,0.1177655400828241,0.1619074168788331,0.2846812614872277,0.3761106353830905,1.35888333750503,1.65273972328984,0.15694261910292148
Eif3k,0.0690734596458646,0.374017623126423,0.966278470916598,-0.0847789135111154,1.136300868485236,30.29107063263178,0.587267274752005,1.2978580434369076,0.6739712029770928
Hcst,0.2991188378185282,0.7108438517107247,1.0,-0.2071571812351408,-0.0951244063229173,0.2173992610269968,1.62661684555831,1.5201402146161125,0.7611456512731224
Cox6b1,0.1629806968918196,0.6419036360134158,1.0,-0.19601765221735,-0.043551069485101,0.7195785974031665,1.35888333750503,1.3110710009958613,0.7611456512731224
Fxyd5,0.0170675557672461,0.3402397396205445,0.967135032150512,-0.2939008850003445,-0.1667060396198347,0.040547341839634,2.08594362943213,1.82689550411721,0.6290606118386273
Rps11,0.535841867111217,0.6503532587123918,0.7732396602365642,-0.0354477379406615,0.0295835522311225,0.0445492694157926,3.61294386105214,3.690158924496916,0.7611456512731224
Rpl13a,0.1673414304993252,0.4824164483607208,0.967135032150512,-0.0084663276448313,0.0143794058942348,0.049712778795084,3.4582479984027303,3.49291045148636,0.7537757005636262
Ftl1,0.0449313328570294,0.4319679288719536,1.0,-0.1609823233453219,-0.0699435735113511,0.0921413860699207,2.10596262976118,2.0021140098945738,0.7056294292652652
Rpl18,3.969199015638645e-05,0.0001587679606255,0.005239342700643,0.072165801265928,0.1119384047910986,0.159475758933267,3.30915660256334,3.571300538785281,0.022822894339915623
Ldha,0.1198301182821306,0.7108438517107247,1.0,-0.1917193967447593,-0.0296136618345301,0.1183013528520189,1.570841506553035,1.53719242500599,0.7611456512731224
Klf13,0.009676412056069,0.1123369901762742,0.5938978743678346,-30.06425340259812,-28.856167539592604,0.0,0.4859280714481915,0.0,0.3914773900082283
Chd2,0.0007541478129713,0.1198301182821306,0.966278470916598,-0.0139597585800929,0.1854902471401878,0.8875156903447395,1.31901235403657,1.4826370154955102,0.3982792948683532
Akap13,0.1673414304993252,0.6769688499018707,1.0,-0.1107973007982179,-0.039899889792363,0.0250930963928183,2.08594362943213,2.033823548567077,0.7611456512731224
Furin,0.235806731154707,0.6477164962454822,1.0,0.0,29.78976585264406,30.07259596944071,0.0,0.9345728109067238,0.7611456512731224
Iqgap1,0.0072334585664113,0.0125040494402771,0.0987488370284312,-0.8308884619871865,-0.5862727462313397,-0.3870547369846903,1.63182410521293,1.1106381324573924,0.13093134121323724
Rps17,0.2991188378185282,0.7108438517107247,1.0,-0.0572452007590233,-0.0113532719744891,0.0875563820591517,2.48147611469121,2.4528584339786814,0.7611456512731224
Rps3,0.0017861395570373,0.0283400809716599,0.2614114471699611,0.0075437246389919,0.0605604495858943,0.103001097582825,3.34914208702366,3.490793957398581,0.18106162843004933
Spcs2,0.0244777198220902,0.3289562053157725,0.7653723929149803,0.3603112678814389,1.0047208847379956,30.20872877327965,0.594236091753515,1.2073416156241814,0.6290606118386273
Ucp2,0.0098157105391598,0.1422164007303326,0.8369453044375644,-0.5139908391111295,-0.3002594715017508,-0.0410453569105387,1.4699371549693,1.1995871452323963,0.4172164817343941
Eif3f,0.0224270307109923,0.1673414304993252,0.7037659263568339,-0.0142757513062972,0.2388244623976877,0.6177501578132598,1.38704483019826,1.6316951678288552,0.4560252252943696
Rpl27a,0.0011907597046915,0.0449313328570294,0.3402397396205445,0.0202919760164523,0.0539796814699839,0.0847959472101765,3.83117671948728,3.98594223239388,0.22946573934848238
Eif4g2,0.5820772482450259,0.932349983715403,1.0,-0.1420366839924981,0.0232214162284931,0.3439270970695966,1.3090630131839,1.3412503057725913,0.932349983715403
Rps13,0.0004763038818766,0.0221084385171072,0.1673414304993252,0.0675553799938926,0.0944245810758697,0.1063699913827588,3.54652993504194,3.787912955619226,0.15694261910292148
Rps15a,0.0002778439310947,0.0026196713503215,0.0283400809716599,0.0740627016215943,0.0930109673771517,0.1193981682227473,3.85849408996932,4.114228043313116,0.07018975852763114
Arl6ip1,0.3189021837397598,0.7616243103146927,1.0,-0.7553487770557966,0.2285951155507622,30.05003618802613,0.91272783347472,1.0427664154242715,0.7996633176906914
Lat,0.0649452757139218,0.5539392338353869,1.0,-0.1688182273935104,0.8229701202438154,30.20210252953314,0.67096947517441,1.22244379934317,0.7611456512731224
Coro1a,0.0035334567287608,0.0469241506511009,0.4319679288719536,0.1992392552015734,0.3568669938338447,1.4140136234813512,1.1471093717718102,1.4511331773225948,0.23061014208874372
Gdpd3,0.011329036801784,0.0804697221490099,0.4179208990121782,1.3251970577471754,30.37587516804516,30.465729032031483,0.0,1.4369827503164914,0.3273365804643636
Aldoa,0.0308442305549118,0.416349820394148,1.0,-0.4599612621028834,-0.1386148512404516,0.7592123809681166,1.24920297897551,1.1115384886753898,0.7056294292652652
Sept1,0.0741953403329212,0.6105199638852996,1.0,-0.3141172793538458,-0.0379295512639603,30.137384041991535,1.21782219733709,1.1750849025352537,0.7611456512731224
Fus,0.1373982239637429,0.6405806543923431,0.8323721218513491,-0.2287828741663811,0.7535054851699036,30.229095459667587,0.732382432476165,1.230005107899425,0.7611456512731224
Rplp2,0.0283400809716599,0.2991188378185282,0.967135032150512,0.0001634504973462,0.0362726593021774,0.0679193450232948,3.51943660178027,3.608835490175495,0.5992799015528004
Lsp1,0.0024457956118799,0.0511645209608311,0.519688251534673,-30.40509101125241,-0.9081647732151188,-0.0227898670570627,1.21815743931789,0.68343454197926,0.24722352565107467
Nsd3,0.0198900402778146,0.4215247510892904,1.0,-0.1312741322747883,0.2756145860478443,30.117863716821013,0.938043873102995,1.1381155610857885,0.7056294292652652
Leprotl1,0.0256195737587295,0.2419774717920689,0.9649791246930368,0.057868368857872,30.005421142394432,30.0935449169362,0.0,1.0922409119703629,0.5565481851217585
Saraf,0.0831150273874732,0.6769688499018707,1.0,-0.1989925078675395,0.0096485169804601,0.1232222577457062,1.5473303162077,1.5648525442170589,0.7611456512731224
Hmgb2,0.1002619671350321,0.535841867111217,1.0,-0.0876784400640681,0.1350044476800859,0.7324923710533232,1.931706515393105,2.126915080318802,0.7611456512731224
Ndufa13,0.1067699916581944,0.509231091284088,1.0,-0.268146495820646,-0.1250123685506074,0.134414246959325,1.29580270219512,1.1906481650463827,0.7611456512731224
Uba52,0.1146957578294307,0.3727522017256789,1.0,-0.5746927474925704,-0.1834693199510548,0.5857325088278577,1.220876340445765,1.0827433733281726,0.6739712029770928
Jund,0.0011907597046915,0.0071842502183059,0.0556481701992537,-0.5880364147274822,-0.5259959983601256,-0.4047522880883049,2.290779420443275,1.5923132954906123,0.10075472867136323
Rpl18a,0.0001587679606255,0.0358418671112169,0.535841867111217,0.0041059834617373,0.0502120627422059,0.0848062992504535,3.65076893251626,3.782363597145274,0.20204974106813453
Tpm4,0.0200615758782193,0.3746475684825058,1.0,-0.1200803349376585,0.1835637709914802,30.13888212455997,1.04712754119977,1.1921901821469962,0.6739712029770928
Klf2,0.0012982623324188,0.0053615566625386,0.0198937322170479,-30.22391935517012,-29.146460993446134,0.0,0.594236091753515,0.0,0.08332148867458636
Smarca5,0.1695983488025169,0.6677650547665812,1.0,-0.1435708081979732,0.6500897509483512,30.071500101303485,0.67096947517441,1.1119056855942335,0.7611456512731224
Adgre5,0.0012982623324188,0.0053615566625386,0.0198937322170479,-30.21963424578296,-30.066711906993984,0.0,1.12455876429366,0.0,0.08332148867458636
D8Ertd738e,0.2898257021567011,0.7108438517107247,1.0,-0.2638216186957329,-0.0300036786667739,0.2665175178777454,1.41275014808597,1.3892956526778937,0.7611456512731224
Calr,0.2356296820358712,0.7544930115071693,1.0,-0.7839249740225935,29.583578255778303,29.968518615687188,0.0,0.9303417624757856,0.7996633176906914
Junb,0.0017861395570373,0.0358418671112169,0.2268397237437485,-0.4707221163921219,-0.4018336071217918,-0.2923730590366393,2.54671866689308,1.9240143115126689,0.20204974106813453
Maf,0.0556481701992537,0.4319679288719536,0.967135032150512,-0.1855195066500483,-0.1018369058210951,0.0631118355491126,2.08594362943213,1.88465491151488,0.7056294292652652
Cotl1,0.0035063931358507,0.0164559030127128,0.0662742596212287,-30.39965223186815,-30.33977445859436,0.0,1.35888333750503,0.0,0.1486946146388865
Cox4i1,0.0756305004651066,0.535841867111217,1.0,-0.0473604049924188,0.0007828234338708,0.0459530449778586,2.08594362943213,2.0923404529939025,0.7611456512731224
Map1lc3b,0.2614114471699611,0.7108438517107247,1.0,-0.1167502764691527,-0.032241141360299,0.2608592453127,1.74460943309666,1.71577511510609,0.7611456512731224
Cyba,0.1088434256386677,0.6798338523266548,1.0,-0.3573051721497193,0.3137873039478073,30.135176098744044,0.88988867008413,1.1175643939132076,0.7611456512731224
Ankrd11,0.2268397237437485,0.7732396602365642,1.0,-0.1000466031358849,0.0045161029231159,0.1064617601911603,1.60338549290705,1.6199498290852836,0.7996633176906914
Rpl13,0.0071842502183059,0.0556481701992537,0.2614114471699611,0.0136433940359508,0.0463310900378352,0.087553309430159,4.12356330413621,4.259128724811159,0.25195037688638483
Tomm20,0.0283400809716599,0.535841867111217,1.0,-0.1602852468768986,-0.0389672640425063,0.0726120681921098,1.71934145980446,1.66852641167729,0.7611456512731224
Tmem123,0.0357556924075383,0.2853168891229887,0.9643668721326168,0.4556988554634204,29.98860368638103,30.115444262566083,0.0,1.0869972372207526,0.5992799015528004
Cwc15,0.0080258935906715,0.0665726730801842,0.5734172853724433,-30.24391721497623,-29.819592226064,0.0,0.94752727035894,0.0,0.2863195480001742
Ubl5,0.1198301182821306,0.7108438517107247,1.0,-0.1044402692381429,-0.0282475218566357,0.0768758232558495,2.01225704905588,1.966595035525015,0.7611456512731224
Sept7,0.0511645209608311,0.2358320476719947,0.8279149005975494,0.9527726384211744,30.02466369829944,30.115790467640284,0.0,1.0940411429048638,0.549001730410514
Ets1,0.1673414304993252,0.7108438517107247,0.967135032150512,0.0036732710442057,0.0385396809355146,0.1091151403416858,2.523156531922,2.5863785010642486,0.7611456512731224
Hspa8,0.1422164007303326,0.195562435500516,0.7732396602365642,-0.2674651450513131,-0.1500151448473769,-0.0895872938546098,2.34421354828827,2.112950099803475,0.5020017875571281
Thy1,0.021087835663533,0.0610075482034847,0.2040590666842787,-30.369367272291004,-30.271198926537327,-2.7643728353472645,1.29580270219512,0.0,0.2698410785923362
Rps25,0.4824164483607208,0.8369453044375644,1.0,-0.047898018590349,0.0013150972059023,0.0444833335189705,2.96855689163298,2.9676545588934697,0.8428083188294213
Ddx6,0.1894211625722123,0.6419036360134158,1.0,-0.3439277303961994,-0.0645628318221938,1.3221327746554594,1.1793662861278436,1.1266776460695176,0.7611456512731224
Atp5l,0.0831150273874732,0.4319679288719536,0.967135032150512,-0.0486582680762594,0.0835436579292794,0.1781453329692749,1.74499937916894,1.86933694674322,0.7056294292652652
Cd3g,0.1422164007303326,0.6769688499018707,1.0,-0.1433410431470824,-0.0083542816938557,0.4347280027527537,1.9802003969865152,1.97053114961973,0.7611456512731224
Cd3d,0.0017861395570373,0.0831150273874732,0.7732396602365642,0.0468168912737157,0.1355374854273311,0.273026037579037,1.808518112359795,1.991300894659456,0.3273365804643636
Cd3e,0.0001587679606255,0.0170675557672461,0.2614114471699611,-0.3620082861835996,-0.2509780291669192,-0.0728493481212304,2.08594362943213,1.7535158172298375,0.1486946146388865
Cox5a,0.0122724254302789,0.3308744891371221,0.966278470916598,-0.079756437304239,0.8788550517138013,30.26417570309859,0.68882846420912,1.268873338765404,0.6290606118386273
Rplp1,0.384456616654759,0.6503532587123918,1.0,-0.064599123998711,0.047188378254314,0.0661837059906315,4.0936050037703,4.23143602103526,0.7611456512731224
Rpl4,0.4319679288719536,0.7108438517107247,1.0,-0.0581457832961567,0.0277025037723487,0.1353575381174068,2.45235860004741,2.4980403745851936,0.7611456512731224
Dennd4a,5.070447702323449e-05,0.0001388458187814,0.000214592564476,-30.78513688029848,-30.572315962177324,-30.44276401279533,1.59655594493541,0.0,0.022822894339915623
Ppib,0.1422164007303326,0.6503532587123918,1.0,-0.2443260918678495,-0.0111674438553313,0.811515531708287,1.40233118590103,1.3944181113402236,0.7611456512731224
Rab8b,0.082632138132305,0.5254410213627343,1.0,-0.1553148874094013,0.1117049839359031,1.1898581337310756,1.35888333750503,1.461207367383294,0.7611456512731224
Rora,0.3402397396205445,0.6503532587123918,0.967135032150512,-0.2014365760857004,0.0711791640382618,0.3775182220842105,1.83468451394509,1.932069838427475,0.7611456512731224
Arpp19,0.099650057255396,0.5834693683937101,1.0,-30.218267228230022,-0.5255247008204289,29.246475410579887,0.5966268978814,0.0,0.7611456512731224
Eef1a1,0.0683496070492974,0.4824164483607208,1.0,-0.0391763277372418,-0.0067109490831448,0.0170902224486361,4.11723351148651,4.093354795537698,0.7537757005636262
Cox7a2,0.001520619382914,0.0449313328570294,0.4179725867628501,-0.3799547241391742,-0.2353662088463698,-0.0821657020616534,1.42015146039036,1.19947972615776,0.22946573934848238
Bcl2a1d,0.0127742465082607,0.0662742596212287,0.3853415103184405,-30.331164587715676,-29.074178250780367,0.0,0.565196875064045,0.0,0.2863195480001742
Bcl2a1b,0.3978176797362497,0.8989434582164634,1.0,-0.2732308203985685,-0.0865835898956625,30.352727475064317,1.47459645912824,1.4000008997819786,0.9005095618022063
Morf4l1,0.0556481701992537,0.3402397396205445,0.967135032150512,-0.0301243959028798,0.0711954330127647,0.1722807111722004,1.71236749050342,1.7927742903255035,0.6290606118386273
Cdv3,0.0034410203015539,0.0730288463961173,0.595170980253024,-30.129442006763917,-29.034612059652734,0.0,0.549906865271355,0.0,0.3020977458832191
Gnai2,0.0158250082707493,0.1624263589086311,0.8323775625881457,0.0124113069002026,0.1663435204415654,30.533404106251485,1.373292864300375,1.5364617748768976,0.4560252252943696
Rhoa,0.005239342700643,0.3402397396205445,0.967135032150512,-0.1465216410803682,-0.0711791997630796,-0.0020535704935851,1.6405537901978,1.5594657881600675,0.6290606118386273
Shisa5,0.0129792807811383,0.1422164007303326,0.5918075732317218,0.1338878247654677,0.2582691139959394,0.3617292973747475,1.56548839794997,1.8639010668939135,0.4172164817343941
Tma7,0.0129792807811383,0.2268397237437485,0.9018020163531,-0.2331934619001235,-0.0685915215999954,0.0202048889942823,1.74460943309666,1.660053396859399,0.5367606631796518
Rpsa,0.009764229578471,0.1002619671350321,0.535841867111217,0.0068560084145699,0.0431355094580755,0.0935650782793567,3.6897484873249,3.80325817020055,0.36258258555121675
Rpl14,0.0221084385171072,0.4824164483607208,1.0,-0.029880823639693,0.0183310322246745,0.1074472104185968,2.76303131715074,2.796205845403976,0.7537757005636262
Nktr,0.1436870544628578,0.6152241212291907,1.0,-30.09972815539928,0.0,29.71240810160207,0.0,0.3363468973231615,0.7611456512731224
Cxcr6,0.2042939237011675,0.6477164962454822,1.0,-29.321671895757664,-0.5861006460710863,27.219231940469133,0.594236091753515,0.0,0.7611456512731224
Abracl,0.1473636656693644,0.6152241212291907,1.0,-29.35175886682716,28.44625562904654,29.94809089002546,0.0,0.515264975853435,0.7611456512731224
Tnfaip3,0.1002619671350321,0.6503532587123918,1.0,-0.2787164060455659,-0.1129278094506423,0.113256154795674,1.67141601738835,1.5560668200534613,0.7611456512731224
Ifngr1,0.0017861395570373,0.0831150273874732,0.384456616654759,-0.3088966375460862,-0.1843193403608098,-0.0658759051363092,2.68361497100153,2.364416044501611,0.3273365804643636
Rps12,0.0358418671112169,0.4319679288719536,1.0,-0.0203018304245391,0.0116280724539743,0.0515560444402964,3.73243336922286,3.767480794168326,0.7056294292652652
Fyn,0.1404132598848297,0.6720346257845016,1.0,-28.03606583254358,27.48430666240044,29.88221637961651,0.0,0.43441640692631,0.7611456512731224
Cd164,0.0006060425467749,0.0221084385171072,0.4994406082917332,0.0735333963419149,1.1877992487567774,30.321596985331144,0.565196875064045,1.3162447753180713,0.15694261910292148
Srgn,0.2991188378185282,0.7108438517107247,1.0,-0.0574289500748985,-0.0330197321921725,0.0349658609943094,3.40373646515924,3.332235951827891,0.7611456512731224
Mif,0.0059275308018699,0.0987488370284312,0.5243435787000272,0.114999621323613,0.5493741556248494,30.39085200781321,0.94752727035894,1.390537921894065,0.36258258555121675
Gpx4,0.0129792807811383,0.2268397237437485,0.7732396602365642,-0.3551905787840511,-0.2214261135430819,0.1001449470963952,1.5663872141438,1.3460458644420588,0.5367606631796518
Atp5d,0.0283400809716599,0.384456616654759,0.967135032150512,-0.0953658307157951,0.0670661371415388,0.91318514365467,1.41588345537646,1.4725234786796475,0.6739712029770928
Rps15,0.2991188378185282,0.7108438517107247,1.0,-0.0857207055051376,-0.0039081670792262,0.045787753008541,2.965387935200075,2.963094920686961,0.7611456512731224
Oaz1,0.0283400809716599,0.3402397396205445,0.967135032150512,-0.0106463411319136,0.0122384887855706,0.1634235090090023,2.55285058777727,2.570688444917411,0.6290606118386273
Eef2,0.0449313328570294,0.535841867111217,0.967135032150512,-0.0759625422863369,-0.0267507423564418,0.0316482733584147,2.0604759969031603,2.0242373294390186,0.7611456512731224
Tle5,0.0129792807811383,0.1761066586446545,0.8991440712822525,-0.3536909883313682,-0.1831783406444665,-0.0244196790429879,1.455085545148175,1.2735006738507135,0.47540529915810487
Hsp90b1,0.0111942588425956,0.2189761727516554,0.967135032150512,-0.2828934701854485,-0.1585359696843171,0.1137272794763805,1.41649528794692,1.258253563129185,0.5327512285505079
Slc25a3,0.0358418671112169,0.535841867111217,1.0,-0.1948848795050439,-0.0468504049367961,0.0592378552562614,1.81107659147822,1.7552932177079523,0.7611456512731224
Snrpf,0.0190355559668588,0.1356553584260904,0.4976345889422713,0.1191858223800681,1.22547529121343,30.374706588476705,0.587267274752005,1.3561940927482574,0.4172164817343941
Btg1,0.2268397237437485,0.6503532587123918,1.0,-0.0984730982229336,0.007184086225572,0.151864427653605,2.8399454878132726,2.8369925576798765,0.7611456512731224
Atp2b1,0.009764229578471,0.009764229578471,0.0683496070492974,-0.4800204827493691,-0.3806208698073037,-0.2965467581924483,1.84621762228176,1.4190091056703849,0.11458024505348621
Ppp1r12a,0.0066358898527179,0.0537771224294564,0.3839092970818034,-30.32639542880826,-29.074178250780367,0.0,0.565196875064045,0.0,0.25195037688638483
Nap1l1,0.124362104645174,0.6352050366129651,1.0,-0.5291858214119117,0.9878173759751444,30.08238643389164,0.549906865271355,1.0419670944026491,0.7611456512731224
Rap1b,0.0011907597046915,0.0170675557672461,0.1680469556243543,-0.3684393154316452,-0.2178508885302763,-0.0981963435640182,1.71596562985852,1.46556691398255,0.1486946146388865
Naca,0.0001587679606255,0.0026855211958398,0.1002619671350321,0.0767060577862369,0.1905295652800454,0.2937852879114063,2.31209800129763,2.6433554539613557,0.07018975852763114
Ptges3,0.0190681923508541,0.1725199962070955,0.913405101819618,-0.3733926091866284,29.12656563219821,29.887619987959614,0.0,0.643945977431909,0.4679198010333958
Atp5b,0.5821022530196049,0.6503532587123918,1.0,-0.1283320195548318,0.1301130289419262,0.8038809929722536,1.17453454950401,1.291947643101055,0.7611456512731224
Myl6,0.2981761530523141,0.7108438517107247,1.0,-0.0989979357974633,-0.0246134359863696,0.1514210255106142,2.31491749448671,2.2707916335988574,0.7611456512731224
Rpl41,0.0129792807811383,0.2991188378185282,0.967135032150512,-0.0085003818356507,0.0316880367360605,0.0463588594856677,3.666763166870165,3.753888561865296,0.5992799015528004
Rps26,0.0071842502183059,0.1002619671350321,0.6503532587123918,0.0058831568260219,0.0672383608801258,0.0939756617120413,3.21983632440176,3.3774835930690577,0.36258258555121675
Uqcr10,0.0068495995829749,0.2088516448139163,0.931590849261792,0.5303041078857516,30.040711699783976,30.172968540369222,0.0,1.1712103952790351,0.5221291120347907
Ppia,0.0449313328570294,0.3402397396205445,0.9018020163531,-0.0927163856093234,-0.0524934445181525,0.0106726772309898,3.28121923685103,3.1619965368435348,0.6290606118386273
Purb,0.0126631805582279,0.1182046075748602,0.5912267210577168,-30.25112954574901,-29.28111434507674,0.0,0.65236961302432,0.0,0.3982792948683532
Ramp3,3.969199015638645e-05,0.0001587679606255,0.0129792807811383,0.2508754167738445,0.4795624839294034,0.829774856525173,1.71596562985852,2.3934344583969738,0.022822894339915623
Sec61g,0.1198301182821306,0.4319679288719536,0.967135032150512,-0.0563958419261975,0.0989616721373045,0.2891706978483737,1.54573084079698,1.6592439417011275,0.7056294292652652
Actr2,0.2348193869804887,0.68089429484237,1.0,-0.7850029921524755,28.6608190984208,29.797145685430472,0.0,0.430428695086418,0.7611456512731224
Peli1,0.009764229578471,0.1673414304993252,0.8990759188445385,-0.4298739726959145,-0.2608425805201476,0.0404533803749486,1.474429387152115,1.2158819612209075,0.4560252252943696
Rps27a,0.1422164007303326,0.384456616654759,0.9018020163531,-0.0107651576961775,0.0207877339323827,0.0561092688110222,3.83495714705208,3.897451422465208,0.6739712029770928
Npm1,0.1950760410791195,0.7108438517107247,1.0,-0.0367348303042505,0.0003896247698142,0.0284910758789289,2.50582445885049,2.5059064119240664,0.7611456512731224
Clint1,0.0170675557672461,0.2614114471699611,0.8990759188445385,0.0015166795453109,0.2348425482744444,1.3619330686654765,1.29283775328429,1.5300542529505012,0.5629647270514144
Itk,0.0337170568337707,0.1526965374369194,0.4293451746530331,-2.595341622136833,-0.5708570520422327,-0.1777379170217274,1.25030614492977,0.8509504227490926,0.44343691427388215
Rack1,0.0128989045010716,0.1422164007303326,0.4319679288719536,0.0298656366235592,0.0957253369384537,0.1289652236034341,3.05068081184419,3.258711639349725,0.4172164817343941
Hnrnpab,0.362000457886138,0.8636836523943835,1.0,-0.2601396360009024,0.5699853335565714,30.06102043801948,0.75115414655051,1.0949923960078338,0.8682134617600883
Ube2b,0.0829321115816695,0.5918075732317218,0.9018020163531,-0.0922604512711048,0.1517658228914089,0.3108693553926204,1.58369730864913,1.7663339002204936,0.7611456512731224
Ppp2ca,0.0906343806732271,0.6119337394653838,1.0,-0.2587385278091281,-0.0227397976428419,0.1086334140028837,1.27572901997831,1.2582797313245724,0.7611456512731224
Uqcrq,0.2358320476719947,0.7616243103146927,1.0,-29.321671895757664,0.7321624630113966,29.922280507325365,0.0,0.8358608783824166,0.7996633176906914
Hint1,0.0004499141491537,0.1177655400828241,0.9018020163531,-0.063167326443641,0.2368159271556507,1.137222184908127,1.24920297897551,1.4754475724965712,0.3982792948683532
Arf1,0.1629806968918196,0.7032118540606818,1.0,-0.2213155920831167,-0.0798485443289506,0.5630309327814866,1.29580270219512,1.226169178330045,0.7611456512731224
Ncor1,0.0683496070492974,0.5918075732317218,1.0,-0.2016022580727179,0.0260265991725593,0.6454547860782598,1.45666876632877,1.4709137739900462,0.7611456512731224
Ubb,0.0071842502183059,0.195562435500516,0.967135032150512,-0.1203621111812146,-0.0545673059227987,0.0206076049256576,3.06077060041333,2.9512642648082466,0.5020017875571281
2410006H16Rik,0.0424317710862931,0.2697878136817866,0.6509061393555177,-0.4408277850546359,-0.280916207385177,-0.0979946646600284,1.4699371549693,1.2049932618635362,0.5788357942799526
Rpl26,0.0025988330554894,0.0449313328570294,0.3402397396205445,0.0278282608022712,0.0537145179063571,0.1182818283842335,3.44298181977368,3.5755147283061337,0.22946573934848238
Eif4a1,0.195562435500516,0.7672806278121114,1.0,-0.1481598456737182,-0.06260127669992,0.0757640995467016,1.53793562934172,1.4702054484893976,0.7996633176906914
Eif5a,0.0076550160232633,0.1894211625722123,0.966278470916598,0.0179471853145923,0.6889357515209207,30.414821227134784,0.843598968066475,1.40308281820715,0.5020017875571281
Gabarap,0.0006945758087866,0.0216312497181542,0.216322183134876,0.946760149832948,30.11928512024495,30.178293744338514,0.0,1.168456675225681,0.15694261910292148
Pfn1,0.0449313328570294,0.2991188378185282,0.9018020163531,-0.1528256128267955,-0.0363791101902155,0.0085069764658439,2.3034855883273,2.24815893872334,0.5992799015528004
Pafah1b1,0.2268397237437485,0.6503532587123918,1.0,-0.171727211102726,-0.0748234179138714,0.2258295360507891,1.41588345537646,1.3439645774032876,0.7611456512731224
Ywhae,0.124362104645174,0.5731887838440366,1.0,-2.3119410344745104,-0.0371716218702011,29.85387066897396,0.91272783347472,0.9058187633426958,0.7611456512731224
Ssh2,0.0270975086943181,0.0952288276084754,0.3798757697432404,29.98138787842614,30.09222907212082,30.16128925348339,0.0,1.1446259480037524,0.36258258555121675
Rpl23a,0.1422164007303326,0.6503532587123918,1.0,-0.0456442593658452,0.008944689345905,0.0758130158769957,2.79154064765565,2.8031008130539465,0.7611456512731224
Crlf3,0.0011533920538063,0.0083942365928358,0.2420905926749874,29.734736793831782,29.967528808204563,30.08705907442224,0.0,1.0498447173408163,0.11458024505348621
Slfn2,0.0003673342536058,0.0004268920055365,0.011890842793894,30.49254726125563,30.539811411686884,30.581805872181363,0.0,1.5618149870666111,0.030682862897935936
Supt4a,0.012970313967227,0.195562435500516,0.967135032150512,-0.0831203229973815,0.169707561273412,1.0745597892694372,1.2504463789033,1.420409648711035,0.5020017875571281
Nme2,0.195562435500516,0.7108438517107247,1.0,-0.2260571272151499,0.0257363334168061,0.2216694778141459,1.850771706577715,1.8600539873209,0.7611456512731224
Atp5g1,0.0784432237751736,0.5479037317543392,1.0,-0.1459576627359889,0.757277296237802,30.13047287552596,0.67096947517441,1.1009159741014438,0.7611456512731224
Skap1,0.1172817576551966,0.6105199638852996,1.0,-0.2944013389360988,0.0327008233438619,30.10442838806744,1.15600855634195,1.1513182282803576,0.7611456512731224
Rpl23,0.0221084385171072,0.1673414304993252,0.5918075732317218,0.0103078236348299,0.0323363149727419,0.0445418237921573,4.09970730900184,4.19050744630597,0.4560252252943696
Rpl19,0.0129792807811383,0.1422164007303326,0.6503532587123918,0.061863774423241,0.0721326831109314,0.0947004702725088,3.80193198510024,4.000541321592284,0.4172164817343941
Eif1,0.0001587679606255,0.0071842502183059,0.1198301182821306,-0.1852767309064134,-0.1250051657326063,-0.0821633305087285,3.5701647759465898,3.278724946772925,0.10075472867136323
Stat3,0.2792911929979267,0.7839600831061322,1.0,-29.932601347886308,0.0,28.82946993786947,0.4517254079075985,0.0,0.8092945202621652
Rpl27,0.0015123728909584,0.1002619671350321,0.9018020163531,-0.0044641144296018,0.0332184527769668,0.0892927437172606,3.417270571111895,3.4938138995121357,0.36258258555121675
Ddx5,0.0831150273874732,0.5918075732317218,1.0,-0.0307184552928084,0.0412556342870249,0.1102843201839737,2.77352672062016,2.861291418622137,0.7611456512731224
Gna13,0.1673414304993252,0.7108438517107247,1.0,-0.1423127021983567,0.0041104023860961,0.1625313356818969,1.88542018273827,1.8783485494788952,0.7611456512731224
Prkar1a,0.1002619671350321,0.6503532587123918,1.0,-0.2248906182892176,0.0043379832470308,0.2375105508533805,1.56041831239381,1.5658776132425738,0.7611456512731224
Rpl38,0.0831150273874732,0.2991188378185282,0.7108438517107247,0.0011574052610852,0.0414703152913365,0.0728638430845567,3.36930626948057,3.464930096679118,0.5992799015528004
Atp5h,0.1422164007303326,0.6503532587123918,1.0,-0.0887788216370891,0.0316283805148961,0.1286834423997739,1.85259490584447,1.898388997341324,0.7611456512731224
Sumo2,0.0449313328570294,0.535841867111217,1.0,-0.1562628411543704,-0.0555829345120913,0.0902157469399894,1.69097711722387,1.6250642952605752,0.7611456512731224
H3f3b,0.0037310470747003,0.0170675557672461,0.0831150273874732,-0.3256470609141049,-0.2698911842261119,-0.1877075333115006,3.48993661656595,2.893003071253635,0.1486946146388865
Ubald2,0.1198301182821306,0.535841867111217,0.967135032150512,-0.1740663368991995,-0.1050627671412561,0.0467405533786019,1.6791123641967398,1.54877471000008,0.7611456512731224
Actg1,7.938398031277289e-05,0.0037310470747003,0.1002619671350321,-0.2461375705497719,-0.1948227048598772,-0.1203318217701007,3.16744185045713,2.761837439909198,0.08332148867458636
Sf3b6,0.2465023071088137,0.4397643318639694,1.0,-0.2778163287679156,-0.1044706928853517,30.075916642118347,1.20967283031442,1.1173310273911237,0.7163300023279954
Id2,0.0018248817672957,0.0140067698608689,0.065173965917146,-30.882602381683963,-30.679208946148677,-2.172080740293707,1.71934145980446,0.0,0.13886021844826926
Rps7,0.1002619671350321,0.5918075732317218,1.0,-0.0223298074370379,0.0216169105596544,0.0646951194185287,3.76211914278886,3.83057436739018,0.7611456512731224
Ifrd1,0.0910118200993212,0.2530530366638864,0.8301005406091442,-1.427181573532916,-0.387725079496653,0.5724684693133902,1.28265535242243,0.9891524846424404,0.5629647270514144
Nfkbia,0.0952288276084754,0.6291178404921549,1.0,-0.2138173276145173,30.00485883315641,30.117342700896145,0.0,1.1157844584333088,0.7611456512731224
Rps29,0.2991188378185282,0.5918075732317218,0.967135032150512,-0.0198761360951876,-0.0035718360724653,0.018955519428753,4.12142294885792,4.110689421509735,0.7611456512731224
Rpl36al,0.009764229578471,0.1673414304993252,0.8369453044375644,0.0408011636704503,0.1042742217285277,0.229236373430279,2.2748030708548,2.437126274148884,0.4560252252943696
Psma3,0.1526442842895819,0.6405806543923431,1.0,-0.2175128569122562,0.6115422090320217,30.118579502446572,0.743780692265355,1.1370544019862037,0.7611456512731224
Hif1a,0.0037310470747003,0.0221084385171072,0.1673414304993252,0.1967325433491025,0.3370440449308252,0.4928076504185257,1.6848679270254898,2.110496685676896,0.15694261910292148
Zfp36l1,0.1002619671350321,0.6712428986179558,1.0,-0.6338929277696943,0.0109224191245553,0.2223831132009129,1.29580270219512,1.3134644142935774,0.7611456512731224
Srsf5,0.41741831853028,0.8300724282054521,1.0,-0.1017161453595703,0.0094718524127896,0.2935519358900947,1.38704483019826,1.3861011836719386,0.8428083188294213
Rbm25,0.1389615849030182,0.2899181831607423,0.8325897513232108,0.0376366004183439,0.3704505850065955,1.315264968182146,1.05793131466657,1.355754198672816,0.5992799015528004
Npc2,0.0256195737587295,0.2132308942193583,0.4826141535894979,-3.1166710196990306,-0.6113749880581677,-0.1379041242970032,1.4132898654619,0.9074230954754464,0.529298958734271
Calm1,0.0170675557672461,0.0556481701992537,0.2614114471699611,-0.2602699268781478,-0.1547440645966059,-0.095880108935718,2.62407249869914,2.356840000803891,0.25195037688638483
Ndufb1-ps,0.1223021320561038,0.4212186277512375,1.0,-0.1331281941015435,1.3740341077461742,30.27659512376745,0.4859280714481915,1.269642510425425,0.7056294292652652
Ddx24,0.0018567717777922,0.0375466511100235,0.4179725867628501,0.0612507526470106,30.26481728306058,30.31610725443239,0.0,1.3026102642106498,0.20561261322155724
Ifi27l2a,0.0279322764623472,0.3041802621125226,1.0,-0.2828604355266463,29.325756557709138,29.981475981985035,0.0,0.8375825145590939,0.603116036947243
Hsp90aa1,0.1673414304993252,0.7108438517107247,1.0,-0.1210249215882501,-0.0296459734559606,0.1509793788512667,1.7890562590814,1.75777613478676,0.7611456512731224
Eif5,0.0002778439310947,0.0159635965629785,0.1901440318990211,0.1437603494727885,0.6835268828008325,1.7980020455229897,1.0511249465122363,1.6827908170541526,0.1486946146388865
Atp5mpl,0.0042746601674519,0.2530530366638864,1.0,0.0152990432365359,0.619843809128188,30.184920494540457,0.785600922942995,1.212123364490475,0.5629647270514144
Gpr132,0.1088434256386677,0.5681478389042005,1.0,-29.932601347886308,-0.810066782096643,29.548120534208667,0.67096947517441,0.365743155477947,0.7611456512731224
Crip1,7.938398031277289e-05,0.0017861395570373,0.0170675557672461,-0.9396603628552214,-0.8397778101038341,-0.7285014661693532,2.97974812890934,1.6648157746501302,0.05619177748581658
Igha,0.3402397396205445,0.5918075732317218,0.967135032150512,-0.0315021180862088,0.08760436824563,0.146305503704816,1.73320245376152,1.85327888994163,0.7611456512731224
Gdi2,0.011890842793894,0.1384410174210646,0.5821022530196049,0.3990668212068719,2.43751115381757,30.462831555159145,0.275230636463849,1.458210521006396,0.4172164817343941
Klf6,0.0016167728306206,0.0178970593406489,0.2042939237011675,-30.22391935517012,-30.07617315329646,-29.484533758831173,1.13195789675541,0.0,0.15359416598318087
Psma2,0.0162337631363289,0.2465023071088137,0.9654340961219868,0.2511430856309883,29.879393768082885,30.05978009476288,0.0,1.0623644493532711,0.5624556610617774
Dek,0.0442787465062432,0.3232341500076313,0.9635544038307184,-30.256486427606944,-1.463719722914373,28.94982861429664,0.906210599086756,0.0,0.6290606118386273
H2afy,0.4039533074074468,0.819282132592199,1.0,-1.3688929232556135,28.78189519402166,29.843038302727944,0.0,0.504539100999495,0.8397276760080471
Hnrnpk,3.969199015638645e-05,0.0126206082246849,0.3748927946868119,0.1611443330562649,0.3510770737646931,1.3424401872269736,1.17453454950401,1.4994176294509152,0.13093134121323724
Uqcrb,0.2346423378616529,0.7254007371993423,1.0,-29.043890023643076,0.0,29.7994107687501,0.0,0.3819225027598847,0.7752888919881447
Cox7c,0.0170675557672461,0.195562435500516,0.8369453044375644,-0.1248982046051462,-0.0764005929484621,-0.011846441664209,2.083312245161215,1.9553397007396611,0.5020017875571281
Rps23,0.0449313328570294,0.4319679288719536,0.967135032150512,-0.0033533232541807,0.0202952134113043,0.0495567527525475,3.99078511131638,4.043756486731655,0.7056294292652652
Nsa2,0.1667133047551004,0.7108438517107247,1.0,-0.1293125988862572,0.0258571443392432,0.1140459277952515,1.722572718230135,1.7591193517092223,0.7611456512731224
Btf3,0.035654322457728,0.535841867111217,1.0,-0.0739796617287324,0.0170822732041764,0.0854797471588194,2.211003056344945,2.2423677335833734,0.7611456512731224
Pik3r1,0.0012982623324188,0.0012982623324188,0.0198937322170479,-30.256486427606944,-30.137976595254507,0.0,1.18150336650552,0.0,0.04976672274272067
Gpbp1,0.0248582541509547,0.2905542727973867,1.0,-0.0260465684726035,0.2478246905806125,30.17239989876435,1.02290446975841,1.2168473936013524,0.5992799015528004
Emb,0.1002619671350321,0.2991188378185282,0.9018020163531,-0.0184365115839058,0.1095345801242535,0.3054791568379604,2.63692424278744,2.8371771739804665,0.5992799015528004
Rpl15,0.0011907597046915,0.0221084385171072,0.195562435500516,0.0215132739319127,0.0369422910029826,0.1061185152134442,3.08742236747671,3.15966274725137,0.15694261910292148
Rps24,0.0011907597046915,0.0358418671112169,0.3413451615463989,0.0053595067568358,0.0434442783138382,0.0776234088198692,4.43584522152624,4.581248156832549,0.20204974106813453
Arf4,0.0310711640101106,0.4717437453091039,1.0,-0.1121013981347115,0.1397660245418516,1.26897386563848,1.16065427211032,1.2809659780986613,0.7537757005636262
Selenok,0.0556481701992537,0.3402397396205445,0.967135032150512,-0.2367152022106546,-0.1346843162015411,0.0409772054280131,1.74499937916894,1.574419155784585,0.6290606118386273
Timm23,0.0357321958146172,0.2003818038086827,0.7982834859456779,0.0,28.294638336634623,29.78992721120739,0.0,0.3322598438783005,0.5098209610176662
Hnrnpc,0.0511645209608311,0.3959854587360712,1.0,-29.96928702703707,-0.3256162335705382,0.8336548971824217,1.02473330981504,0.772227846016794,0.689974662949215
Trac,0.0037310470747003,0.195562435500516,0.9018020163531,-0.0096985799615435,0.0872267022122954,0.4022525837971683,1.60656411784832,1.706091057304185,0.5020017875571281
Dad1,0.0358418671112169,0.4218308744273433,0.8989434582164634,-0.3553492993464627,-0.2526839439926473,0.4369981427474554,1.51787559906419,1.2768957010760826,0.7056294292652652
Psme1,0.1293317454163906,0.6313502004972404,1.0,-29.75697187064575,0.0174715838704882,29.90836139087234,0.68882846420912,0.8594138211504052,0.7611456512731224
Nedd8,0.0669929980583557,0.371453414878341,0.8140546890169088,-30.40271276204409,-29.28111434507674,0.0,0.65236961302432,0.0,0.6739712029770928
Itm2b,0.3402397396205445,0.7108438517107247,1.0,-0.1270997525746861,-0.0700703499980579,0.0391792876237532,2.33827032138668,2.225266744978305,0.7611456512731224
Lcp1,0.0814559657624565,0.3607833021062748,0.92718481026597,-30.21836077001259,-29.074178250780367,0.0,0.565196875064045,0.0,0.660670059589516
Tpt1,0.0283400809716599,0.3402397396205445,0.9018020163531,-0.0024669713930857,0.0111761048991994,0.0386154340914104,4.780229615816189,4.818680098759465,0.6290606118386273
Elf1,0.1172817576551966,0.6414642630986135,0.9662340001638232,-0.36542859227795,-0.1632411599508719,0.0807811640173797,1.38121593347645,1.2250538146252388,0.7611456512731224
Tbc1d4,0.0155380116890649,0.216322183134876,0.3706266179443429,1.0031701116388752,30.31516234342668,30.46072299136341,0.0,1.38622704348849,0.529298958734271
Gm10076,0.2786365066725308,0.7012007398756748,1.0,-0.0544426426417807,29.62079005215252,30.01714203132498,0.0,0.9663414173126568,0.7611456512731224
Rpl37,0.0129792807811383,0.1422164007303326,0.535841867111217,0.0099682755802432,0.0571731709661105,0.0902486002399946,3.45354454230624,3.591453137410721,0.4172164817343941
Fyb,0.0556481701992537,0.2614114471699611,0.9018020163531,0.0025970209715787,0.1642574382883108,0.4342525300825212,1.68356658484722,1.903266440978584,0.5629647270514144
Il7r,0.0026507906056257,0.0308552657792724,0.2899181831607423,0.3154733049309555,0.8329007099463697,1.7926244175675072,1.1405538721167183,1.9991790070278572,0.19496459146243547
Sub1,0.009764229578471,0.3402397396205445,0.967135032150512,-0.1297056094295812,-0.0720514393235561,0.0092698161041229,2.56587293175947,2.45136140304874,0.6290606118386273
Rpl30,0.005239342700643,0.1198301182821306,0.7732396602365642,-0.0009769127145059,0.0615521967871926,0.0890611528085899,3.78443398333915,3.9558963706669465,0.3982792948683532
Cox6c,0.0358418671112169,0.4319679288719536,1.0,-0.1723645237016401,-0.0717928036957575,0.0342449643748357,1.983709682739935,1.8860948843748813,0.7056294292652652
Pabpc1,0.2991188378185282,0.7108438517107247,0.967135032150512,-0.1121656883756059,-0.0627490476900268,-0.0105436162183307,2.4009310978379,2.286428011444625,0.7611456512731224
Ywhaz,0.0831150273874732,0.384456616654759,0.967135032150512,-0.2052616982928723,-0.0706284974491454,0.0476688546614589,1.86025510383366,1.7776518970318476,0.6739712029770928
Eif3e,0.1198301182821306,0.6503532587123918,1.0,-0.0559901949387451,0.0027162370194795,0.189879394659326,1.5139930195507,1.502385122657104,0.7611456512731224
Eif3h,0.005239342700643,0.0358418671112169,0.2991188378185282,0.0838798429777314,0.3068520959415791,1.555745130856082,1.30327183061235,1.6128788112746362,0.20204974106813453
Sla,0.0910118200993212,0.6291178404921549,1.0,-1.0981676824220217,0.3078456090271589,29.93730322058413,0.72155478436259,0.9288640370605108,0.7611456512731224
Ly6e,0.0037310470747003,0.195562435500516,0.967135032150512,-0.3339761732243175,-0.1958342208161853,-0.0317310290111442,1.56548839794997,1.3621618516608351,0.5020017875571281
Eef1d,0.1672324121591376,0.7035844410913497,1.0,-0.2008293901077577,-0.0244053986630895,0.1353746203850298,1.300881024484465,1.288816761026225,0.7611456512731224
Dgat1,0.3041802621125226,0.819282132592199,1.0,-0.7324184472064842,29.814521826031,30.09963499082062,0.0,0.9901763357928955,0.8397276760080471
Rpl8,0.1422164007303326,0.5918075732317218,1.0,-0.0193614716153447,0.0147462798565029,0.0576349573778726,3.41849385957964,3.451585220005116,0.7611456512731224
Myh9,0.0893779691058551,0.6227581499838548,1.0,-0.2194823057461852,0.214329795642062,30.15605944896961,1.02290446975841,1.1867529844598474,0.7611456512731224
Il2rb,0.3565121569076059,0.7544930115071693,1.0,-1.043052847318349,0.8477752331343023,29.927942759533902,0.549906865271355,0.53769206166668,0.7996633176906914
Rac2,0.0129792807811383,0.2614114471699611,0.967135032150512,-0.2731356828544268,-0.1436825509369247,-0.0310472814189287,1.60402000419271,1.4668148852863938,0.5629647270514144
Lgals1,0.0058000126059287,0.0244777198220902,0.0895509391308179,-0.8114566566187661,-0.7026208660873876,-0.5287868935288634,2.08594362943213,1.2570644715098138,0.1695745650325526
Rpl3,3.969199015638645e-05,0.0002778439310947,0.0556481701992537,0.0512008924462419,0.1018856909525164,0.1253371455495936,2.90968788248178,3.125617578516648,0.022822894339921785
Rbx1,0.1146349332924198,0.6390933766786356,1.0,-0.1399441938857341,0.116005969387874,30.175534351346865,1.0511249465122363,1.20182042200872,0.7611456512731224
Snu13,0.0108789532561692,0.2065727842575419,0.9300256853640896,-30.20495932889984,-1.5913060490358109,29.102201429047486,1.06227895652839,0.2214483325665855,0.5209620655617834
Ndufa6,0.0685795170636079,0.4188517626326579,0.6414642630986135,0.0938753498618397,30.1565161495873,30.214930355016044,0.0,1.2209560544801423,0.7056294292652652
Tspo,0.1612689185845311,0.7035844410913497,1.0,-0.1407142561299479,0.0573912040934559,30.24054289354066,1.24899651090572,1.2779410849726762,0.7611456512731224
Pfdn5,0.1002619671350321,0.6503532587123918,0.967135032150512,-0.1010126666426937,0.0093058397618658,0.1096181429977476,2.09152228469769,2.099817077361375,0.7611456512731224
Prr13,0.1894211625722123,0.6712428986179558,1.0,-0.2877170457904912,0.0477715753237813,0.6510618282781074,1.1752305274748,1.2131418484572287,0.7611456512731224
Pcbp2,0.0011158224689312,0.0466343433504458,0.6516747235960978,0.1111752677429873,0.8893798125031753,30.375133581353246,0.732382432476165,1.3742445460329802,0.23061014208874372
Atp5g2,0.0556481701992537,0.4319679288719536,0.966299884947446,-0.0858818578676412,0.1439508640376194,0.3570664675396415,1.474429387152115,1.6328512147549012,0.7056294292652652
Hnrnpa1,0.0307923861590821,0.2536789670784006,0.966278470916598,-0.0236506270861674,0.0764535860241972,0.2527865410548358,1.50561536443169,1.580016579487145,0.5629647270514144
Tra2b,0.1613153796537403,0.5254410213627343,0.8323721218513491,-0.1608576606249833,1.1473673064983745,30.2061812447885,0.549906865271355,1.2188261480095313,0.7611456512731224
Eif4a2,0.0002763469159099,0.0053615566625386,0.0662742596212287,-30.137976595254507,-29.034612059652734,0.0,0.549906865271355,0.0,0.08332148867458636
Pak2,0.0004421450211041,0.0126206082246849,0.2536789670784006,0.2295036837806667,1.307569145914966,30.38050305734905,0.549906865271355,1.3758475315525265,0.13093134121323724
Rpl35a,0.005239342700643,0.0358418671112169,0.2614114471699611,0.025662146696092,0.0399851568328338,0.0829155694864195,3.65022350782198,3.759223015251325,0.20204974106813453
Cox17,0.1176842474143139,0.4647187908899939,1.0,-30.182053459879945,-1.6473317517002748,0.7357569164206399,0.67096947517441,0.2054081837167922,0.7464058792227556
Cd47,0.005272223871041,0.0450950061676148,0.286498866504372,-1.400971368701506,-0.3952999995946614,-0.1628019788560609,1.38704483019826,1.0716545151455603,0.22946573934848238
Cblb,0.0020898868191844,0.0337170568337707,0.2925115906912476,29.76336394275297,30.01628328873448,30.12841877067208,0.0,1.0861450464726898,0.20204974106813453
Rpl24,0.0556481701992537,0.3402397396205445,0.967135032150512,-0.0273407727759514,0.0182590000036644,0.0735112197961959,3.2842004048085647,3.331079557079238,0.6290606118386273
Cggbp1,0.0012982623324188,0.0164559030127128,0.0662742596212287,-29.585201407447094,-29.585201407447094,0.0,0.805439734782585,0.0,0.1486946146388865
Samsn1,0.0002763469159099,0.0002763469159099,0.0012982623324188,-30.790639673347105,-30.62160428244245,-30.33977445859436,1.65204321679743,0.0,0.022822894339921785
Nrip1,0.0466343433504458,0.2530530366638864,0.9331910794922312,-0.4121067303274465,-0.2248544753604483,0.0267130116147547,1.40233118590103,1.1962524239996826,0.5629647270514144
D16Ertd472e,0.0283400809716599,0.384456616654759,0.967135032150512,-0.4110244945171173,-0.1914109678577095,0.0423398009129464,1.64559632969763,1.4431327029081524,0.6739712029770928
Atp5j,0.1894211625722123,0.6414642630986135,1.0,-0.2547594315257228,0.030306932368169,0.663053135593648,1.21815743931789,1.2538927569919611,0.7611456512731224
Son,0.1667133047551004,0.5918075732317218,1.0,-0.1003809819383093,0.0334079673268498,0.1690019643933577,1.80521862260206,1.8501502732594115,0.7611456512731224
Atp5o,0.0012982623324188,0.0198937322170479,0.0914547423353466,-29.96928702703707,-28.856167539592604,0.0,0.4859280714481915,0.0,0.15694261910292148
Ezr,0.0390562023728528,0.1122627763489942,0.5156712679831987,-0.793645959963258,-0.4713897920116168,-0.1028128969699631,1.474429387152115,1.036375819422846,0.3914773900082283
Psmb1,0.0004499141491537,0.1002619671350321,0.8384985697977374,-0.0097506806596844,0.1284602801936818,1.0779965451427194,1.292726848036,1.4083639405251476,0.36258258555121675
Srrm2,7.938398031277289e-05,0.0026196713503215,0.0556481701992537,0.2075209806787486,0.2551615672030212,0.6136482564674737,1.57574788905112,1.866308736799984,0.07018975852763114
Elob,0.384456616654759,0.8369453044375644,1.0,-0.0837231798531433,-0.0267735370690013,0.0824465628327403,1.63182410521293,1.5945455525109875,0.8428083188294213
Atp6v0c,0.1356553584260904,0.216322183134876,0.6390933766786356,0.2194193956897049,30.17515857739717,30.224600671167988,0.0,1.2232658690561462,0.529298958734271
Rps2,0.0037310470747003,0.0129792807811383,0.0831150273874732,0.0740034150756712,0.1554796182971415,0.2832340987204735,2.6869036053915,2.9809349048146703,0.13093134121323724
Ube2i,0.018221180457202,0.2294376958686318,0.931590849261792,0.1478555849163543,1.2444871340879842,30.152877555969308,0.4859280714481915,1.15493001945525,0.5406830947723905
Atp6v0e,0.06182504393413,0.374017623126423,0.9662340001638232,0.0111726305946623,1.0552523407175287,30.190499837524488,0.581912496707765,1.201389535783885,0.6739712029770928
Rps10,0.0099092129316893,0.1198301182821306,0.4824164483607208,0.0111717551538268,0.0535478836841025,0.0958076055466813,3.73725525385076,3.882263519763733,0.3982792948683532
Rpl10a,0.035654322457728,0.3402397396205445,1.0,-0.0257375105563156,0.039723251314248,0.1392043957861857,2.992466154095255,3.062745897670432,0.6290606118386273
Srsf3,0.2268397237437485,0.7108438517107247,1.0,-0.1537960798870514,-0.0329474390052679,0.0575960351689566,1.47459645912824,1.4546457672186035,0.7611456512731224
Pim1,0.009764229578471,0.2991188378185282,1.0,-0.3449692571622151,-0.1662823670830362,0.0414314426321112,1.64559632969763,1.4588128848599786,0.5992799015528004
Rps28,0.1002619671350321,0.535841867111217,0.967135032150512,-0.0071254911639152,0.0199553642102764,0.0656899198853192,3.56464329190241,3.614426412850781,0.7611456512731224
Rps18,0.0026196713503215,0.0831150273874732,0.4319679288719536,0.0182148385501807,0.0486519688032923,0.0895791085791727,3.65814506742617,3.7842054444275073,0.3273365804643636
H2-K1,0.1422164007303326,0.5918075732317218,1.0,-0.0769187069279504,-0.017016200063625,0.0345368891178251,3.28121923685103,3.2412453096542126,0.7611456512731224
Brd2,0.0035063931358507,0.0357321958146172,0.2099013825768718,-30.18526993586972,-29.034612059652734,0.0,0.549906865271355,0.0,0.20204974106813453
Psmb8,0.1198301182821306,0.6414642630986135,1.0,-0.3136356391485687,-0.0709897346834111,0.3943270544121678,1.355771849589285,1.2886059459238113,0.7611456512731224
Clic1,0.2268397237437485,0.6419036360134158,1.0,-0.2210616887244268,-0.0430784837769741,0.0548337792444136,1.47208993532583,1.4316400816357275,0.7611456512731224
Ltb,0.0011533920538063,0.0018567717777922,0.0338197633996269,0.934530132049032,30.39054098543544,30.436216080851903,0.0,1.410188071549651,0.05619177748581658
H2-D1,0.0129792807811383,0.1002619671350321,0.3402397396205445,-0.1381256100814158,-0.1069308370100557,-0.0598865762143222,3.20629004637986,2.984579575755304,0.36258258555121675
H2-Q7,0.2266735892263452,0.384456616654759,0.7108438517107247,-0.3444907795445474,-0.2636655310128814,-0.1778846116725383,2.41744061792631,2.011131705714509,0.6739712029770928
Gm42418,0.1002619671350321,0.3402397396205445,0.7124037469238693,0.0002219073794558,0.0258343267625452,0.1226815840845443,3.56996128274975,3.63425991244653,0.6290606118386273
AY036118,0.1002619671350321,0.535841867111217,1.0,-0.0624497722246099,0.0348322222443389,0.1418116676879934,2.0425062935901,2.092185302176941,0.7611456512731224
Hsp90ab1,0.0683496070492974,0.1673414304993252,0.5370108124637194,0.0142687773379888,0.0488536108030816,0.0985916879454968,2.60346163589262,2.683568000471255,0.4560252252943696
Tomm6,0.1404132598848297,0.6477164962454822,1.0,-29.549221385502005,0.5051390874346449,29.920477812199437,0.0,0.4874005327202158,0.7611456512731224
Satb1,0.0004023043007102,0.0006162107617026,0.0380542244898562,0.6019926458447552,1.673766463819689,30.5588057478208,0.4859280714481915,1.550654475367875,0.03301775515448932
Rpl36,0.0358418671112169,0.4824164483607208,1.0,-0.026635773831207,0.0314123631849385,0.106680230051345,3.3331692955853,3.410458734585924,0.7537757005636262
Ankrd12,0.0318660565104877,0.1526965374369194,0.5243435787000272,0.4997354996499383,30.07434778519885,30.202611306414788,0.0,1.1672197264510775,0.44343691427388215
Myl12b,0.1198301182821306,0.4319679288719536,0.8369453044375644,0.0454213679368403,0.1213208735089169,0.2248480678767931,1.79301056409911,1.9440684000661277,0.7056294292652652
Myl12a,0.3746475684825058,0.8325897513232108,1.0,-0.0836420731346437,-0.0105344418486503,0.0523001194230638,1.41275014808597,1.3938122488641675,0.8428083188294213
Smchd1,0.1607565347849723,0.6414642630986135,1.0,-0.192688812760312,1.0793834561775428,30.20700426537088,0.552426076271136,1.1997068196467264,0.7611456512731224
Srsf7,0.0683496070492974,0.2991188378185282,0.7732396602365642,-0.2964087308308991,-0.1882869955565263,-0.058183287875888,1.67952384541575,1.4811191003282325,0.5992799015528004
Cox7a2l,0.0469241506511009,0.5259869247938622,1.0,-0.0653133930459367,0.0494701609373849,0.308678602813026,1.41588345537646,1.4575786493625225,0.7611456512731224
Zfp36l2,0.0963724170579419,0.5101565730404556,1.0,-29.933220236428724,-0.6313752093012406,29.652394652290116,0.96801634227629,0.507380790780835,0.7611456512731224
Calm2,0.0129792807811383,0.2614114471699611,0.9018020163531,-0.3912977302894678,-0.1166750350134121,0.1386705080896001,1.76794261185921,1.6490649318005548,0.5629647270514144
Crem,0.3402397396205445,0.7732396602365642,1.0,-0.197493492697475,-0.0439686429686796,0.8984635706331829,1.556208672647005,1.5166101173136513,0.7996633176906914
Zeb1,0.0375466511100235,0.5825996812113596,1.0,-0.1164601735040567,0.1951325036406294,30.367160415616727,1.16701501555251,1.3660516869365713,0.7611456512731224
Wac,0.0825002509030791,0.519015731445025,1.0,0.0,28.12219714440725,29.692161970312156,0.0,0.2933964203635925,0.7611456512731224
Rock1,0.009764229578471,0.2991188378185282,0.967135032150512,-0.4816077016972563,-0.1173989502936345,0.1427139154116884,1.4115035829341025,1.2942843448458112,0.5992799015528004
Reep5,0.0547320325950598,0.239597921617617,0.8877758665367842,-30.09535580770515,-29.034612059652734,0.5939789001079134,0.565196875064045,0.0,0.5532883732133725
Paip2,0.0826887563183642,0.5918075732317218,1.0,-0.1284466239736486,0.0180923213103364,0.2682256741403959,1.44714843721857,1.4572797689377464,0.7611456512731224
Ndufa2,0.011890842793894,0.2088516448139163,0.8262361973533733,30.014009400966096,30.11149385607201,30.15856207022867,0.0,1.1609269991767213,0.5221291120347907
Ndfip1,0.1673414304993252,0.7732396602365642,0.967135032150512,-0.1888078665585091,-0.1217527511719025,0.0755378066382041,2.08594362943213,1.9181129880038963,0.7996633176906914
Nr3c1,3.969199015638645e-05,0.0071842502183059,0.1198301182821306,-0.6851316945276277,-0.5146612432469506,-0.3342616596358088,1.88833945847827,1.3374472101764625,0.10075472867136323
Tnfaip8,0.1088434256386677,0.2786365066725308,0.4656672985358294,0.9345347067079944,30.225316272673712,30.288518994979928,0.0,1.256426515732,0.5890293799143574
Rps14,0.0052016353099944,0.1422164007303326,0.7108438517107247,-0.0061807523282717,0.0435032067889078,0.0594451184307613,3.851559039888675,3.973446537459875,0.4172164817343941
Csnk1a1,0.2201943430476198,0.8369453044375644,1.0,-0.0537337519150598,0.0657491813308437,0.4275867936631286,1.31680872376725,1.377101374181795,0.8428083188294213
Malt1,0.2536358018402361,0.7616243103146927,1.0,-0.6385474683539496,0.276892707257747,30.15137297456808,0.88988867008413,1.1128252917811987,0.7996633176906914
Sec11c,0.2919972715734465,0.7616243103146927,1.0,-1.0382117808074118,0.7569550214457073,30.00014490839688,0.587267274752005,0.9711705499439433,0.7996633176906914
Mbd2,0.0004268920055365,0.0014559603255425,0.0195729294769867,1.3675430188368467,30.48895190461296,30.53099292678704,0.0,1.5250471273451174,0.05232357419918359
Rpl17,0.0071842502183059,0.0683496070492974,0.384456616654759,0.0269652828671109,0.0673480449313602,0.0869005130464201,3.70890061629071,3.882742513937715,0.2863195480001742
Smad7,0.0002763469159099,0.0053615566625386,0.0682861794017773,-29.957356889582886,-29.321671895757664,0.0,0.67096947517441,0.0,0.08332148867458636
Atp5a1,0.0867249355403694,0.6148206956927414,1.0,-0.2500763289554724,1.117715256400303,30.05320162954106,0.4517254079075985,1.0633965979977602,0.7611456512731224
Cdk2ap2,0.0508863476091401,0.4199884090390556,1.0,-0.4777223080511416,-0.1285788812148622,0.719324796094227,1.2715289943911865,1.1498114903528052,0.7056294292652652
Cfl1,0.0001587679606255,0.005239342700643,0.1198301182821306,-0.2518260132893983,-0.1502519673805726,-0.0812193783144509,2.12797186778417,1.913550880233955,0.08332148867458636
Malat1,0.384456616654759,0.8369453044375644,1.0,-0.0333313243655189,-0.0007087958431496,0.01905725597482,5.67083953796515,5.667924141095811,0.8428083188294213
Fau,0.1422164007303326,0.535841867111217,0.9679566563467484,-0.0106637553265288,0.0069669452392736,0.0217493823245351,4.31913993810035,4.335600466221285,0.7611456512731224
Cox8a,0.2991188378185282,0.8161749399526348,1.0,-0.0564533164556376,-0.0028282215900508,0.0974078277989042,2.03427764608949,2.0229361921606723,0.8395359400228355
Slc3a2,0.0041122351906347,0.058080805439756,0.3839092970818034,-30.18526993586972,-29.75527112547785,0.0,0.906210599086756,0.0,0.25888731106867985
Eef1g,0.0683496070492974,0.5918075732317218,1.0,-0.2071981719445524,0.0059701397675953,0.1404186350263852,1.35079779800704,1.3587593998942489,0.7611456512731224
Ahnak,0.0003220988460922,0.0006181930123559,0.0012858010791207,-31.020955491529183,-30.904845316608853,-1.6978230935361638,2.08594362943213,0.0,0.03301775515448932
Fth1,0.000471342383107,0.0358418671112169,0.2614114471699611,-0.1296913801819131,-0.092059647442096,-0.0283150577164365,3.5536521415063,3.334826488468135,0.20204974106813453
AW112010,0.0129792807811383,0.0283400809716599,0.1673414304993252,-0.3366822787949614,-0.2585457354231107,-0.1338402685026338,2.12358521243687,1.77898377599336,0.18106162843004933
Ms4a4b,0.0074889236219438,0.0784432237751736,0.2926698943776037,-30.501523675895204,-0.8512609394382495,-0.4960655998812508,1.52010483234034,0.8743724751575686,0.322177526219463
Ostf1,0.009764229578471,0.0283400809716599,0.2614114471699611,0.1266179323661264,0.3199124492051192,0.5176152089115708,1.8492029334185,2.3021505215086373,0.18106162843004933
Jak2,0.1097586938026613,0.4804397688284739,0.9654340961219868,-29.321671895757664,28.717494965474827,29.857934153614,0.0,0.6339893981326545,0.7537757005636262
Got1,0.0120830167988336,0.1123369901762742,0.5416655432054917,-30.256486427606944,-29.15225378204186,0.0,0.5966268978814,0.0,0.3914773900082283
Atp5md,0.0125040494402771,0.0687166915200418,0.2530530366638864,0.1305535206294517,0.3306558322535299,30.52449887302117,1.21782219733709,1.5296951008160025,0.2863195480001742
Sfr1,0.0281411500293627,0.3565121569076059,1.0,-30.281547426044764,-1.1673883387677115,29.01999588361328,0.743780692265355,0.3762586464313135,0.6570336225060044
Dusp5,5.070447702323449e-05,0.0006316440116511,0.0072465595346214,-30.548890479047284,-30.457673052782607,-30.057782430816527,1.47459645912824,0.0,0.03301775515448932
Pdcd4,0.0909752980751086,0.4613027199414199,1.0,-1.6863161485819724,0.2364687494029691,29.76252228268675,0.68882846420912,0.9284863109662952,0.7429945769364606
Eif3a,0.0679853182565361,0.4212186277512375,0.966278470916598,-0.076753104374712,0.0666714836527575,30.368737355987715,1.33200247558617,1.3810205186966524,0.7056294292652652
Rbm3,0.0071842502183059,0.1422164007303326,0.7732396602365642,-0.0065570729399875,0.1688887054398625,0.2516029046647943,1.801464497645485,2.031683668828996,0.4172164817343941
Ndufb11,0.0083942365928358,0.1122627763489942,0.5027842415672923,29.90670615739802,30.02864355732068,30.097123462446746,0.0,1.095383308405495,0.3914773900082283
Slc25a5,0.0466198805911637,0.6105199638852996,1.0,-0.1206072451319105,0.1769713842640095,30.11488215607988,1.03938775839069,1.1503211716286286,0.7611456512731224
Rpl39,0.195562435500516,0.7108438517107247,1.0,-0.0207552226346596,-0.0027801863778576,0.0292142917296097,3.96822897937344,3.955902141293541,0.7611456512731224
Ndufa1,0.1292613015488539,0.6390933766786356,1.0,-0.2472836924535457,0.0687549145267174,30.03840034759492,1.0424686758955,1.081235020705275,0.7611456512731224
Ssr4,0.2342527981464418,0.6414642630986135,1.0,0.1076613533095029,0.4537010905072541,30.232380297582903,0.91272783347472,1.2352938934702624,0.7611456512731224
Rpl10,0.0553802492656982,0.4319679288719536,1.0,-0.0191265533520274,0.0327394268234186,0.152953149015217,2.93879618294004,3.01716188686565,0.7056294292652652
Msn,0.0830376319278985,0.5259869247938622,1.0,-0.1282156837575632,0.0150199614777317,0.7505237228357807,1.44244257182312,1.459720918886481,0.7611456512731224
Il2rg,0.0244619798877916,0.1613153796537403,0.8989434582164634,-0.0062157815717785,0.8492754387618684,30.213304487640137,0.685109269865725,1.2194779659715562,0.4560252252943696
Rps4x,0.1673414304993252,0.7108438517107247,1.0,-0.040816666891959,-0.0119672046712347,0.0276910177691612,3.77620295658884,3.748022793428397,0.7611456512731224
Xist,0.0831150273874732,0.2614114471699611,0.7732396602365642,-0.2638930731534315,-0.0741188595863592,0.0147805044901671,2.39684366388584,2.2740327384923087,0.5629647270514144
Cox7b,0.0283400809716599,0.4319679288719536,0.967135032150512,-0.3075479447428452,-0.1534247674895977,0.735591762247715,1.42086570518498,1.2817790674339251,0.7056294292652652
P2ry10,0.1145494495246617,0.5811020620364432,1.0,-0.1633008311159378,0.3990841121246703,30.1676599144277,0.91272783347472,1.195483033442615,0.7611456512731224
Rpl36a,0.1002619671350321,0.4319679288719536,0.967135032150512,-0.0114611589948631,0.0287880483681583,0.1015489187979475,2.6885153624541447,2.7383108579670075,0.7056294292652652
Tmsb4x,0.0037310470747003,0.009764229578471,0.1002619671350321,-0.1392446650020813,-0.1141271092210472,-0.0883860391150888,5.20445208831643,4.8069646995223145,0.11458024505348621
mt-Nd1,3.969199015638645e-05,0.009764229578471,0.0556481701992537,0.0971086310246802,0.1502719551522734,0.1869516278725961,2.63002776650427,2.920388467461725,0.11458024505348621
mt-Nd2,0.0556481701992537,0.2991188378185282,0.967135032150512,-0.0166931884122482,0.0718999232005919,0.1342330315123334,2.88834350315023,3.0479424563915023,0.5992799015528004
mt-Co1,0.0831150273874732,0.384456616654759,0.967135032150512,-0.0035100754653227,0.0139044443051765,0.0544112918943093,4.02689160932549,4.062214392161405,0.6739712029770928
mt-Co2,3.969199015638645e-05,7.938398031277289e-05,0.0283400809716599,0.0231378966573489,0.0517694252717639,0.0761162146668395,4.07278136727679,4.222533801003628,0.022822894339915623
mt-Atp6,7.938398031277289e-05,0.0002778439310947,0.0358418671112169,0.0295566549176014,0.0451564432687803,0.0590779184256103,4.35724204944121,4.498282525891712,0.022822894339921785
mt-Co3,0.0071842502183059,0.0556481701992537,0.4824164483607208,0.0369200780218199,0.0567014072472079,0.0684389512610403,4.03297241535605,4.19299942395719,0.25195037688638483
mt-Nd3,0.009764229578471,0.0221084385171072,0.2614114471699611,0.1719221155469106,0.281798621262687,0.4656358507028559,1.38121593347645,1.664587047179525,0.15694261910292148
mt-Nd4l,0.0026855211958398,0.0571147457932555,0.5259869247938622,0.0580427878317406,0.2721492470252707,1.1335739839586456,1.220876340445765,1.4835088681457775,0.2565701471181399
mt-Nd4,0.0683496070492974,0.2614114471699611,0.8369453044375644,0.0519415633458977,0.0931161134014781,0.1415875833150464,2.87010868073789,3.0640005962684627,0.5629647270514144
mt-Nd5,0.1422164007303326,0.7108438517107247,1.0,-0.0932401545343404,0.0053604852342567,0.093265662718998,1.74460943309666,1.75644855027759,0.7611456512731224
mt-Cytb,3.969199015638645e-05,0.009764229578471,0.2614114471699611,0.0374734705267162,0.073192169253152,0.1172360364520964,3.1903102016612,3.3543638459915925,0.11458024505348621
