gene,pval_lower,pval_median,pval_upper,log2fc_lower,log2fc_median,log2fc_upper,median_Control_median,median_IL10_KOnonTLS_median,FDR_BH
Rb1cc1,0.0012982623324188,0.0053615566625386,0.0198937322170479,-30.09535580770515,-29.034612059652734,0.0,0.549906865271355,0.0,0.18576216907266094
Rpl7,0.0071842502183059,0.384456616654759,0.967135032150512,-0.0140700919927956,0.0360874760176506,0.1023499386582949,3.0934319407557,3.177948035190644,0.7573409605674015
Ptpn18,0.1389615849030182,0.2991188378185282,0.966278470916598,-0.1908361589053777,-0.1086039760971101,0.0559129264928718,1.65204321679743,1.52407999472275,0.7104072398190046
Neurl3,0.0035063931358507,0.058080805439756,0.4639528590961361,-30.134769780913327,-29.11622699021545,0.0,0.581912496707765,0.0,0.45012624215810904
Cox5b,0.0004268920055365,0.0076550160232633,0.0834836063534532,0.1578006087213909,1.573015496906322,30.310081362488013,0.4517254079075985,1.29671046223007,0.21470497322390872
Rpl31,0.0449313328570294,0.384456616654759,0.967135032150512,-0.1418532620961723,-0.0188170660954454,0.0606453050868423,2.266722784107335,2.2495207570951785,0.7573409605674015
Il18r1,0.0093051670732942,0.0746416924145041,0.5832976882782075,0.0667054342666793,0.9028585539153622,30.467429920180003,0.785600922942995,1.44735073455305,0.5053328371510679
Nabp1,0.0020922145085811,0.0416732654960307,0.3959854587360712,-30.46660710231781,-30.06425340259812,-0.6478848247307791,1.292726848036,0.0,0.40909255628603464
Stat4,0.1422164007303326,0.6503532587123918,1.0,-0.2622554992067736,-0.1350386982826445,0.0346991335704533,1.722572718230135,1.5593386289099138,0.7696452732676781
Gls,0.0987488370284312,0.4218308744273433,0.9662340001638232,-0.084503653997986,0.2386120765225601,1.1306961045910475,1.03938775839069,1.23529714069732,0.7696452732676781
Stk17b,0.1198301182821306,0.6503532587123918,1.0,-0.3944000327017548,-0.0223646057124498,0.1060110499992196,1.87477820555165,1.848652120931345,0.7696452732676781
Sf3b1,0.3842113904504527,0.7732396602365642,1.0,-0.1055072942633941,-0.0018837834128109,0.0726740325076351,1.45666876632877,1.45063424831691,0.793446271566788
Hspe1,0.0158250082707493,0.2899181831607423,0.9662340001638232,-0.062009609061213,0.8691810254117883,30.18556450429037,0.67096947517441,1.19454798094894,0.7104072398190046
Bzw1,0.0248582541509547,0.2899181831607423,0.8989467697321653,-0.3607718121142416,-0.195052613396521,0.1721398314594187,1.2504463789033,1.1036079640810263,0.7104072398190046
Clk1,7.938398031277289e-05,0.0129792807811383,0.1673414304993252,-0.3503224202989223,-0.2504018881783588,-0.1230996106423051,1.54602136135724,1.300352504388145,0.25482654600301524
Sumo1,0.0026507906056257,0.1356553584260904,0.7341922322477382,0.768271510206679,1.070423949039399,30.16638263761839,0.565196875064045,1.1787901789129938,0.6026292088501144
Cd28,0.0007541478129713,0.0283400809716599,0.4824164483607208,-0.5636460646611399,-0.2667625753669224,-0.1124851557056723,1.8498800654113,1.54014540403848,0.34949522199983546
Ctla4,0.0037310470747003,0.0159635965629785,0.0571147457932555,0.1978108546419577,0.3845229505542138,0.5549451239509227,1.5434113505944,2.027846608421034,0.2645471143923146
Icos,0.009764229578471,0.0683496070492974,0.4824164483607208,0.0258215528253383,0.3292976280033739,0.6303426365080065,1.80862327528006,2.262008052406185,0.4844006648202884
Eef1b2,0.0221084385171072,0.2802651424942446,0.967135032150512,-0.0231939136204029,0.034603945190353,0.1017222185110285,2.60655636723982,2.670806272830074,0.7104072398190046
Rpl37a,0.4824164483607208,0.9018020163531,1.0,-0.0349066814152791,-0.016241945163744,-0.0005442542424269,3.97927286214841,3.930177503162732,0.9018020163531
Arpc2,0.0037310470747003,0.2991188378185282,0.9679566563467484,-0.0385300706082693,0.1081807782847629,0.2660704313978812,2.134355949536535,2.292252239472431,0.7104072398190046
Ncl,0.005239342700643,0.1002619671350321,0.535841867111217,-0.2088778643100665,-0.1190760320734978,-0.0102772529290456,2.2019108769821347,2.049167909131715,0.5467990615049436
Ptma,0.0221084385171072,0.1422164007303326,0.535841867111217,-0.1322031115803691,-0.045698193479007,-0.006727995947262,3.01485362096831,2.916985208671715,0.6026292088501144
Actr3,0.1900050984733419,0.6419036360134158,1.0,-0.3150369945454389,-0.1285890999698296,1.0686852005223666,1.34739250373263,1.22329111845368,0.7696452732676781
Snrpe,0.0556481701992537,0.4723279998326053,0.967135032150512,-0.1252359089509274,-0.0432399450472493,0.0671308365663832,1.46505633091344,1.4139875137877589,0.7696452732676781
Btg2,0.0007541478129713,0.0283400809716599,0.4319679288719536,-0.5151351971187392,-0.3191937343780014,-0.2011392934151036,1.79301056409911,1.43852350531329,0.34949522199983546
Ptprc,0.0170675557672461,0.0683496070492974,0.3402397396205445,-0.2540606109434968,-0.1552234944006774,-0.0338317262254028,2.5037680331382,2.2583551353811986,0.4844006648202884
Rgs2,0.0007527869112264,0.036078010054225,0.3706266179443429,1.1831838928962712,30.257723223817308,30.344944054428463,0.0,1.292920634142795,0.37274229898622085
Rgs1,0.0221084385171072,0.0556481701992537,0.4824164483607208,0.1027313711719563,0.3016384951711211,0.622260284646304,1.801464497645485,2.257351210898489,0.44597202386732426
Tpr,0.0198981713239897,0.1177655400828241,0.4824164483607208,0.3002184285149601,1.439451608327389,30.50666343871901,0.549906865271355,1.5106221696251376,0.5931087367073523
Arpc5,0.0250492914657497,0.2905542727973867,0.9034128159483664,0.0015030330107695,0.1446048963669085,0.774510295252838,1.29580270219512,1.425995251684335,0.7104072398190046
4930523C07Rik,0.2536212327108274,0.7313172045350196,1.0,-0.3914147468081883,-0.0858814076983877,29.903844934036805,1.15059116719208,1.05857108686878,0.7874695310258255
Gas5,0.0556481701992537,0.535841867111217,1.0,-0.0895336808210343,0.066748549817494,0.1978211683235829,1.55010236289611,1.6118954874992824,0.7696452732676781
Prdx6,0.0170675557672461,0.2991188378185282,0.967135032150512,-0.0752808255963358,0.1736326760130041,0.4999424144855109,1.462634698746075,1.6518282921977,0.7104072398190046
Prrc2c,0.0683496070492974,0.535841867111217,1.0,-0.1011443543173779,0.0090972571420633,0.2713746028144421,1.83734175178422,1.8462574678628936,0.7696452732676781
Tagln2,0.0158250082707493,0.1146957578294307,0.4199884090390556,-0.5395466745121476,-0.3989537191610552,-0.2314850873806904,1.56041831239381,1.182247543230854,0.5931087367073523
Hnrnpu,0.0017861395570373,0.0449313328570294,0.2991188378185282,-0.412290232690544,-0.2754246192649185,-0.0859006460336827,1.52010483234034,1.2735270442713738,0.411013418556443
Itpkb,0.0012982623324188,0.0164559030127128,0.0662742596212287,-30.46660710231781,-30.297030486787357,0.0,1.31921310141975,0.0,0.2645471143923146
H3f3a,0.0071842502183059,0.2991188378185282,0.967135032150512,-0.1375489342767069,-0.0456836818666618,0.0206554122781747,2.58474520449285,2.5097241320205974,0.7104072398190046
Srp9,0.0071976224173992,0.1743948311275974,0.9331910794922312,-0.0769675859651815,0.9637005650781896,30.13259035533929,0.594236091753515,1.1419054669481414,0.6263326556960662
Fam107b,0.009764229578471,0.1422164007303326,0.6503532587123918,-0.4535746591596579,-0.299270504820131,-0.0481508352144649,1.60196005252185,1.2998312206054663,0.6026292088501144
Celf2,0.012970313967227,0.4723279998326053,1.0,-0.064251328677459,0.1012150379382159,1.296388717157665,1.3513929496746049,1.4478678140910364,0.7696452732676781
Vim,0.2268397237437485,0.5918075732317218,0.9018020163531,-0.3353876721611363,-0.2312770079407708,-0.1129433504924633,2.20078805549461,1.8786562077911373,0.7696452732676781
Edf1,0.0296825706912336,0.3235446436077284,0.9659938147885658,-0.0838510550782473,1.0720934155383597,30.15563031292633,0.549906865271355,1.151709393138645,0.7357829926059923
Rpl7a,0.0071842502183059,0.2614114471699611,0.8369453044375644,0.0044970912953841,0.0699142270585349,0.1680670479477574,2.391974455889655,2.499855114626264,0.7104072398190046
Set,0.0669978764581105,0.286498866504372,0.8952067286783347,-2.2497449223105943,-0.3231805907042163,29.34418412375766,1.21815743931789,0.9944999456179175,0.7104072398190046
Rpl12,0.2268397237437485,0.7108438517107247,1.0,-0.0465811389568729,0.0038288330254471,0.0401861131638916,3.692295447508255,3.701162852529893,0.7696452732676781
Hspa5,0.1198301182821306,0.384456616654759,0.5918075732317218,-0.2698478428564316,-0.1772561612221403,-0.0831514021101757,2.16169204616848,1.9333268911575847,0.7573409605674015
Traf1,0.0135839874111353,0.2040590666842787,0.9300256853640896,-30.470679618848383,-3.0157333787068348,28.628770474158333,0.864402761245295,0.0,0.671456928922012
Rpl35,0.1002619671350321,0.4319679288719536,0.967135032150512,-0.1240591883972007,-0.0455894832654156,0.0271650074125262,2.57781820946429,2.492325831987376,0.7696452732676781
Cytip,0.0358418671112169,0.195562435500516,0.9018020163531,0.0073380092831812,0.0641990032475477,0.2716640999142926,2.22153018051283,2.3289908878524685,0.6582072829131653
Ssb,0.13824564313806,0.5825996812113596,0.9662340001638232,-0.1420898527590201,0.2553048979616201,30.2060905205435,1.07301650392516,1.232437695251935,0.7696452732676781
Atp5g3,0.0190355559668588,0.2346601471514037,0.932349983715403,-0.051331719569786,30.09628661206331,30.17280543636545,0.0,1.180078446788725,0.6910700302428103
Hnrnpa3,0.195562435500516,0.8369453044375644,1.0,-0.1553022633701478,-0.0270566829550616,0.1038176653860038,1.45666876632877,1.4341396509591688,0.8397969068376925
Cd44,0.1673414304993252,0.7108438517107247,1.0,-0.2228876361301317,-0.0240732262067426,0.220737512477452,1.32954458757593,1.309018409916615,0.7696452732676781
Nop10,0.1097586938026613,0.5027842415672923,1.0,0.0,29.722706249867905,29.9526570564582,0.0,0.8859845448247765,0.7696452732676781
Srp14,0.0375466511100235,0.3302367937943543,1.0,-0.0598340923983781,0.5847076828031594,30.21160304418264,0.805439734782585,1.2226232550450664,0.7367691420459586
Pdia3,0.0037049089277288,0.1389615849030182,0.9326171489301228,-0.4131151575324919,-0.2593803780944014,0.0536088831584051,1.44310956872518,1.2052166257820365,0.6026292088501144
Serf2,0.0831150273874732,0.5918075732317218,1.0,-0.0584281339650125,0.0246987059351514,0.1522682432915895,2.2383217373567,2.2757511914638324,0.7696452732676781
B2m,0.0683496070492974,0.384456616654759,0.967135032150512,-0.0029969946438399,0.0292957060959684,0.0905700487659415,3.39269324375799,3.462321160185983,0.7573409605674015
Eif2s2,0.1629806968918196,0.6419036360134158,0.967135032150512,-0.180463294108964,0.0134612038583819,0.9997454564998184,1.351144665940455,1.3685190784228949,0.7696452732676781
Rbm39,0.2268397237437485,0.6503532587123918,1.0,-0.0997568277673464,0.0048148863095419,0.1098719328407742,2.31986610512122,2.329708541068688,0.7696452732676781
Top1,0.1629668384422399,0.6419036360134158,1.0,-0.210261711844185,0.104267026923172,0.3975071219584536,1.2940240606845217,1.390695048207955,0.7696452732676781
Stk4,0.0687166915200418,0.4717437453091039,0.8990759188445385,-0.0898175378207958,0.2569462808275128,30.360065790874224,1.1471093717718102,1.3660782953513988,0.7696452732676781
Pmepa1,0.045768213831848,0.0909871721936758,0.5938978743678346,-29.84454635272928,-28.03606583254358,0.0,0.275230636463849,0.0,0.5455002513826038
Gnas,0.0831150273874732,0.5918075732317218,1.0,-0.1792570614743465,-0.040850000712023,0.0668756289073238,1.71361678606073,1.6687994950258824,0.7696452732676781
Atp5e,0.1422164007303326,0.7108438517107247,1.0,-0.0875223632748551,0.0154601138627206,0.1805320072841035,2.08117158908541,2.0906574827190303,0.7696452732676781
Psma7,0.0390562023728528,0.3157361100126335,1.0,0.0044204200868045,30.0006561347491,30.092325970733043,0.0,1.0830142079523926,0.73086920709229
Rps21,0.0831150273874732,0.6503532587123918,1.0,-0.0599689461468577,-0.0048358402581062,0.0222499176358214,3.73604901830682,3.7296064912894096,0.7696452732676781
Rpl22l1,0.0358418671112169,0.4319679288719536,1.0,-0.036486193129675,0.0339632620720605,0.187041727438993,2.34325298141563,2.385377717462439,0.7696452732676781
Sec62,0.1172817576551966,0.6419036360134158,1.0,-0.229640949247208,0.0846673530547436,0.924101638214741,1.24920297897551,1.3060455593625675,0.7696452732676781
Skil,0.0280161349010852,0.2387856877012992,0.884290561406367,-29.98254845627369,-28.03606583254358,0.0,0.275230636463849,0.0,0.696261237901313
Mbnl1,0.384456616654759,0.8369453044375644,1.0,-0.1071959232323834,0.0325770121478756,0.1391065829008144,2.066121413003385,2.1074865287809588,0.8397969068376925
Ccnl1,0.0048855519346629,0.0610075482034847,0.5681478389042005,-30.271198926537327,-29.932601347886308,-0.8267284674856404,1.0711765899026848,0.0,0.4666681284656167
Pdcd10,0.0814559657624565,0.6231308747161564,1.0,-29.798975506102583,-0.0921236215262735,29.759866121859854,0.549906865271355,0.428336702980991,0.7696452732676781
Rps3a1,0.0170675557672461,0.0283400809716599,0.1002619671350321,0.1564029041319525,0.2069405645477977,0.2394150833516428,3.2186074348854,3.721421995099039,0.34949522199983546
Krtcap2,0.0068433329494243,0.1743948311275974,0.7669824200341356,0.4537647972496272,30.100828881760105,30.200636922352643,0.0,1.1737110035519962,0.6263326556960662
Tpm3,0.0382469991412035,0.4723279998326053,1.0,-0.0306770608391325,0.0832778353230146,0.758630400321304,1.57864340378529,1.6685184086915623,0.7696452732676781
Rps27,0.2268397237437485,0.5918075732317218,1.0,-0.0279944202809019,-0.0144645245794982,0.0051283413726418,4.08045706126325,4.03913213472176,0.7696452732676781
S100a13,0.1894211625722123,0.4199884090390556,0.9662340001638232,-0.2583917104457527,-0.1417512557087197,0.0652903715578775,1.35524163777831,1.2395063314243289,0.7696452732676781
S100a4,0.0198981713239897,0.2201943430476198,0.7035844410913497,0.1983285459438066,0.4339007448108227,31.087375207888854,1.72918676816664,2.2967980885608124,0.679922351798266
S100a6,0.216322183134876,0.7028371518559269,1.0,-0.4208344295551335,-0.1081707116007482,1.0770430488095046,1.683439409326,1.5571652057293024,0.7696452732676781
S100a11,0.2614114471699611,0.5918075732317218,1.0,-0.2828957482438912,-0.0832733418401041,0.1190154367110123,2.26960053364799,2.1373880259234763,0.7696452732676781
S100a10,0.0007541478129713,0.0358418671112169,0.2614114471699611,-0.2542194507968264,-0.1712617895714102,-0.0788139191304858,2.759345878024395,2.4544862536697027,0.37274229898622085
Mcl1,0.1081645685224125,0.3402397396205445,0.6503532587123918,-0.332870298094891,-0.1924046049941962,-0.0922039966454511,1.47459645912824,1.311275150799554,0.7367691420459586
Txnip,0.0011714620071217,0.0165982807543024,0.2042939237011675,-30.459445497333007,-30.163730578086387,-29.129442007992225,1.20278411768455,0.0,0.2645471143923146
Cd2,0.1002619671350321,0.5918075732317218,1.0,-0.2116662096209999,0.0508384532886449,0.5426132112850172,1.3090630131839,1.36565107296975,0.7696452732676781
Csde1,0.0048503627111027,0.2757158488248741,0.9659938147885658,0.2576973577870378,29.87615916169225,30.020938633033676,0.0,1.0071838910393862,0.7104072398190046
Ptpn22,0.340005608358459,0.8325897513232108,1.0,-0.1425424496754142,-0.0516018286402483,0.1332545841794635,1.640901441334095,1.5882540810730377,0.8397969068376925
Rap1a,0.0687166915200418,0.468595074670454,1.0,-0.0947285687419378,0.2360168165403032,30.19555324549265,1.02473330981504,1.2279886080005225,0.7696452732676781
Atp5f1,0.1373982239637429,0.374017623126423,0.9662340001638232,-0.1258493078675966,1.0481716221714046,30.20646648711437,0.587267274752005,1.218598901606036,0.7573409605674015
Cd53,0.1422164007303326,0.195562435500516,0.6503532587123918,0.0424534566037257,0.1380104200882791,0.2518028323270139,1.60338549290705,1.7769430882268962,0.6582072829131653
1810037I17Rik,0.1293317454163906,0.5064704073038739,1.0,-0.6599432214296697,29.672675792535323,29.978871240493977,0.0,0.9438550403882432,0.7696452732676781
Rpl34,0.0221084385171072,0.3402397396205445,0.967135032150512,-0.0110003103532382,0.0244303081876249,0.0424403802538922,3.72511953912908,3.788231205883396,0.7367691420459586
Ube2d3,0.1002619671350321,0.6503532587123918,0.967135032150512,-0.0537571057890211,0.0457320679432378,0.1532319230338512,1.62040753364451,1.6767056461893688,0.7696452732676781
Nfkb1,0.0055855707195521,0.1223021320561038,0.7989813169398774,0.1563197371390086,30.065919159688068,30.14074359309509,0.0,1.129089031527514,0.6002996315087095
H2afz,0.1002619671350321,0.384456616654759,0.967135032150512,-0.1451710391268154,-0.0550532104149211,0.0190296690456981,2.796710652186105,2.7040504225260014,0.7573409605674015
Sh3glb1,0.0221084385171072,0.535841867111217,1.0,-0.2536663906774039,-0.085110246203422,0.2594646900410522,1.34633979900985,1.2773531319094489,0.7696452732676781
Gng5,0.1673414304993252,0.7108438517107247,1.0,-0.0622538672772575,0.0163199065276515,0.0922893870031721,1.88796406644161,1.9069498097937465,0.7696452732676781
Srsf11,0.0003673342536058,0.0095845145215287,0.1526965374369194,30.003983484476635,30.0815995202123,30.145024679894107,0.0,1.136223514132796,0.2500491835530182
Rps20,0.2268397237437485,0.7732396602365642,1.0,-0.0384607971351895,-0.0028670678780871,0.0306702800720466,3.79375134466683,3.78543823238118,0.793446271566788
Rab2a,0.011890842793894,0.2195861585503833,0.8990759188445385,-0.0901078481954635,30.140053089685047,30.21487030383678,0.0,1.2196552829985674,0.679922351798266
Tmem64,0.0012982623324188,0.0053615566625386,0.0198937322170479,-30.160106656595453,-28.75087082468749,0.0,0.4517254079075985,0.0,0.18576216907266094
Pnrc1,0.1422164007303326,0.6503532587123918,0.967135032150512,-0.1027407076852286,-0.0102431091515439,0.0940701765847309,2.2122988870065,2.2053348491608724,0.7696452732676781
Dnaja1,0.0556481701992537,0.6503532587123918,1.0,-0.2611628028696272,-0.106628450256066,0.0877929608324447,1.929998499076245,1.76167819459848,0.7696452732676781
Clta,0.015094631568696,0.0804697221490099,0.3706266179443429,1.1684243936504122,30.13508347722268,30.191334804541896,0.0,1.1833889133742637,0.5099453242835595
Sec61b,0.0077354407219647,0.1624263589086311,0.9662351119326424,-0.0475942922914485,0.3485356153778468,30.53502884599368,1.220876340445765,1.560544547915,0.6238234339500162
Txn1,0.0683496070492974,0.2905542727973867,0.967135032150512,-0.0133311575263007,0.1079032961736333,0.419575328124898,1.59651374627507,1.7061380646516062,0.7104072398190046
Ptbp3,0.01087603023526,0.1613153796537403,0.6712428986179558,0.0139580458150814,0.8985202636637195,30.245444680323125,0.67096947517441,1.253752032031465,0.6238234339500162
Tnfsf8,0.1894211625722123,0.5821022530196049,0.9662340001638232,-0.1018058385319241,0.1024574186092115,0.3945508901254719,1.65068087096815,1.790589082838439,0.7696452732676781
Rps6,0.1002619671350321,0.5918075732317218,1.0,-0.0299111674418769,0.0188731701706213,0.065719439715142,3.00428455536931,3.045870570124581,0.7696452732676781
Jak1,0.0071842502183059,0.1198301182821306,0.6503532587123918,-0.4028965475976133,-0.268864457891568,-0.1417513742786234,1.60275158648103,1.316275485320609,0.5931087367073523
Mier1,0.0011158224689312,0.0115742278327694,0.1613153796537403,0.3161356306248124,1.5705481114070134,30.651527164577438,0.549906865271355,1.64669249170161,0.25482654600301524
Tut4,0.1422164007303326,0.6503532587123918,1.0,-0.0978885989728275,-5.929826192093649e-05,0.1096575920557879,1.48009178496779,1.4912450627397926,0.7696452732676781
Uqcrh,0.009764229578471,0.0358418671112169,0.2614114471699611,0.0565885389735944,0.1155380692130602,0.1959841042258953,2.02766208552975,2.1954770622831123,0.37274229898622085
Prdx1,0.0310711640101106,0.5825996812113596,1.0,-0.191962595217967,0.0643289110496537,0.9070047138107457,1.15930125268211,1.20769096583335,0.7696452732676781
Rps8,0.195562435500516,0.7108438517107247,1.0,-0.0283672321651578,-0.0079926674181286,0.0348158710758808,3.861750021399955,3.8399367447603936,0.7696452732676781
Ybx1,0.009764229578471,0.1673414304993252,0.8369453044375644,-0.0213321958193985,0.0612812532598577,0.1765888366621443,2.0397859513725,2.1230469258696463,0.6238234339500162
Smap2,0.043103375997251,0.3959854587360712,1.0,-0.6292950286422996,29.265455214655024,30.015088180612345,0.0,0.8260840909332323,0.7696452732676781
Sfpq,0.1198301182821306,0.6878401692490647,1.0,-0.0864924567703524,0.0952819393617377,0.4781262450671575,1.322046958822125,1.4043267156466137,0.7696452732676781
Khdrbs1,0.0952288276084754,0.2727951909772175,0.8248593983113305,0.892137118762922,29.8707897084182,30.00321705731516,0.0,0.986633105951572,0.7104072398190046
Ptp4a2,0.0683496070492974,0.6503532587123918,1.0,-0.1252667513648536,-0.0433370127611903,0.0954567388554583,1.79719676565528,1.7434382197502123,0.7696452732676781
Laptm5,0.195562435500516,0.7108438517107247,1.0,-0.134121675903821,0.0022677590473997,0.0941479735234553,1.97296240954775,1.9534657037596328,0.7696452732676781
Dnajc8,0.0866988284118538,0.5982803055119194,1.0,-29.96928702703707,0.0,29.88259532474864,0.805439734782585,0.6386529449594233,0.7696452732676781
Cd52,0.384456616654759,0.7732396602365642,1.0,-0.0961573835116389,-0.038023305133117,0.0181550880859907,3.0489777803573,2.976306668271397,0.793446271566788
Sh3bgrl3,0.2991188378185282,0.7108438517107247,1.0,-0.0712813736787849,0.0409337862648134,0.3128904797495349,2.1677640955952957,2.240289857669135,0.7696452732676781
Tmem50a,0.0281411500293627,0.3083751491990149,1.0,-30.181656369577077,-1.660983487373365,28.60859208437648,0.805439734782585,0.2083984075468355,0.7207657257072213
Rsrp1,0.0822933998676606,0.4319679288719536,1.0,-0.1007185070941335,0.2282384423775303,1.602385275476891,1.24920297897551,1.4728852654658149,0.7696452732676781
Syf2,0.1389615849030182,0.7032118540606818,1.0,-0.2274642785651261,0.1042766833910394,29.964685781190287,1.02473330981504,1.1033698785228738,0.7696452732676781
Srrm1,0.0511645209608311,0.3189021837397598,0.9661445282750096,0.0049509051838363,30.017105575858665,30.11530605626889,0.0,1.1084203706298812,0.73086920709229
Rpl11,0.2614114471699611,0.7108438517107247,1.0,-0.0231116506287189,0.0222035027882658,0.0452382858320098,3.54065835754426,3.59991354637641,0.7696452732676781
Hnrnpr,0.0053615566625386,0.0053615566625386,0.0198937322170479,-29.034612059652734,-28.03606583254358,0.0,0.275230636463849,0.0,0.18576216907266094
Cdc42,0.0683496070492974,0.6503532587123918,1.0,-0.0484659784481866,0.0035911716606626,0.1638381291748605,2.00982823774601,2.009663348255965,0.7696452732676781
Micos10,0.0622184408710232,0.6152241212291907,1.0,-2.3901771102336054,28.4963677667549,29.951533131877724,0.0,0.904756846923604,0.7696452732676781
Rpl22,0.0283400809716599,0.2991188378185282,0.8369453044375644,-0.0261977678171959,0.0270500062102829,0.0775135394044956,3.0346858382039352,3.0893233673524376,0.7104072398190046
Cdk11b,0.0012982623324188,0.0053615566625386,0.0682861794017773,-29.937522364358248,-28.75087082468749,0.0,0.4517254079075985,0.0,0.18576216907266094
Sdf4,0.0113178818917997,0.2727951909772175,0.9654340961219868,-0.1884322545097971,29.77710231977716,30.029528232820105,0.0,0.9636035494598414,0.7104072398190046
Tnfrsf4,0.0204616224673927,0.2294376958686318,0.8975434376533833,-1.5109180585116138,-0.2445756983009939,0.8574882397085671,1.254025339273165,1.0880789505436186,0.6859837708965693
Tnfrsf18,5.070447702323449e-05,0.0012982623324188,0.0053615566625386,-30.58384023692653,-30.4060598264972,-29.585201407447094,1.42277444949045,0.0,0.18576216907266094
Sri,0.001022863409594,0.0074954740079831,0.1265139907149223,0.629428687337982,30.13188500608158,30.223180926476,0.0,1.2153851793584365,0.21470497322390872
Kmt2e,0.2195861585503833,0.7032118540606818,1.0,-0.1920752433081808,0.0524463428838617,0.3195351896525014,1.20967283031442,1.243499470168755,0.7696452732676781
Tomm7,0.0380542244898562,0.1900050984733419,0.7035844410913497,0.0159438121688081,0.1757852838293078,0.3892937570001044,1.32648676636483,1.5089881341943523,0.6582072829131653
Dnajb6,0.0683496070492974,0.535841867111217,1.0,-0.065999365358226,0.0427783686687676,0.2653549753353287,1.53757252715944,1.5940067942322926,0.7696452732676781
Ost4,0.0464262014965161,0.5259869247938622,0.967135032150512,-0.3309025307046059,0.3904893698369991,30.164268122348183,0.906210599086756,1.19339780646165,0.7696452732676781
Mrpl33,0.0244777198220902,0.4212186277512375,0.9671215091436824,-0.1948607795376431,0.7501179257909794,30.120733134232463,0.67096947517441,1.141713473000575,0.7696452732676781
Fosl2,0.1894211625722123,0.6414642630986135,1.0,-0.3610122987402692,-0.0866699588969709,0.9332109488537208,1.35952832695924,1.2857009315340475,0.7696452732676781
Rbpj,0.2419774717920689,0.6477164962454822,1.0,-0.174741804315059,29.9379278627912,30.14314565774229,0.0,1.108881982014045,0.7696452732676781
Arap2,0.0190355559668588,0.1660814819787722,0.6965221546336016,0.4617527763549612,30.01511448280061,30.144099716292995,0.0,1.1334364904462235,0.6238234339500162
Rpl9,0.1673414304993252,0.6503532587123918,1.0,-0.0196036347922178,0.008632312413848,0.0312239773801877,3.600799844936735,3.62413217281974,0.7696452732676781
Ythdc1,0.0135066500779132,0.1122627763489942,0.5523650132353475,-1.8490308685255847,-0.5287005047628477,-0.0463813876538342,1.35888333750503,0.9570508907432244,0.5931087367073523
Rpl5,0.0831150273874732,0.384456616654759,0.967135032150512,-0.0683684829771633,-0.0177260898861597,0.0229715330129903,2.8962985095508653,2.86936341267752,0.7573409605674015
Dynll1,0.0200574907643636,0.2201943430476198,0.966278470916598,-0.0511952674017085,0.2557077069160681,0.7823084340517809,1.2504463789033,1.5147592310590074,0.679922351798266
Rplp0,0.0283400809716599,0.1673414304993252,0.6503532587123918,0.0156045156158132,0.0510142167509364,0.1261113032056235,3.31561328132426,3.432340439621326,0.6238234339500162
Rpl6,0.2268397237437485,0.7108438517107247,1.0,-0.0704036268083321,-0.0243063953121041,0.0460361127723621,3.21427928970676,3.1776302972611417,0.7696452732676781
Ppp1cc,0.0198981713239897,0.0567876091511873,0.1384410174210646,0.315291735055327,1.7371929738550926,30.66992660056885,0.4859280714481915,1.6751391027991076,0.44597202386732426
Arpc3,0.1673414304993252,0.2991188378185282,0.5918075732317218,0.0389330672917941,0.0694707316283313,0.1250174147322176,2.24558564902964,2.353919496281879,0.7104072398190046
Orai1,0.0158250082707493,0.2195861585503833,0.9018020163531,-0.529075580068277,-0.2637148717457271,0.0154798600361643,1.35901454575527,1.1274606850499889,0.679922351798266
Rsrc2,0.0155493804101,0.216322183134876,0.8323721218513491,0.224508856836365,2.0151710208519846,30.13569058419393,0.275230636463849,1.1536195836480312,0.679922351798266
Vps37b,0.0556481701992537,0.2991188378185282,0.8369453044375644,-0.281836712187562,-0.1972904962824215,-0.0684356990805153,2.2092818542009853,1.9194806634139676,0.7104072398190046
Tmed2,0.150606411543419,0.6503532587123918,1.0,-0.4363889717159536,-0.0440154044292894,0.7399192527612823,1.15930125268211,1.122107194383514,0.7696452732676781
Ubc,0.0756085038283126,0.3027005251220659,0.7638322915797582,-0.6628129440416588,-0.2018101525770537,0.2053518512982448,1.21815743931789,1.0652111852839612,0.7160265433610314
Ran,0.3189021837397598,0.6390933766786356,1.0,-0.4465016028099351,-0.0846994024783449,29.98881404039336,1.09238462841862,1.0487617851296165,0.7696452732676781
Chchd2,0.0071842502183059,0.2614114471699611,0.967135032150512,-0.2280465233551503,-0.0552185724271961,0.0340250080766579,2.250255585412515,2.162739346362265,0.7104072398190046
Actb,0.195562435500516,0.5918075732317218,0.967135032150512,-0.109977730004719,-0.0707535201481953,-0.0134042779712468,3.38680864421006,3.22390188530582,0.7696452732676781
Rac1,0.0200615758782193,0.1389615849030182,0.7669824200341356,0.0536938740307298,1.0113923099658872,30.36663238338741,0.685109269865725,1.3648597348604676,0.6026292088501144
Arpc1b,0.1422164007303326,0.5918075732317218,1.0,-0.2661910147660017,-0.0760927839604886,0.1451958226829775,1.47459645912824,1.423473847924265,0.7696452732676781
Atp5j2,0.1629806968918196,0.5825996812113596,0.966278470916598,-0.0603826760436745,0.0558448309456843,0.3394648936254311,1.42086570518498,1.4716608036874674,0.7696452732676781
Rpl21,0.0026196713503215,0.0831150273874732,0.8369453044375644,0.0019930343848295,0.0414317662262395,0.0809703758341778,3.20394448934463,3.2929924630584253,0.5099453242835595
Polr1d,0.0827458918790188,0.384456616654759,0.967135032150512,-0.0443140676814706,0.1133483478592742,0.3336210905099837,1.373937734074845,1.483516824048835,0.7573409605674015
Hmgb1,0.0170675557672461,0.3402397396205445,0.9679566563467484,-0.1174927937143351,0.1250085912399667,0.2743903340577022,1.522345756491235,1.6695501654097735,0.7367691420459586
Sem1,0.0200615758782193,0.2536789670784006,0.966278470916598,-0.0351675308523549,0.1755041113341571,0.316416385982525,1.51324180116324,1.701433320032415,0.7104072398190046
Ndufa4,0.2268397237437485,0.5825996812113596,0.967135032150512,0.0036531890746755,0.1028254731346721,0.22820770302066,1.50561536443169,1.60603210745279,0.7696452732676781
Capza2,0.0318660565104877,0.1978671075627546,0.8975434376533833,29.9701238597181,30.05158940639184,30.10473566226404,0.0,1.11310123332626,0.6584391319461156
Arf5,0.0014542173219784,0.0296825706912336,0.4212339339181402,0.5868081635643392,30.172585518464487,30.232841758187,0.0,1.2298272053175814,0.34949522199983546
Atp6v1f,0.0008251084452325,0.0567876091511873,0.7032118540606818,0.1016710420867206,0.5025425793341265,30.310143490631223,0.934082997401472,1.316410628739825,0.44597202386732426
Zc3hav1,0.5259732772080841,0.7669325912624374,1.0,-0.0981966188403281,0.5719115439327145,2.077795689781445,0.7611587079120405,1.14837936945065,0.793446271566788
Luc7l2,0.0005860561909448,0.0177682630199826,0.4212186277512375,0.051193476704399,0.7138019239627134,30.279452229762,0.805439734782585,1.2975422136534989,0.26834633125050644
Trbc1,0.0238481224501451,0.2294376958686318,0.9661445282750096,-1.1245065286122753,-0.4304336854551092,0.1944634352439487,1.57940750439693,1.1771015366941626,0.6859837708965693
Trbc2,0.1422164007303326,0.6503532587123918,1.0,-0.1183173144394602,-0.0191634780343572,0.0903966303661962,2.23433661255518,2.1905557269564624,0.7696452732676781
Gimap4,0.1356553584260904,0.3189021837397598,0.4705988287628654,-1.7039028889981216,-0.6085579347841246,-0.307495124764233,1.5216255820454951,1.004242315385665,0.73086920709229
Gimap6,0.0358418671112169,0.1389615849030182,0.2268397237437485,-0.5163612152989754,-0.3422831480041008,-0.2220137877779464,1.718167568257305,1.3637003311832925,0.6026292088501144
Gimap1,0.0224031800784157,0.0952288276084754,0.6067283567833229,1.3847030980484771,29.906910266891785,30.02165290575441,0.0,1.0103696131874025,0.5467990615049436
Gimap3,0.6414642630986135,0.7732396602365642,0.967135032150512,-0.1875388976921221,-0.1043360318598773,-0.0153188517374778,1.48402007583878,1.3835078625231487,0.793446271566788
Tmem176b,0.371453414878341,0.8140546890169088,1.0,0.0,27.457445217213284,28.95953151151137,0.0,0.1842954496199562,0.8324274510954154
Tmem176a,0.5027842415672923,0.819282132592199,1.0,29.188143079005677,29.34343564252467,30.217470529728395,0.0,0.681168103786545,0.8363209291105809
Hnrnpa2b1,0.0129792807811383,0.3402397396205445,0.967135032150512,-0.1861841886675705,-0.068653867766123,0.0585781504302368,1.87725895566292,1.7914561535072475,0.7367691420459586
Tax1bp1,0.0449313328570294,0.535841867111217,1.0,-0.1561396054739626,-0.0353554178967908,0.0589439297111117,1.63182410521293,1.589289941338095,0.7696452732676781
Serbp1,0.0071356275303643,0.1673414304993252,0.7732396602365642,-0.2090475831836643,-0.0626815038007251,0.0055410450840198,1.91034154607757,1.830428227537931,0.6238234339500162
Igkc,0.035654322457728,0.2268397237437485,0.9018020163531,-0.2872117847452916,-0.1771908865627586,-0.0022290086644239,2.64107114212812,2.3326349767293624,0.6851722937695788
Tmsb10,0.0449313328570294,0.1673414304993252,0.5918075732317218,-0.0807592677826083,-0.0476908655584242,-0.0117792620684651,3.37692323353951,3.2631909905318475,0.6238234339500162
Dusp11,0.1725199962070955,0.7313172045350196,1.0,-28.856167539592604,28.11717079901277,29.857478622687264,0.0,0.6220710660090725,0.7874695310258255
Snrpg,0.0219824164483607,0.384456616654759,0.8369453044375644,-0.0793580012848957,-0.0530540521138327,-0.0307944109080866,2.08594362943213,2.0133221757127626,0.7573409605674015
Cnbp,0.1198301182821306,0.5918075732317218,1.0,-0.0963367852870539,0.0236713468427992,0.1086010085140328,1.745867391089725,1.7732420891127236,0.7696452732676781
Bhlhe40,0.0690826075465267,0.1389615849030182,0.2905542727973867,0.1391975034048319,0.4895538612173624,1.8330498681223213,1.246605704777835,1.7220373629667174,0.6026292088501144
Vgll4,0.0952288276084754,0.2358320476719947,0.8233764941397753,1.125076894514024,29.844750126478623,30.009958986100557,0.0,0.966131528704923,0.6910700302428103
Rpl32,0.1198301182821306,0.6503532587123918,1.0,-0.0564525061401701,-0.022352240283188,0.0394707510575166,3.876510451251595,3.8196867075962473,0.7696452732676781
Hnrnpf,0.0129792807811383,0.3402397396205445,0.967135032150512,-0.1394103022141527,-0.0781010984968856,0.0308941961865659,1.7788956958752151,1.681315083739415,0.7367691420459586
Wnk1,0.1673414304993252,0.7108438517107247,1.0,-0.1401385123365762,-0.0447522917075036,0.2226533730876192,1.56041831239381,1.5022749506420725,0.7696452732676781
Cd4,0.0951234024207465,0.5479037317543392,1.0,-2.420107380333615,0.0271684746084194,29.849671855649067,0.67096947517441,0.9279130279439752,0.7696452732676781
Gapdh,0.2268397237437485,0.535841867111217,1.0,-0.083261515474723,0.0492191532982525,0.3092802258784882,2.23732106466724,2.3332979205712903,0.7696452732676781
Ccnd2,0.0164559030127128,0.0730288463961173,0.3839092970818034,-30.44830899181448,-29.359569521124456,0.0,0.68882846420912,0.0,0.5053328371510679
Cdkn1b,0.0003673342536058,0.0004421450211041,0.0244777198220902,0.7825182374263698,30.318481253830715,30.36137077121119,0.0,1.3469123929405271,0.18576216907266094
H2afj,0.1888691692703901,0.7032118540606818,1.0,-0.2134223450621752,-0.0794800279850159,0.2438968763606619,1.28265535242243,1.2159342220112077,0.7696452732676781
Arhgdib,0.5254410213627343,0.6419036360134158,0.932349983715403,-0.2691700337347942,-0.1983914472965646,-0.0381721135675611,1.7006997307803,1.4881773022891562,0.7696452732676781
Aebp2,0.0683496070492974,0.535841867111217,1.0,-0.1198752193600629,-0.0023952131174904,0.2286272222401381,1.72918676816664,1.720200057914925,0.7696452732676781
Kras,0.0367046746030574,0.1373982239637429,0.7108438517107247,-0.0932765992302895,30.19657740724313,30.27120474304171,0.0,1.2572658759637851,0.6026292088501144
Rps9,0.0037310470747003,0.0683496070492974,0.4319679288719536,0.0191736426431894,0.0456867777064737,0.0748467172193945,3.54652993504194,3.655733135876632,0.4844006648202884
Rpl28,0.1198301182821306,0.6503532587123918,0.967135032150512,-0.0247304983246304,0.0185979897828694,0.0497300334444428,3.14723867129186,3.1968909265039125,0.7696452732676781
Rps5,0.2614114471699611,0.6503532587123918,1.0,-0.0507514580471631,0.026183470270074,0.0637657009831386,3.54642086952002,3.6159802756660673,0.7696452732676781
Selenow,0.1171002372727561,0.2195861585503833,0.7672806278121114,0.0245118709337147,0.6793705638111445,30.335291752503835,0.8237281159766,1.3396575923133027,0.679922351798266
Snrpd2,0.0204491711937743,0.1660814819787722,0.9649791246930368,29.99238985558493,30.07414548625224,30.126689641103678,0.0,1.1306888187473438,0.6238234339500162
Rps19,0.0221084385171072,0.2991188378185282,0.967135032150512,-0.0280118422778402,0.024164541478953,0.0832236949012246,3.441237365174,3.500803808512328,0.7104072398190046
Rabac1,0.0158250082707493,0.2195861585503833,0.9662340001638232,-0.0303825232629133,0.6545115270466886,30.225662382999023,0.77214009355077,1.2307107584742414,0.679922351798266
Rps16,0.2991188378185282,0.7732396602365642,1.0,-0.021172588265179,0.0028630002983208,0.0278558790432481,3.95063583370787,3.9595284561765536,0.793446271566788
Gmfg,0.0008251084452325,0.0059967903029721,0.0358418671112169,0.2222000039124158,0.3471969662626823,0.4449485112742536,1.35888333750503,1.727403755950535,0.1864487950771089
Eif3k,0.0687075144082732,0.4206035183951466,0.8990759188445385,-0.0633960242426848,1.1590762261713512,30.314513243686484,0.587267274752005,1.321235168398021,0.7696452732676781
Hcst,0.0283400809716599,0.384456616654759,0.967135032150512,-0.0467185884157784,0.0592876795157489,0.3775401929086282,1.62661684555831,1.6964211363622663,0.7573409605674015
Cox6b1,0.0571147457932555,0.5259869247938622,1.0,-0.1474237316719198,0.0178137603553991,0.7919824394194775,1.35524163777831,1.3705167698036127,0.7696452732676781
Fxyd5,0.195562435500516,0.6503532587123918,1.0,-0.1234672639217706,-0.0123558718001136,0.1991538459062404,2.08594362943213,2.0499961358897063,0.7696452732676781
Rps11,0.4824164483607208,0.7732396602365642,0.967135032150512,-0.0364530267804185,0.0304907064754005,0.0471400580427079,3.61294386105214,3.6939879795677184,0.793446271566788
Rpl13a,0.1673414304993252,0.535841867111217,0.967135032150512,-0.0163267523218022,0.0080534591481308,0.0422272834817288,3.4582479984027303,3.4757709999422177,0.7696452732676781
Ftl1,0.009764229578471,0.1422164007303326,0.7732396602365642,-0.2562604337516286,-0.1662571788258738,0.0052435911296221,2.12618175857957,1.882342312453417,0.6026292088501144
Rpl18,0.0004763038818766,0.005239342700643,0.0683496070492974,0.0396575637930245,0.0800987588213363,0.126906463447583,3.30915660256334,3.4977565217744853,0.18576216907266094
Ldha,0.0449313328570294,0.1422164007303326,0.535841867111217,0.0258944767110545,0.2069396823531406,0.3491678578305168,1.54403788019388,1.779416796014985,0.6026292088501144
Klf13,0.0664972075357454,0.5223601949068513,1.0,-30.09446348327077,-0.9341950534158624,28.56761329477564,0.4859280714481915,0.0,0.7696452732676781
Chd2,0.0059967903029721,0.384456616654759,0.9679566563467484,-0.1112934055793511,0.1022445510693984,0.7759830365056302,1.2904915922232552,1.379020245993119,0.7573409605674015
1810026B05Rik,0.0317453225160542,0.2727951909772175,0.7327632384332738,0.0,28.88998274536957,29.91382416267417,0.0,0.4974523223457841,0.7104072398190046
Akap13,0.012970313967227,0.0831150273874732,0.4319679288719536,0.0169597144494268,0.0817884026957299,0.1311144110693858,2.08594362943213,2.21252268404663,0.5099453242835595
Furin,0.0024702056401951,0.011890842793894,0.2183661869529275,30.52652949634478,30.60530582976816,30.650516170227835,0.0,1.6341318314854614,0.25482654600301524
Iqgap1,0.0283400809716599,0.0916884972612526,0.535841867111217,-0.4172141572961692,-0.2399097601246915,-0.0606593680665819,1.63182410521293,1.3890637348990176,0.5455002513826038
Rps17,0.1673414304993252,0.6503532587123918,1.0,-0.126127812520442,-0.0790973472560648,0.0232268417987332,2.48147611469121,2.3368820421616263,0.7696452732676781
Rps3,0.0221084385171072,0.2991188378185282,0.967135032150512,-0.0208759385801312,0.0281919855161891,0.0737495449313176,3.34914208702366,3.419998043066986,0.7104072398190046
Spcs2,0.06182504393413,0.4397643318639694,0.9668439694188508,0.4084685845860023,1.0565180991303045,30.238510779951397,0.594236091753515,1.2366962192204736,0.7696452732676781
Ucp2,0.0221084385171072,0.384456616654759,1.0,-0.3881049493143181,-0.1827170238604082,0.1002255040768732,1.4699371549693,1.3000602328425477,0.7573409605674015
Eif3f,0.0129792807811383,0.1002619671350321,0.5259869247938622,0.0314200823468851,0.2775152455244247,0.4016982353635839,1.38704483019826,1.6742932474110712,0.5467990615049436
Rpl27a,0.009764229578471,0.1422164007303326,0.7108438517107247,0.0094638962514505,0.0431393154177765,0.0721049053359301,3.83117671948728,3.953280265480549,0.6026292088501144
Eif4g2,0.3302367937943543,0.5825996812113596,1.0,-0.0657368115706679,0.1125727248339496,0.4352548028863069,1.3090630131839,1.41757176837573,0.7696452732676781
Rps13,0.0017861395570373,0.0449313328570294,0.2268397237437485,0.0616572620893551,0.0885455550937916,0.1027351040046393,3.54652993504194,3.7743568470590536,0.411013418556443
Rps15a,0.0037310470747003,0.0170675557672461,0.0831150273874732,0.0593145032904698,0.0806897103465794,0.1079981897897627,3.85849408996932,4.079970511270799,0.2645471143923146
Arl6ip1,0.0076510274728813,0.2029015126351121,0.9662340001638232,-0.1198933253164701,0.4885500300775943,30.227851176937687,0.91272783347472,1.2343723528668713,0.6713988255173091
Lat,0.0125040494402771,0.2536789670784006,0.966278470916598,-0.0825374252500145,0.953006628537198,30.298295793354004,0.67096947517441,1.3117827346912938,0.7104072398190046
Coro1a,0.005239342700643,0.0567876091511873,0.4329623242828814,0.1919167872163421,0.3623324109916342,1.4185457289783518,1.1471093717718102,1.4507810034429862,0.44597202386732426
Gdpd3,0.2640546319982729,0.6965221546336016,1.0,0.7118426699484492,29.93221880438409,30.193149563747728,0.0,1.1603703986452976,0.7696452732676781
Aldoa,0.1172817576551966,0.4970691104142616,1.0,-0.1106332253208016,0.1480157048153239,1.0271640868114276,1.24920297897551,1.3525726770966076,0.7696452732676781
Sept1,0.1172817576551966,0.6105199638852996,1.0,-0.1583007866856609,0.1105160374327659,30.2795838064904,1.20278411768455,1.293464826546865,0.7696452732676781
Fus,0.1172575424046748,0.6405806543923431,0.7989813169398774,-0.232836394323243,0.7474937781455343,30.22707945404808,0.732382432476165,1.2262326104290575,0.7696452732676781
Rplp2,0.0831150273874732,0.5918075732317218,1.0,-0.0276946220796874,0.0103355618632133,0.0452053345077384,3.51943660178027,3.54648396466234,0.7696452732676781
Lsp1,0.0469241506511009,0.5523650132353475,1.0,-0.3813540119092765,-0.0173727013459523,0.3852901911882403,1.21782219733709,1.210610612761284,0.7696452732676781
Nsd3,0.071316679411086,0.5811020620364432,1.0,-0.2467260560767531,0.1987790585179328,30.026837555508685,0.938043873102995,1.0572342215126778,0.7696452732676781
Leprotl1,0.0670037756218985,0.5027842415672923,1.0,-0.0327138316184022,29.825946806442506,29.978034768027243,0.0,0.981951209706406,0.7696452732676781
Saraf,0.0096997300944669,0.2614114471699611,0.7732396602365642,-0.3281479580779701,-0.1428815361340727,-0.0262999496698894,1.57574788905112,1.4145537430715525,0.7104072398190046
Hmgb2,0.009764229578471,0.0556481701992537,0.535841867111217,0.0243958108874394,0.2543743311296781,0.8642544389261732,1.931706515393105,2.301998466820115,0.44597202386732426
Ndufa13,0.0687166915200418,0.5039287348617275,1.0,-0.0689457558860976,0.082202803810324,0.3586354314030601,1.29580270219512,1.369649478824915,0.7696452732676781
Uba52,0.1172575424046748,0.4212186277512375,1.0,-0.4997325738353191,-0.1274351874981935,0.6686228841644429,1.220876340445765,1.1228761031861063,0.7696452732676781
Jund,0.0017861395570373,0.0170675557672461,0.1198301182821306,-0.435975615667768,-0.3645731748614982,-0.2476985952931764,2.290779420443275,1.7792953894337311,0.2645471143923146
Rpl18a,0.0037032626815908,0.1673414304993252,0.9018020163531,-0.0121748926741658,0.0315609121916725,0.0657033427391614,3.65814506742617,3.7364861038208703,0.6238234339500162
Tpm4,0.0034900941570847,0.0991939225092344,0.8989467697321653,-0.0683135244109286,0.233548059552104,30.18284533890178,1.04712754119977,1.2286321853509274,0.5467990615049436
Klf2,0.0012982623324188,0.0053615566625386,0.0198937322170479,-30.22391935517012,-29.146460993446134,0.0,0.594236091753515,0.0,0.18576216907266094
Smarca5,0.0617072864806082,0.5243435787000272,1.0,-0.0592236538634496,0.7034106372928384,30.117497102389034,0.727640878220245,1.15231779049891,0.7696452732676781
Adgre5,0.0012982623324188,0.0012982623324188,0.0198937322170479,-30.21963424578296,-30.066711906993984,0.0,1.12455876429366,0.0,0.18576216907266094
D8Ertd738e,0.195562435500516,0.6419036360134158,1.0,-0.2697098524936845,-0.0466111730754407,0.2650933540647867,1.41275014808597,1.3792736735221114,0.7696452732676781
Calr,0.0157257526966437,0.1356553584260904,0.4976345889422713,0.5910874887438351,30.141535089676243,30.20306604174904,0.0,1.194900877744975,0.6026292088501144
Junb,0.535841867111217,0.8369453044375644,1.0,-0.0479649939078362,0.0150692427701638,0.1270400083019758,2.54671866689308,2.563930194417904,0.8397969068376925
Trir,0.0665377054011083,0.6291178404921549,1.0,0.0,29.23371875730865,29.876440165726905,0.0,0.6509690033559298,0.7696452732676781
Gabarapl2,0.1660814819787722,0.6876330788688081,1.0,-29.765609487446334,0.1638607167068137,29.796071072083787,0.0,0.4251814293936488,0.7696452732676781
Maf,0.1422164007303326,0.5918075732317218,1.0,-0.1266415450913287,-0.0713059808630065,0.1311799830324822,2.08594362943213,1.9555653386184373,0.7696452732676781
Cotl1,0.0035063931358507,0.0164559030127128,0.0662742596212287,-30.39965223186815,-30.33977445859436,0.0,1.35888333750503,0.0,0.2645471143923146
Cox4i1,0.0358418671112169,0.4319679288719536,1.0,-0.0640087789931836,-0.0139459210850059,0.0371241253597267,2.08594362943213,2.074760219506275,0.7696452732676781
Map1lc3b,0.1422164007303326,0.5918075732317218,0.967135032150512,-0.1511793024727604,-0.0706614168727373,0.2316627474996037,1.74460943309666,1.6692488289997338,0.7696452732676781
Cyba,0.0032641519042834,0.0818211746975341,0.4218308744273433,0.0448918306181316,0.6293171240787007,30.392914955862565,0.88988867008413,1.37734811972421,0.5099453242835595
Ankrd11,0.0283400809716599,0.2614114471699611,0.8369453044375644,-0.2219589467420097,-0.1175506740630927,0.009372598981793,1.6014406891229798,1.4872129948267525,0.7104072398190046
Rpl13,0.0447040962133841,0.4824164483607208,1.0,-0.0206396763772645,0.0121357709751551,0.0571248039304567,4.12356330413621,4.165021037080432,0.7696452732676781
Tomm20,0.0011853739449644,0.1198301182821306,0.8369453044375644,-0.2145001645164197,-0.1009627296923309,0.0103335747142308,1.71934145980446,1.6014829259414525,0.5931087367073523
Tmem123,0.0026599897605637,0.0434157607856436,0.3706266179443429,1.124822312644134,30.24496515904421,30.309760443015023,0.0,1.2810191228563177,0.411013418556443
Cwc15,0.009676085319666,0.1182046075748602,0.8140546890169088,-30.24391721497623,-29.819592226064,0.021037015310947,0.94752727035894,0.0,0.5931087367073523
Ubl5,0.1422164007303326,0.5918075732317218,1.0,-0.0302065016623114,0.0444203798124643,0.1592307455576321,2.01225704905588,2.070496181531124,0.7696452732676781
Sept7,0.0511645209608311,0.2358320476719947,0.8965612937229277,0.8142305825194623,29.95328886482672,30.05434988567098,0.0,1.044092008554634,0.6910700302428103
Ets1,0.1198301182821306,0.6503532587123918,0.8369453044375644,0.0374125739744744,0.0755710819065224,0.1456708715848374,2.523156531922,2.6511563331530628,0.7696452732676781
Hspa8,0.195562435500516,0.3402397396205445,0.9018020163531,-0.1794283533801265,-0.064608425088097,-0.0059470250573026,2.34421354828827,2.243756635198938,0.7367691420459586
Thy1,0.3235446436077284,0.7653723929149803,1.0,-0.297430003494237,-0.09784057166731,1.0732866427136167,1.29580270219512,1.2080368529522074,0.793446271566788
Rps25,0.4824164483607208,0.8369453044375644,1.0,-0.0560617425163961,-0.0015981133499577,0.0491691419104423,2.96855689163298,2.962224127655331,0.8397969068376925
Ddx6,0.03897368962372,0.173483958426336,0.7318965997093227,-30.29439865374114,-0.7293310470292875,0.7700781354022342,1.1793662861278436,0.6657546856729721,0.6263326556960662
Atp5l,0.0129792807811383,0.2268397237437485,0.7108438517107247,0.0029300799582592,0.1394958596662557,0.2258777611127065,1.74499937916894,1.935525744653244,0.6851722937695788
Cd3g,0.0170675557672461,0.1673414304993252,0.7108438517107247,-0.0237098798610568,0.1051056843251517,0.536686145325388,1.9802003969865152,2.137966348138616,0.6238234339500162
Cd3d,0.009764229578471,0.195562435500516,0.967135032150512,-0.0003608236004362,0.0947442312942684,0.4606825697392602,1.808518112359795,1.9367584031804972,0.6582072829131653
Cd3e,7.938398031277289e-05,0.0129792807811383,0.2614114471699611,-0.3653902848185307,-0.2485430376693768,-0.0652377748324377,2.08594362943213,1.7546121426397914,0.25482654600301524
Cox5a,0.0058000126059287,0.1172817576551966,0.8323721218513491,0.0647797821756956,1.0402615281411507,30.410866438390432,0.68882846420912,1.4073504938419823,0.5931087367073523
Pkm,0.1725199962070955,0.3839092970818034,0.9635544038307184,0.0,28.84372283625022,29.928794474036103,0.0,0.4817544771474965,0.7573409605674015
Rplp1,0.2614114471699611,0.7732396602365642,1.0,-0.1004602585136847,0.0074440717320924,0.0269487711669831,4.0995307742152,4.12095021158788,0.793446271566788
Rpl4,0.535841867111217,0.8369453044375644,1.0,-0.0844565192375414,0.0018941448903003,0.1104940008867823,2.45235860004741,2.456208884321647,0.8397969068376925
Dennd4a,0.0004497199209524,0.0020275497348884,0.0200615758782193,-0.7316720455164873,-0.5399150158374296,-0.3528280763312977,1.593696912179325,1.1033634472115297,0.18576216907266094
Ppib,0.0556481701992537,0.2991188378185282,0.967135032150512,-0.1033038151413452,0.1297275358281652,0.7023863860372175,1.40233118590103,1.5365429292626824,0.7104072398190046
Rab8b,0.0159635965629785,0.1629806968918196,0.9018020163531,-0.0189064592587762,0.2508530447233771,1.5174026295667076,1.35888333750503,1.5924487098050202,0.6238234339500162
Rora,0.1673414304993252,0.384456616654759,1.0,-0.0556945827612532,0.2270266327278711,0.5156776327738677,1.83468451394509,2.139596842586396,0.7573409605674015
Arpp19,0.1292075043971102,0.6876330788688081,1.0,-29.321671895757664,0.352638365819922,29.826134115261794,0.5966268978814,0.6403860390438683,0.7696452732676781
Eef1a1,0.0683496070492974,0.4824164483607208,1.0,-0.0402968477249501,-0.0086950862192583,0.0158289496016931,4.11723351148651,4.089054473949536,0.7696452732676781
Cox7a2,0.0037310470747003,0.1673414304993252,0.8991440712822525,-0.2775904208770398,-0.138270848512851,0.0036241121243675,1.41340751654038,1.2818546876418,0.6238234339500162
Bcl2a1d,0.0357321958146172,0.2099013825768718,0.8286459355502953,-30.331164587715676,-29.074178250780367,0.0,0.565196875064045,0.0,0.679922351798266
Bcl2a1b,0.1624263589086311,0.4218308744273433,0.967135032150512,-0.1371272357987322,0.0429160088093853,30.49460467624184,1.47459645912824,1.5310573122279538,0.7696452732676781
Morf4l1,0.2614114471699611,0.7732396602365642,1.0,-0.1046144683485461,0.0013439255576018,0.0992297516670246,1.71361678606073,1.7073540979002648,0.793446271566788
Cdv3,0.0174980866263611,0.3260325627570181,0.96248159037959,-30.129442006763917,-28.96329397202662,0.0,0.549906865271355,0.0,0.7367691420459586
Rpl29,0.1097586938026613,0.6477164962454822,1.0,0.0,29.58369062065298,29.93112426489168,0.0,0.8076535036962788,0.7696452732676781
Gnai2,0.0044583653246957,0.0308552657792724,0.374017623126423,0.0965556909774759,0.6522985567735525,30.62423259976272,1.0144998860617,1.6321824340346374,0.34949522199983546
Rhoa,0.0026196713503215,0.2268397237437485,0.967135032150512,-0.1473879800322223,-0.0636478690434921,0.0028291886395774,1.64290011267441,1.56779772766756,0.6851722937695788
Shisa5,0.0556481701992537,0.4824164483607208,1.0,-0.0202481613938223,0.1101057785843285,0.2453409570908226,1.56548839794997,1.6849005565055526,0.7696452732676781
Tma7,0.0221084385171072,0.4824164483607208,1.0,-0.1905106169221929,-0.0284857174025824,0.0568275372109241,1.734376207952995,1.701957472176984,0.7696452732676781
Rpsa,0.1422164007303326,0.5918075732317218,1.0,-0.0228194149110109,0.0130690539247255,0.0545487728893,3.6897484873249,3.726823776855756,0.7696452732676781
Rpl14,0.0556481701992537,0.5918075732317218,1.0,-0.048419456160105,0.0041010047064949,0.0758821348075854,2.76303131715074,2.765678399763269,0.7696452732676781
Nktr,0.1436870544628578,0.6707552332729807,1.0,-30.07617315329646,0.8388222129458227,29.83728352714064,0.0,0.4733450062428197,0.7696452732676781
Cxcr6,0.0055855707195521,0.0338197633996269,0.2497750284080325,1.245282594470744,30.560375171308664,30.71855489782524,0.0,1.677326573774999,0.37274229898622085
Abracl,0.0048503627111027,0.1293317454163906,0.9659938147885658,0.029380384690091,30.07477611018335,30.15001132211661,0.0,1.1545816393962274,0.6026292088501144
Tnfaip3,0.0283400809716599,0.1002619671350321,0.4824164483607208,0.0617683320270798,0.2367498706976665,0.4524216909249802,1.68356658484722,1.985936051037119,0.5467990615049436
Ifngr1,0.0831150273874732,0.5918075732317218,1.0,-0.1119902941449058,0.0077519675292339,0.1223933548309724,2.69223411114622,2.7048135953421424,0.7696452732676781
Rps12,0.0831150273874732,0.5091291577359689,0.967135032150512,-0.021400820037293,0.0099423078497014,0.0483534431982547,3.73243336922286,3.763573078598708,0.7696452732676781
Rwdd1,0.0035089101981521,0.065173965917146,0.5682738625276963,29.918277684482952,30.052041981220626,30.12888849069659,0.0,1.1131817240919224,0.4844006648202884
Cd164,0.0004023043007102,0.0026855211958398,0.1006874618980358,0.2359211544691452,1.3374532811356628,30.502960031890574,0.565196875064045,1.46725043800858,0.18576216907266094
Srgn,0.1198301182821306,0.535841867111217,1.0,-0.0093858811896392,0.0174767723758317,0.0840588793554982,3.40373646515924,3.449316551488044,0.7696452732676781
Mif,0.0025821558136421,0.0125040494402771,0.069221584668226,0.3490271772028748,0.7718651333647316,30.628235929158013,0.94752727035894,1.6244250999301362,0.25482654600301524
Gpx4,0.0221084385171072,0.2991188378185282,0.9018020163531,-0.3251861633206024,-0.1947413403466517,0.1917783313099115,1.5663872141438,1.3695442435759726,0.7104072398190046
Atp5d,0.0831150273874732,0.5918075732317218,1.0,-0.1850576813896201,-0.0206026014380133,0.8479117761635007,1.41588345537646,1.3878848119287075,0.7696452732676781
Rps15,0.1673414304993252,0.4319679288719536,0.9018020163531,-0.1215850807411279,-0.0369461725376219,0.0218587153320067,2.965387935200075,2.8998307050599053,0.7696452732676781
Oaz1,0.005239342700643,0.1422164007303326,0.7108438517107247,0.0043569895663718,0.0335448484536261,0.1856082292205531,2.55430803147033,2.607255588667801,0.6026292088501144
Eef2,0.0170675557672461,0.3402397396205445,0.967135032150512,-0.0950703855355686,-0.0471968085665581,0.0046756381455328,2.0604759969031603,2.0003804945810675,0.7367691420459586
Tle5,0.0556481701992537,0.4824164483607208,0.967135032150512,-0.2685239345338497,-0.103805448768513,0.0615365897941202,1.455085545148175,1.34466830005206,0.7696452732676781
Hsp90b1,0.0469241506511009,0.4319679288719536,1.0,-0.0540193633892399,0.0588810690756764,0.33759348490793,1.41649528794692,1.4677460090964465,0.7696452732676781
Slc25a3,0.1002619671350321,0.6503532587123918,1.0,-0.1352693895114331,0.0113138963705741,0.1184223180968901,1.81107659147822,1.8267988346266808,0.7696452732676781
Snrpf,0.0219061496403436,0.1743948311275974,0.6406027446099999,0.0564119967989497,1.1505904421523785,30.29687640931932,0.587267274752005,1.2915904021124724,0.6263326556960662
Btg1,0.1198301182821306,0.535841867111217,0.967135032150512,-0.0650876854093116,0.0400773543637742,0.1755389013282803,2.81164214829135,2.890945057813964,0.7696452732676781
Atp2b1,0.0221084385171072,0.1002619671350321,0.4319679288719536,-0.2313284149421823,-0.1411047127233791,-0.0570850555902035,1.84621762228176,1.6799238736718838,0.5467990615049436
Ppp1r12a,0.0982629827133942,0.482367293671414,1.0,-29.91812155847409,-0.0467604778467273,29.76423577355348,0.565196875064045,0.574463500465171,0.7696452732676781
Nap1l1,0.0256195737587295,0.3690127249439758,1.0,-0.1337817851128848,1.076558572120829,30.11615619213373,0.549906865271355,1.123511029368886,0.7573409605674015
Rap1b,0.0026196713503215,0.0556481701992537,0.384456616654759,-0.313362191125542,-0.1610258989719391,-0.0417823065249901,1.71596562985852,1.5211454753661762,0.44597202386732426
Naca,0.005239342700643,0.1002619671350321,0.7108438517107247,0.0212536544711781,0.1284191819722313,0.2388181772923945,2.32724172953015,2.542378279754238,0.5467990615049436
Ptges3,0.0357321958146172,0.3041802621125226,0.96248159037959,-0.4627969723841162,28.58963810034689,29.80049700527333,0.0,0.416631992541525,0.7166486975371031
Atp5b,0.5825996812113596,0.6419036360134158,1.0,-0.1089375255064342,0.141880517821709,0.8221058168452432,1.17453454950401,1.3038099315236624,0.7696452732676781
Myl6,0.1002619671350321,0.5918075732317218,1.0,-0.0492099991903233,0.023553960090703,0.1304480542731216,2.31491749448671,2.344178498032005,0.7696452732676781
Rpl41,0.0283400809716599,0.4824164483607208,1.0,-0.0294564528173349,0.0161099346886754,0.0303226285362825,3.67291966658233,3.711327754561275,0.7696452732676781
Rps26,0.0221084385171072,0.195562435500516,0.8369453044375644,0.0037937675091589,0.0625801987624292,0.0845327645835661,3.21983632440176,3.3693071142558173,0.6582072829131653
Uqcr10,0.0018567717777922,0.1067699916581944,0.6712428986179558,0.6695526689631575,1.2095846572301423,30.17833305619957,0.523383778236815,1.1928804671851423,0.5769497714373991
Ppia,0.2268397237437485,0.7108438517107247,1.0,-0.0489907919060479,-0.0075187087330653,0.0508534012525336,3.28121923685103,3.263916263576092,0.7696452732676781
Purb,0.0012982623324188,0.0220436583850632,0.3304772363370218,-30.18526993586972,-29.034612059652734,0.0,0.549906865271355,0.0,0.3100445306327652
Ramp3,3.969199015638645e-05,0.005239342700643,0.1198301182821306,0.1233127241444044,0.3384704251363915,0.8431217367544149,1.71934145980446,2.180152366820006,0.18576216907266094
Sec61g,0.009764229578471,0.1198301182821306,0.4319679288719536,0.0263756697142953,0.1807470856151803,0.353464597108831,1.56548839794997,1.7605422793098613,0.5931087367073523
Actr2,0.0171511081214365,0.1978671075627546,0.8975434376533833,0.1553705914509818,29.93607722047436,30.023263028449488,0.0,1.0310437028316055,0.6584391319461156
Peli1,0.0221084385171072,0.384456616654759,1.0,-0.313922053680382,-0.1568562540001435,0.1416986265894581,1.474429387152115,1.3137433913517889,0.7573409605674015
Rps27a,0.3402397396205445,0.7732396602365642,1.0,-0.0389725981620328,-0.0082365685121786,0.0260300137781988,3.8367611303352698,3.821300330460848,0.793446271566788
Npm1,0.0221084385171072,0.2614114471699611,0.9018020163531,-0.0785209017135256,-0.0405539169105079,-0.0112231677687295,2.50582445885049,2.43531371384824,0.7104072398190046
Clint1,0.0469241506511009,0.4218308744273433,0.967135032150512,-0.0365863926713969,0.202863763062981,1.0508921971910576,1.29283775328429,1.4912990968187512,0.7696452732676781
Itk,0.0714333171121298,0.2786365066725308,0.7638322915797582,-1.5409745946586475,-0.3263828211535017,0.0127658086042719,1.25030614492977,0.999067689080779,0.7104072398190046
Rack1,0.0556481701992537,0.2991188378185282,0.7108438517107247,0.0002110736653774,0.0721163802997502,0.106204939778418,3.05602342705873,3.2088880845775374,0.7104072398190046
Hnrnpab,0.4178423450812767,0.831934304722909,1.0,-0.29703653250228,0.5336853981246983,30.03299463191204,0.731189529265206,1.0612644868233876,0.8397969068376925
Ube2b,0.1673414304993252,0.7108438517107247,0.967135032150512,-0.1495493759568736,0.0976453170736186,0.2636530009666017,1.58369730864913,1.7059434571613783,0.7696452732676781
Ppp2ca,0.1673414304993252,0.7035844410913497,1.0,-0.2167779124648579,0.0224719174527561,0.1723459143760337,1.27572901997831,1.2978101867219598,0.7696452732676781
Uqcrq,0.0801330734858321,0.5731887838440366,1.0,-0.0741016427072885,29.80897667428699,30.08714028693826,0.0,1.0764768838573,0.7696452732676781
Hint1,3.969199015638645e-05,0.009764229578471,0.196178233189193,0.0399321936550635,0.3345721961733201,1.243524784529641,1.24920297897551,1.57594508698604,0.2500491835530182
Arf1,0.1624263589086311,0.6712428986179558,1.0,-0.1996846296267568,-0.0464416480003042,0.6158226639754653,1.29580270219512,1.2567717369385012,0.7696452732676781
Ncor1,0.0283400809716599,0.4824164483607208,0.967135032150512,-0.1691883859595044,0.0482288751317137,0.6716744238054557,1.45767944698385,1.4975273317828164,0.7696452732676781
Ubb,0.0358418671112169,0.4824164483607208,0.967135032150512,-0.0943958231846341,-0.0301273690692083,0.0481515270323299,3.066596156807135,3.0057247674980827,0.7696452732676781
2410006H16Rik,0.0518101423788639,0.2899181831607423,0.5362943012793208,-0.4414970089285227,-0.2762330230445454,-0.0916990422092601,1.4699371549693,1.20726268733563,0.7104072398190046
Rpl26,0.0358418671112169,0.2991188378185282,0.9018020163531,0.0034717069359425,0.0303685155865869,0.0959265965694765,3.44298181977368,3.5194492320723976,0.7104072398190046
Eif4a1,0.1900050984733419,0.7108438517107247,1.0,-0.1623499058995842,-0.0665545457507104,0.0806035745577551,1.53793562934172,1.4656668476843313,0.7696452732676781
Eif5a,0.0125040494402771,0.3302367937943543,0.966278470916598,-0.0383060501602943,0.662414558068372,30.344321209684416,0.843598968066475,1.3462340605426375,0.7367691420459586
Gabarap,0.0004262773129158,0.0204616224673927,0.1979929676895634,0.9327961389906414,30.10439765918641,30.160416903820455,0.0,1.15689366891879,0.3012973908323575
Pfn1,0.1673414304993252,0.6503532587123918,1.0,-0.1256882366383014,-0.0103117091286115,0.0365644509889984,2.3034855883273,2.2909777302980823,0.7696452732676781
Pafah1b1,0.195562435500516,0.7108438517107247,0.9679566563467484,-0.2014976355446715,-0.103796981074144,0.188091395509306,1.41588345537646,1.32122563954577,0.7696452732676781
Ywhae,0.1893918917984819,0.7012007398756748,1.0,-0.2793047551056454,0.1937596675037293,30.00220098724588,0.91272783347472,1.04438722777434,0.7696452732676781
Rpl23a,0.0831150273874732,0.535841867111217,1.0,-0.0295748519260769,0.027318744120555,0.0942632529181604,2.79154064765565,2.841385543739785,0.7696452732676781
Crlf3,0.0056732103807533,0.0537771224294564,0.5027842415672923,0.0,29.656157688019384,29.940126623074026,0.0,0.846044149943064,0.44597202386732426
Slfn2,0.0011533920538063,0.0025650977003794,0.0667678090703781,30.334990144196976,30.401614377849903,30.448513966305587,0.0,1.4187876948515452,0.18576216907266094
Supt4a,0.0221084385171072,0.535841867111217,1.0,-0.2509384266098797,-0.0513861789770518,0.8495860005640652,1.2504463789033,1.219195978576385,0.7696452732676781
Nme2,0.195562435500516,0.6503532587123918,1.0,-0.1175660940380128,0.1268537550541081,0.3206945103938203,1.850771706577715,2.0041977451280086,0.7696452732676781
Atp5g1,0.0649452757139218,0.5224976072882667,1.0,-0.220089941990323,0.7003974471082444,30.052834515740933,0.67096947517441,1.0610096702708014,0.7696452732676781
Skap1,0.1356553584260904,0.6368275127236042,1.0,-0.322494692458401,0.0152703578422721,30.057904345423303,1.09238462841862,1.1092379249339313,0.7696452732676781
Rpl23,0.4824164483607208,0.8369453044375644,1.0,-0.0254723674110731,-0.0022467978605462,0.0101736609898588,4.09970730900184,4.091327530185115,0.8397969068376925
Rpl19,0.0683496070492974,0.1673414304993252,0.6503532587123918,0.0377191766413096,0.0483939340140277,0.0720762867301054,3.80193198510024,3.9381143610482585,0.6238234339500162
Eif1,0.005239342700643,0.0831150273874732,0.3402397396205445,-0.1408946514910466,-0.0818779093887873,-0.041279256253177,3.5701647759465898,3.3749758945190327,0.5099453242835595
Stat3,0.0616556073348793,0.3235446436077284,0.9657639223531712,-0.0381789158775292,1.2990118935448407,30.0704132714238,0.4517254079075985,1.0438199186194916,0.7357829926059923
Rpl27,0.0170675557672461,0.384456616654759,0.967135032150512,-0.0153329043545691,0.0224950921042429,0.0742783793166249,3.4178822153457675,3.473097726962239,0.7573409605674015
Ddx5,0.0071842502183059,0.1673414304993252,0.7748323013415878,0.0122032925812803,0.0789750708872535,0.1469178460816692,2.77352672062016,2.9383330620233474,0.6238234339500162
Gna13,0.2268397237437485,0.7108438517107247,1.0,-0.1629961090639252,-0.0175446906702326,0.1422756841416516,1.88542018273827,1.8554451175501512,0.7696452732676781
Prkar1a,0.0998332936413431,0.6503532587123918,1.0,-0.2017663528023337,0.0179661671371321,0.2314053180176559,1.56041831239381,1.5824128702289326,0.7696452732676781
Rpl38,0.1673414304993252,0.4319679288719536,0.967135032150512,-0.0160617193439647,0.0299060061035433,0.0611835533701995,3.35612435241308,3.4300991563391685,0.7696452732676781
Atp5h,0.1198301182821306,0.5918075732317218,1.0,-0.0680348942211886,0.0599017934968847,0.1518363966222518,1.85033183679195,1.93339959902301,0.7696452732676781
Jpt1,0.0197862073487422,0.3481614043587202,1.0,0.0,29.248335210512792,29.98890415719497,0.0,0.6728657300607748,0.7511614181951874
Sumo2,0.0283400809716599,0.4824164483607208,1.0,-0.1564062115428797,-0.0761578279524139,0.0736911489707457,1.6935081435172,1.6044097750445738,0.7696452732676781
H3f3b,0.0556481701992537,0.195562435500516,0.5918075732317218,-0.2112241613695474,-0.1561711386056782,-0.0731335554181502,3.48993661656595,3.1325944790987803,0.6582072829131653
Ubald2,0.3402397396205445,0.7732396602365642,1.0,-0.131568265820594,-0.0468002057311372,0.1173653780883974,1.6791123641967398,1.60752125674557,0.793446271566788
Srsf2,0.2792911929979267,0.6876330788688081,1.0,-29.034612059652734,0.1101901988332684,29.75677716258319,0.0,0.4013634596794719,0.7696452732676781
Actg1,0.0129792807811383,0.2614114471699611,0.967135032150512,-0.1068934699696174,-0.0547197340853354,0.0322049206600002,3.16271496938217,3.04004933599849,0.7104072398190046
Sf3b6,0.2784152893477622,0.702462449651172,1.0,-0.2702175880330368,-0.0932233330231907,30.07688916624214,1.183894172633405,1.12071471705565,0.7696452732676781
Id2,0.1198301182821306,0.6503532587123918,1.0,-0.1638520338647613,0.0484833881921567,0.6370262178383066,1.71934145980446,1.7794617669468076,0.7696452732676781
Rps7,0.2991188378185282,0.7108438517107247,1.0,-0.0459727837968201,-0.0037763984989272,0.0396627069169358,3.76211914278886,3.764709872772335,0.7696452732676781
Ifrd1,0.3954124970232252,0.7669824200341356,1.0,-0.2341856598448198,-0.0066056911253197,1.172512571578637,1.28265535242243,1.2693762752503688,0.793446271566788
Nfkbia,0.2277374222270553,0.6477164962454822,1.0,-1.304793294496915,28.959866402422183,29.968891454437884,0.0,0.5536814220926475,0.7696452732676781
Rps29,0.535841867111217,0.9018020163531,1.0,-0.0430471589442632,-0.0268487451456644,-0.0053957077794923,4.12142294885792,4.044242717520243,0.9018020163531
Rpl36al,0.0283400809716599,0.2991188378185282,1.0,0.0098559380469861,0.0802389941792937,0.1996517779513818,2.266722784107335,2.389994908406224,0.7104072398190046
Psma3,0.1146957578294307,0.6405806543923431,0.9662340001638232,-0.2176394514935064,0.6101731090577847,30.11079727213623,0.743780692265355,1.1292197511119837,0.7696452732676781
Hif1a,0.0026196713503215,0.0221084385171072,0.195562435500516,0.2298547084889619,0.3685239401135439,0.5065780849551451,1.6848679270254898,2.156902159727835,0.3100445306327652
Zfp36l1,0.0358418671112169,0.535841867111217,1.0,-0.6738354043893025,-0.0357378962341034,0.1680795825783848,1.29580270219512,1.272431846251335,0.7696452732676781
Srsf5,0.0383086691932545,0.2201943430476198,0.7732396602365642,0.0086141567933913,0.1188954634029346,0.423861922657187,1.38704483019826,1.4958267187525724,0.679922351798266
Rbm25,0.2346601471514037,0.6105199638852996,1.0,-0.0735351142993899,0.2480104261862111,1.2339487364867538,1.05793131466657,1.262413952694225,0.7696452732676781
Npc2,0.1389615849030182,0.6414642630986135,0.8990759188445385,-0.3334814288037977,-0.2390284727693715,0.1679666481970681,1.4132898654619,1.1938734957238688,0.7696452732676781
Calm1,0.1673414304993252,0.5918075732317218,1.0,-0.1327093713233913,-0.0317734684182464,0.0328809462715439,2.62411754622166,2.5674814174162663,0.7696452732676781
Ndufb1-ps,0.0561341550389163,0.2195861585503833,0.8990759188445385,-0.1060370650717928,1.418130816771568,30.30557279154344,0.4859280714481915,1.2927139603994475,0.679922351798266
Ddx24,0.0318660565104877,0.5811020620364432,0.9659972080946846,-0.2264210862489016,29.99016371083264,30.080877008312648,0.0,1.0858026692507576,0.7696452732676781
Hsp90aa1,0.384456616654759,0.7108438517107247,1.0,-0.064479122140441,0.0322801685526771,0.2112834863616415,1.7890562590814,1.8216350557684065,0.7696452732676781
Eif5,0.0015123728909584,0.0383086691932545,0.2905542727973867,0.0862978177427625,0.628057746254147,1.7561932958479174,1.0511249465122363,1.6185545362652198,0.3824373924546932
Atp5mpl,0.0098029469525132,0.3169133868117221,1.0,-0.0390320134494434,0.6045219119544706,30.146043649440067,0.77214009355077,1.1868779502733124,0.73086920709229
Gpr132,0.015806748853198,0.4613027199414199,1.0,-0.1311075727534717,0.5774799345465178,30.060362931245603,0.67096947517441,1.070318338789216,0.7696452732676781
Crip1,0.0221084385171072,0.1673414304993252,0.5918075732317218,-0.1913720426105661,-0.1059789154100383,-0.0150700339064582,2.97974812890934,2.75962173741099,0.6238234339500162
Igha,0.384456616654759,0.7108438517107247,1.0,-0.0567566803385717,0.0606198367719147,0.1044794954682872,1.72539199730811,1.8129704023332136,0.7696452732676781
Gdi2,0.011890842793894,0.216322183134876,0.7989813169398774,0.1958302539008035,30.19926067565114,30.27779497909077,0.0,1.2681130527810938,0.679922351798266
Klf6,0.1389615849030182,0.5918075732317218,1.0,-0.0865197908489092,0.0802558021167284,0.6947875395889014,1.15059116719208,1.2092369158606977,0.7696452732676781
Psma2,0.0093051670732942,0.1862901653912539,0.9659938147885658,0.5815200445845364,29.959482031103917,30.075498334316748,0.0,1.077411082442935,0.6582072829131653
BC005537,0.1725199962070955,0.6961014197599923,1.0,-29.074178250780367,27.83154926390816,29.74309379159303,0.0,0.3873638533616345,0.7696452732676781
Dek,0.0547320325950598,0.3508758720274545,0.899023025165231,-30.118387895596303,-0.9180392112627466,29.65802237658465,0.906210599086756,0.3884406645356912,0.7542550679714259
Prelid1,0.1725199962070955,0.5613977265175001,1.0,0.0,28.38534208895908,29.859211015401964,0.0,0.3506221953962825,0.7696452732676781
H2afy,0.0941408820727264,0.4475749834764695,1.0,0.1151477142730967,30.016256578570605,30.10360654829168,0.0,1.0937167168061412,0.7696452732676781
Hnrnpk,0.0004763038818766,0.1198301182821306,0.8369453044375644,0.0276353783388356,0.2183114440283818,1.1903400848671106,1.17453454950401,1.3708298468495688,0.5931087367073523
Uqcrb,0.1473636656693644,0.6477164962454822,1.0,-29.915786811069545,0.0,29.6372736664949,0.0,0.2002138741160955,0.7696452732676781
Cox7c,0.0449313328570294,0.3683937366656357,0.967135032150512,-0.1099578797275705,-0.0565388195488105,0.0102489740989441,2.083312245161215,1.9808928191147388,0.7573409605674015
Rps23,0.2268397237437485,0.7108438517107247,1.0,-0.0213008220772916,0.0034010659539492,0.0317090882053292,3.99078511131638,3.999863363857896,0.7696452732676781
Tbca,0.0670037756218985,0.2727951909772175,0.8233209065817465,29.000101462601204,29.936346210060726,30.04330509991061,0.0,1.0273967105933774,0.7104072398190046
Nsa2,0.2991188378185282,0.7732396602365642,1.0,-0.1382467746202925,0.0087670753819704,0.0956581818973811,1.722572718230135,1.73989657250785,0.793446271566788
Btf3,0.0556481701992537,0.5918075732317218,1.0,-0.0874858904224044,0.0075836595230374,0.08210522325512,2.211003056344945,2.2253111962232737,0.7696452732676781
Pik3r1,0.0012982623324188,0.0126631805582279,0.1410491785782443,-30.256486427606944,-30.137976595254507,0.0,1.18150336650552,0.0,0.25482654600301524
Gpbp1,0.1262831848884292,0.6390933766786356,1.0,-0.0932921611873923,0.1848656176214278,30.117188857332856,1.02290446975841,1.1619879464697425,0.7696452732676781
Emb,0.0283400809716599,0.0831150273874732,0.3402397396205445,0.0499256258996734,0.1855962923404972,0.3697674995817063,2.60037797328632,2.9686972559493103,0.5099453242835595
Rpl15,0.0283400809716599,0.2991188378185282,0.967135032150512,-0.0014338939426649,0.0140091365013968,0.0834601348480302,3.08742236747671,3.1097662529793326,0.7104072398190046
Rps24,0.0683496070492974,0.3402397396205445,0.967135032150512,-0.0175062598600381,0.0276095980883041,0.0580534082554345,4.421398012124995,4.51603632915891,0.7367691420459586
Arf4,0.0126206082246849,0.1900050984733419,0.8325897513232108,0.0264010656088347,0.2951783312684457,1.4051904955432877,1.16065427211032,1.4147361698319425,0.6582072829131653
Selenok,0.1198301182821306,0.535841867111217,1.0,-0.1769782280611054,-0.079539527668927,0.0977942320962036,1.75087467195305,1.6462965854943086,0.7696452732676781
Hnrnpc,0.0270451404867015,0.2358320476719947,0.9300256853640896,-30.182053459879945,-1.0540270588407643,0.6939622168771824,1.02473330981504,0.4555938645860475,0.6910700302428103
Trac,0.0683496070492974,0.6503532587123918,1.0,-0.1348911248935863,-0.0318702074866546,0.3003701535270479,1.60656411784832,1.57214342365654,0.7696452732676781
Dad1,0.0556481701992537,0.4319679288719536,0.9018020163531,-0.3382225303923637,-0.2157908771795872,0.0730940459492637,1.52458668064213,1.310876167669046,0.7696452732676781
Psme1,0.011890842793894,0.3706266179443429,1.0,-0.1150701910449716,0.6988592293291311,30.111975321505657,0.68882846420912,1.1328538061874525,0.7573409605674015
Nedd8,0.286417686105596,0.7616243103146927,1.0,-0.5041123641557983,0.6541263047625557,29.998971638546703,0.65236961302432,0.993949749637463,0.793446271566788
Itm2b,0.3402397396205445,0.7732396602365642,1.0,-0.09267201287511,-0.0399487482049884,0.057658633187842,2.33827032138668,2.272006702505671,0.793446271566788
Lcp1,0.1088434256386677,0.5794190715760607,1.0,-0.0992339476735114,0.989360014706498,30.144553693671572,0.565196875064045,1.148585650200915,0.7696452732676781
Tpt1,0.1002619671350321,0.6503532587123918,1.0,-0.0106524107180669,0.0037498879286155,0.0320176374825454,4.77823853730156,4.791118264100763,0.7696452732676781
Elf1,0.1172817576551966,0.6105199638852996,1.0,-0.4008923929816971,-0.1837131254671037,0.053757733805743,1.351144665940455,1.1924678932195538,0.7696452732676781
Gm10076,0.2786365066725308,0.6065105166693265,0.9659938147885658,0.2915315584623805,30.06333552070304,30.159241511845703,0.0,1.1539976068804063,0.7696452732676781
Rpl37,0.0683496070492974,0.4824164483607208,0.967135032150512,-0.0232831053477404,0.0254006424876855,0.0592299959078704,3.45354454230624,3.5141811419179865,0.7696452732676781
Fyb,0.1673414304993252,0.6503532587123918,1.0,-0.1182654189403541,0.0506433707993462,0.3623563992694634,1.68356658484722,1.7539801553576388,0.7696452732676781
Il7r,0.0084997490323303,0.0746416924145041,0.4970691104142616,0.0808317481898763,0.6451085329771722,1.6204342091762864,1.1405538721167183,1.7631613176702312,0.5053328371510679
Sub1,0.0683496070492974,0.5918075732317218,1.0,-0.0539797396645611,0.0049299873273131,0.0892140150652555,2.56587293175947,2.586477545263038,0.7696452732676781
Rpl30,0.0283400809716599,0.3402397396205445,0.967135032150512,-0.0235224430609876,0.038425670343583,0.0665695828161519,3.78759693934815,3.8961738827230463,0.7367691420459586
Cox6c,0.0831150273874732,0.6503532587123918,1.0,-0.109478286925067,-0.0190937826073841,0.0919172961747547,1.98749471708216,1.9610548756623023,0.7696452732676781
Pabpc1,0.1673414304993252,0.4824164483607208,0.8369453044375644,-0.1385989181423822,-0.0875570492496244,-0.0384796134998904,2.389994580100945,2.244998092807096,0.7696452732676781
Ywhaz,0.1673414304993252,0.6503532587123918,1.0,-0.1514825697523715,-0.0114371936116946,0.1155506877334877,1.86025510383366,1.849113027645651,0.7696452732676781
Eif3e,0.195562435500516,0.7108438517107247,1.0,-0.1002003545053075,-0.038613645959077,0.1527788334864724,1.5139930195507,1.4597748512751176,0.7696452732676781
Eif3h,0.0011907597046915,0.0170675557672461,0.1422164007303326,0.1180279659755845,0.3551356998373209,1.5930242775918062,1.30327183061235,1.65989671994051,0.2645471143923146
Sla,0.0434157607856436,0.5523650132353475,1.0,-0.2968350875543075,0.5169756538557666,30.03368742028251,0.67096947517441,1.0211674736085627,0.7696452732676781
Ly6e,0.195562435500516,0.6503532587123918,1.0,-0.0730902446993493,0.0442292515987278,0.1969408144895695,1.56548839794997,1.5990648511303938,0.7696452732676781
Ly6a,0.0874834199128404,0.4930882950927855,0.9643668721326168,-0.5877628217930846,29.093082077168663,30.062405726666725,0.0,0.57878171969598,0.7696452732676781
Eef1d,0.2044668835088473,0.7035844410913497,1.0,-0.1959253944826326,-0.0225439691008042,0.1343713582550939,1.300881024484465,1.2899253028343112,0.7696452732676781
Dgat1,0.0025821558136421,0.0304138568048495,0.3289562053157725,0.2694850641298617,30.40125262299397,30.451786688930817,0.0,1.4264536605733324,0.34949522199983546
Rpl8,0.0449313328570294,0.4824164483607208,1.0,-0.055294680618571,-0.0164588211751098,0.0316285481893118,3.41849385957964,3.3783627359630897,0.7696452732676781
Myh9,0.156653370783437,0.6677650547665812,1.0,-0.2348309123687304,0.2002089875552792,30.111461825378683,1.01285942472842,1.151958235479085,0.7696452732676781
Il2rb,0.0122724254302789,0.0248582541509547,0.3758271511311257,0.7781724244858876,1.344400163789785,30.38215253567562,0.549906865271355,1.357676102055265,0.3405002719747051
Rac2,0.0358418671112169,0.4824164483607208,0.967135032150512,-0.2135921133006518,-0.1010754531229161,0.0224907643078391,1.63222164817016,1.5099536898598176,0.7696452732676781
Lgals1,0.4824164483607208,0.8369453044375644,1.0,-0.0731039486110109,0.0055398265280581,0.1654956765916706,2.06476971370543,2.053872698353585,0.8397969068376925
Rpl3,0.0002778439310947,0.0037310470747003,0.1422164007303326,0.0430405842540781,0.0939580474655502,0.1197514240651384,2.913920182435855,3.1099346376232875,0.18576216907266094
Rbx1,0.0483009937632759,0.5539392338353869,1.0,-0.1270098175732675,0.1423132687015007,30.147365382053717,1.0511249465122363,1.189943253196295,0.7696452732676781
Snu13,0.0084292173139266,0.2204841582232068,0.9635544038307184,-30.20457890018021,-1.3147131268893242,29.402458720883217,1.06227895652839,0.3867501139458092,0.679922351798266
Smdt1,0.0450774951843005,0.5443808682946791,1.0,-0.8866166141234678,29.253945816643917,29.946726456000924,0.0,0.9356452488899542,0.7696452732676781
Ndufa6,0.1146957578294307,0.4199884090390556,0.8965858473211891,1.0065568117148858,30.14736675006182,30.21518483027959,0.0,1.2085455151409374,0.7696452732676781
Tspo,0.1163131476343229,0.5825996812113596,0.967135032150512,-0.0100260240771463,0.1911032339723627,30.363407368753272,1.24899651090572,1.389941213611294,0.7696452732676781
Pfdn5,0.0449313328570294,0.5918075732317218,1.0,-0.0927749904652432,0.0221170065115668,0.1226508034948148,2.09152228469769,2.1144377139194823,0.7696452732676781
Prr13,0.1384410174210646,0.6414642630986135,1.0,-0.2227366301706833,0.1084903270947508,0.7115847204595556,1.1752305274748,1.2640330947894576,0.7696452732676781
Pcbp2,0.0019999531304264,0.1373982239637429,0.8989434582164634,-0.0436394979089938,0.7748592563405052,30.25039103494824,0.732382432476165,1.2580791150449486,0.6026292088501144
Atp5g2,0.1389615849030182,0.5825996812113596,1.0,-0.0984686159961295,0.1316344555586999,0.3385735076269748,1.474429387152115,1.610336080078015,0.7696452732676781
Hnrnpa1,0.1900050984733419,0.7108438517107247,1.0,-0.1191613087574611,-0.0091336169195011,0.2285869068178916,1.50561536443169,1.4872389166017324,0.7696452732676781
Tra2b,0.1384410174210646,0.5254410213627343,0.8989434582164634,-0.1247957416885381,1.175400041465684,30.24223284538633,0.549906865271355,1.2410818684127476,0.7696452732676781
Eif4a2,0.0017798159019585,0.045768213831848,0.3304772363370218,-30.207270445987223,-29.034612059652734,0.0,0.549906865271355,0.0,0.411013418556443
Pak2,0.0026462759814899,0.1264300448769635,0.8989434582164634,0.0465829354621042,1.137190417954098,30.21739923170396,0.549906865271355,1.2266184518808152,0.6026292088501144
Rpl35a,0.0831150273874732,0.2991188378185282,0.8369453044375644,-0.0007241536937054,0.0151875863707079,0.0591023543756924,3.6655724511289,3.698218711083448,0.7104072398190046
Cox17,0.2636955406211734,0.7544930115071693,1.0,-1.2717860250128352,0.3719610610387092,1.7025658674832758,0.67096947517441,1.000281345096449,0.793446271566788
Cd47,0.195562435500516,0.6503532587123918,1.0,-0.130463396600476,0.0451228542236963,0.2008196494934716,1.38704483019826,1.4396963160309926,0.7696452732676781
Rpl24,0.1002619671350321,0.4824164483607208,0.967135032150512,-0.0360090723687046,0.0092718551954218,0.0641275310367708,3.28647130376326,3.31215121961985,0.7696452732676781
Cggbp1,0.0012982623324188,0.0164559030127128,0.1410491785782443,-29.585201407447094,-29.585201407447094,0.0,0.805439734782585,0.0,0.2645471143923146
Samsn1,0.0018888773370054,0.0060144772605519,0.0390562023728528,-30.790639673347105,-30.6159633360863,-1.7764232258079833,1.65204321679743,0.0,0.1864487950771089
Nrip1,0.2991188378185282,0.7035844410913497,1.0,-0.2078469516130661,-0.0427004491470588,0.227725933115099,1.41611978478483,1.356889417567669,0.7696452732676781
D16Ertd472e,0.035654322457728,0.2614114471699611,0.9018020163531,-0.0163990303360081,0.1875486417033172,0.4299712815626375,1.64559632969763,1.8819530261449824,0.7104072398190046
Atp5j,0.0690826075465267,0.5825996812113596,0.967135032150512,-0.1881210978228906,0.0958128241995876,0.7271569580421953,1.21815743931789,1.3084851425645676,0.7696452732676781
Son,0.0281924589409085,0.5918075732317218,1.0,-0.1872117963025703,-0.0512884952592896,0.0551725882549107,1.79887812916272,1.7371170104539588,0.7696452732676781
Atp5o,0.0035063931358507,0.0292140893654189,0.2871535121692373,-29.957356889582886,-28.856167539592604,0.0,0.4859280714481915,0.0,0.34949522199983546
Ezr,0.0443251384368866,0.1311807645509164,0.5794190715760607,-2.402953883910212,-0.6806791979688851,-0.247109806541744,1.474429387152115,0.8973692486205196,0.6026292088501144
Psmb1,0.0006162107617026,0.0690826075465267,0.7732396602365642,0.0024807119640168,0.1464434090229599,1.1031254247891296,1.292726848036,1.4278567242171598,0.4844006648202884
Srrm2,0.0129792807811383,0.1422164007303326,0.535841867111217,0.0704707924401803,0.131370878765463,0.4860960234643779,1.57574788905112,1.7037380152089252,0.6026292088501144
Elob,0.2268397237437485,0.5918075732317218,1.0,-0.0245619020964677,0.0306652135287505,0.1220456789083688,1.63182410521293,1.6597510677073064,0.7696452732676781
Atp6v0c,0.1356553584260904,0.2507439723759572,0.7653723929149803,0.1721249989683949,30.12300720013844,30.185193709068457,0.0,1.1861094316246126,0.7104072398190046
Rps2,0.005239342700643,0.0283400809716599,0.1680469556243543,0.0595114823210604,0.1375470296733087,0.2691782671859159,2.6869036053915,2.952470877322161,0.34949522199983546
Ube2i,0.001945472300941,0.04605583297916,0.6414642630986135,0.1744252876114125,1.2370163698619434,30.143226709521688,0.4859280714481915,1.1592138375089025,0.411013418556443
Atp6v0e,0.0375466511100235,0.2530530366638864,0.9018020163531,0.0051628967340812,1.0338513729717485,30.166884250601345,0.581912496707765,1.186743072211435,0.7104072398190046
Rps10,0.0831150273874732,0.4824164483607208,1.0,-0.0094021108210811,0.0293642793399755,0.0750114369572022,3.73971757168379,3.825652900014855,0.7696452732676781
Rpl10a,0.1948569103754862,0.7108438517107247,1.0,-0.0533114064032117,0.0065254027872543,0.1100209204693172,2.992466154095255,2.99013948835112,0.7696452732676781
Srsf3,0.195562435500516,0.7732396602365642,1.0,-0.0783929910466058,0.0434987985885562,0.1354536746509243,1.4678774264609,1.5287199903061226,0.793446271566788
Pim1,0.0553802492656982,0.535841867111217,1.0,-0.2511137982362773,-0.0613742073599864,0.1486388764775692,1.642266699283445,1.5623830619979313,0.7696452732676781
Rps28,0.384456616654759,0.7732396602365642,1.0,-0.0458082350937314,-0.0180318524448332,0.0266929596391765,3.56464329190241,3.5220437766933514,0.793446271566788
Rps18,0.2614114471699611,0.7108438517107247,1.0,-0.0218897162084083,0.0087098998213908,0.0467938167721028,3.65814506742617,3.681782137986981,0.7696452732676781
H2-K1,0.1002619671350321,0.4824164483607208,1.0,-0.0267031879980459,0.0323821772317831,0.0852480955758374,3.28121923685103,3.3484788360892312,0.7696452732676781
Brd2,0.0211696504410429,0.1725199962070955,0.5912267210577168,-30.18526993586972,-29.034612059652734,0.0,0.549906865271355,0.0,0.6263326556960662
Psmb8,0.1629806968918196,0.661139365273972,1.0,-0.2683524830790575,-0.0267353988268932,0.4033968093987075,1.34633979900985,1.3230511175391737,0.7696452732676781
Clic1,0.2905542727973867,0.7732396602365642,1.0,-0.1932065230922848,-0.0113364895834481,0.0768961862565342,1.47208993532583,1.4654810855446512,0.793446271566788
Ltb,0.004318517758354,0.0440282667139888,0.3125700362855071,0.702183304547772,30.15769314448268,30.2306917758493,0.0,1.2021445992616535,0.411013418556443
H2-D1,0.1198301182821306,0.535841867111217,0.967135032150512,-0.0694626215463013,-0.037502325107847,0.0147563020507617,3.217407601807645,3.136008924266464,0.7696452732676781
H2-Q7,0.4824164483607208,0.7108438517107247,0.967135032150512,-0.1983705867175808,-0.123979342578456,-0.0379598230205988,2.41744061792631,2.2205733267630947,0.7696452732676781
Gm42418,0.0683496070492974,0.2268397237437485,0.5918075732317218,0.0040394374635977,0.0290602061737858,0.1279254916260185,3.58481612374632,3.646776351915536,0.6851722937695788
AY036118,0.0449313328570294,0.2991188378185282,0.967135032150512,-0.0165903570641689,0.0776821799774479,0.1883931671934917,2.0425062935901,2.1548256679282565,0.7104072398190046
Hsp90ab1,0.2268397237437485,0.4824164483607208,0.967135032150512,-0.0085736773376565,0.0301943708619461,0.0839243976680139,2.59968566704683,2.645713714974096,0.7696452732676781
Tomm6,0.0204616224673927,0.3083630951453936,0.9661445282750096,-0.1123528600190745,29.982259432085463,30.103166631246555,0.0,1.1067807577983826,0.7207657257072213
Satb1,0.0007991232787051,0.01087603023526,0.2032370293976059,0.8015532310484973,1.536740932748932,30.43261341619876,0.4859280714481915,1.3977256640994238,0.25482654600301524
Rpl36,0.1198301182821306,0.7108438517107247,1.0,-0.0481660827116811,0.0082269114108399,0.0815603670560044,3.3331692955853,3.355489905891675,0.7696452732676781
Myl12b,0.0831150273874732,0.384456616654759,0.7108438517107247,0.0672114649215877,0.1357005848265842,0.2442194422845006,1.79719676565528,1.970816270178096,0.7573409605674015
Myl12a,0.0308552657792724,0.1629806968918196,0.4218308744273433,0.0561273739313498,0.1240483922737124,0.1950070430867592,1.41340751654038,1.5283427950054138,0.6238234339500162
Smchd1,0.2346601471514037,0.7018315947634234,1.0,-0.3254421841097255,1.0800888870658474,30.084224846737445,0.4517254079075985,1.0830365823289188,0.7696452732676781
Srsf7,0.1422164007303326,0.6503532587123918,0.967135032150512,-0.1837316452198588,-0.0696321587604367,0.0671272860031705,1.67952384541575,1.6063927223225138,0.7696452732676781
Cox7a2l,0.0991939225092344,0.7032118540606818,1.0,-0.1039084113100555,0.0248525931149436,0.2871408473977351,1.41588345537646,1.433979649782175,0.7696452732676781
Zfp36l2,0.0167156904157365,0.1725199962070955,0.8232461555363203,-30.297030486787357,-29.71582827871183,0.0,0.96801634227629,0.0,0.6263326556960662
Calm2,0.1002619671350321,0.6503532587123918,1.0,-0.3132063920759981,-0.0479487672088802,0.2089890171696649,1.780915640840395,1.7269200255820387,0.7696452732676781
Crem,0.4202995774738256,0.6503532587123918,0.967135032150512,0.0284446001033598,0.1741863183901253,1.097793425805946,1.556208672647005,1.762058175884733,0.7696452732676781
Zeb1,0.1373982239637429,0.6414642630986135,1.0,-0.3064119112288504,0.005779991237666,30.195438601011197,1.16701501555251,1.201520037945,0.7696452732676781
Rock1,0.005239342700643,0.1673414304993252,0.967135032150512,-0.5437929793465607,-0.2028965360092625,0.0634557135352475,1.418492744984905,1.2277899649239663,0.6238234339500162
Rnf125,0.0190720437579441,0.3565121569076059,0.9654340961219868,0.436875586409255,29.771649962229283,29.934018834544457,0.0,0.9350000744494256,0.7573409605674015
Reep5,0.1373982239637429,0.6503532587123918,1.0,-0.0545646704147719,1.0094460123043214,30.12233048134104,0.565196875064045,1.1363458230248749,0.7696452732676781
Paip2,0.0831130925009838,0.5918075732317218,0.967135032150512,-0.1451648824206576,-0.0157194292133227,0.2462507502796396,1.462634698746075,1.4357754871602424,0.7696452732676781
Ndufa2,0.0010279340497058,0.0367046746030574,0.3727522017256789,30.135762237393788,30.187496916383765,30.235268756792856,0.0,1.2232778137519649,0.37274229898622085
Diaph1,0.0048503627111027,0.0670037756218985,0.5027842415672923,29.43950434292656,29.94295953779395,30.04188744534296,0.0,1.0321171150640656,0.4844006648202884
Ndfip1,0.2614114471699611,0.7732396602365642,1.0,-0.1067850318145358,-0.0392288653059011,0.1529832362670989,2.08594362943213,2.030816532383394,0.793446271566788
Nr3c1,0.0011907597046915,0.0831150273874732,0.5918075732317218,-0.5006291666774777,-0.328053984519339,-0.1396816817263653,1.88833945847827,1.5207848892979623,0.5099453242835595
Tnfaip8,0.4639528590961361,0.8140546890169088,1.0,-0.7147074168769149,28.035333064312685,29.83982320790105,0.0,0.327436557506928,0.8324274510954154
Lmnb1,0.0251565566111365,0.1951283583458704,0.8933843271204772,0.0,29.73809240744562,29.97161197303111,0.0,0.9131162477808464,0.6582072829131653
Rps14,0.1198301182821306,0.4319679288719536,0.967135032150512,-0.0306483201054318,0.0192477278046552,0.0362661628341047,3.85381283188007,3.907416049770714,0.7696452732676781
Csnk1a1,0.2201943430476198,0.7732396602365642,1.0,-0.165954777491132,-0.0173285982588809,0.735060774888563,1.31680872376725,1.298188465319544,0.793446271566788
Malt1,0.0053615566625386,0.0292140893654189,0.1738491830482484,-30.457673052782607,-29.72904961908676,0.0,0.88988867008413,0.0,0.34949522199983546
Sec11c,0.4685200034875149,0.8273479485139488,1.0,-0.2048413602969133,0.940492583146174,30.114392613556568,0.587267274752005,1.1224216261624935,0.8397969068376925
Mbd2,0.0004268920055365,0.0034043155484525,0.0382302440318,1.3125379866412592,30.43657449449549,30.484273566993917,0.0,1.4688712143722986,0.18576216907266094
Rpl17,0.0283400809716599,0.1673414304993252,0.7108438517107247,0.0030358031018062,0.0447262158036784,0.0640195230389872,3.70890061629071,3.821954074853657,0.6238234339500162
Smad7,0.0066358898527179,0.0909871721936758,0.5912267210577168,-29.957356889582886,-29.321671895757664,0.0,0.67096947517441,0.0,0.5455002513826038
Atp5a1,0.0122724254302789,0.3706266179443429,1.0,-0.1784912789666109,1.1653595564211954,30.05064534524828,0.4517254079075985,1.0631285188203288,0.7573409605674015
Cdk2ap2,0.0171281744968088,0.1624263589086311,0.8965612937229277,-2.603393929227785,-0.564829661487579,0.3420065515551792,1.2715289943911865,0.9090825050352912,0.6238234339500162
Ppp1ca,0.1349481163726048,0.3839092970818034,0.8910271862688508,0.0,28.709653667551976,29.837556895185884,0.0,0.4409742861879318,0.7573409605674015
Cfl1,0.0358418671112169,0.4824164483607208,1.0,-0.1176562307342556,-0.020444405515799,0.0577284283347337,2.12797186778417,2.108150134080325,0.7696452732676781
Malat1,0.0831150273874732,0.384456616654759,0.9034353417480336,-0.0496675719709968,-0.0169789702097426,0.0041402534928556,5.67083953796515,5.603938373189173,0.7573409605674015
Fau,0.1948569103754862,0.5918075732317218,1.0,-0.0106843096138115,0.0068431071727515,0.0217477561889636,4.31913993810035,4.336781533001966,0.7696452732676781
Cox8a,0.2268397237437485,0.535841867111217,0.967135032150512,-0.0169658154796897,0.032911286667266,0.1341328053064117,2.03427764608949,2.077517040955685,0.7696452732676781
Slc3a2,0.0860030339602986,0.5501343724948433,1.0,-29.915786811069545,-0.0985094637771644,29.865901461269928,0.732382432476165,0.8300687042554851,0.7696452732676781
Eef1g,0.0221084385171072,0.3574436540515252,0.967135032150512,-0.2717988827538987,-0.0889636348193348,0.0672621186694579,1.35888333750503,1.2793266036376711,0.7573409605674015
Ahnak,0.0017861395570373,0.0683496070492974,0.384456616654759,-0.5281629011557573,-0.4210559380951735,-0.2879029478872983,2.08594362943213,1.5425781737857338,0.4844006648202884
Fth1,0.0556481701992537,0.535841867111217,1.0,-0.0702067435933564,-0.0257570469373848,0.0392180982164594,3.5536521415063,3.48911577345916,0.7696452732676781
Cd6,0.2832516505533299,0.7490154725135971,1.0,-0.582272242092772,29.651421057712756,30.031390707936648,0.0,0.9384038441840988,0.793446271566788
AW112010,0.0831150273874732,0.535841867111217,0.967135032150512,-0.1339681581675406,-0.0593104533842312,0.0657740589888159,2.12358521243687,2.037367922071049,0.7696452732676781
Ms4a4b,0.0469241506511009,0.2697878136817866,0.4922416903947776,-0.5423107335965381,-0.3794118082565762,-0.2175340443828084,1.52010483234034,1.1873744427764883,0.7104072398190046
Ostf1,0.0007541478129713,0.005239342700643,0.0359035371632678,0.2866395248555077,0.4792572284480328,0.6757113210281266,1.8492029334185,2.5693284088684685,0.18576216907266094
Uhrf2,0.2855786692646201,0.719233913572739,1.0,0.543734093223718,29.88473320877226,30.01177659835748,0.0,0.9936746353755674,0.7773005047602629
Got1,0.0076510274728813,0.0987488370284312,0.6406027446099999,0.0349159274378764,1.0112026954978297,30.32822255834757,0.67096947517441,1.3146426563556377,0.5467990615049436
Atp5md,0.0096226811277538,0.0469241506511009,0.1961325292868257,0.1519287643191095,0.3676252158350739,30.547853308707666,1.20278411768455,1.5503258973096474,0.41251230945520045
Sfr1,0.0285936731626332,0.3125700362855071,1.0,-30.281547426044764,-1.6249429000906328,28.799844891616367,0.743780692265355,0.1799562840428145,0.7276828117476826
Dusp5,0.0055855707195521,0.0510254342849856,0.2787518852695507,-30.526844721063863,-1.212979489664443,-0.2494332014632423,1.47459645912824,0.5887242912500548,0.44197030579200763
Pdcd4,0.2536633188180378,0.7352048861326053,1.0,-0.2360210666863051,0.7096665757631953,30.07569079311723,0.68882846420912,1.1343463012424138,0.790211091116979
Eif3a,0.1384410174210646,0.7672806278121114,1.0,-0.1672410227656137,-0.0293393476037009,30.26529764971286,1.33200247558617,1.2898825225242123,0.793446271566788
Rbm3,0.0002778439310947,0.005239342700643,0.0831150273874732,0.0804073835511493,0.2644051202947514,0.3354750163618189,1.791191607707735,2.16194276469009,0.18576216907266094
Ndufb11,0.0032639545679725,0.0790456566751522,0.5027842415672923,29.848959682490364,30.01812291141773,30.09079307720685,0.0,1.0874138210695274,0.5099453242835595
Slc25a5,0.0616556073348793,0.5794190715760607,1.0,-0.1092691696142582,0.1677423663502343,30.095747528189,1.03938775839069,1.1595991689293026,0.7696452732676781
Rpl39,0.384456616654759,0.7732396602365642,1.0,-0.031859474165688,-0.0089912011752134,0.0226018647497232,3.96321459097807,3.936738911605186,0.793446271566788
Ndufa1,0.0248582541509547,0.3302367937943543,0.966299884947446,-0.0770232332489891,0.1869773191607871,30.152805671267217,1.0424686758955,1.1802937048240023,0.7367691420459586
Ssr4,0.2129726596797522,0.6712428986179558,0.9662340001638232,0.0979384695360605,0.4505127634091378,30.230307643749235,0.91272783347472,1.2299604422187849,0.7696452732676781
Rpl10,0.0221084385171072,0.2441255854568548,0.9018020163531,-0.0062844811443563,0.041566603216345,0.1673764178050701,2.9745441009047653,3.0493169056838285,0.7083249745521552
Msn,0.0077216609593732,0.2991188378185282,0.967135032150512,-0.0633693995834259,0.0689557673333824,0.4041980864739484,1.45767944698385,1.5181287516423687,0.7104072398190046
Il2rg,0.0122724254302789,0.1175236488690104,0.8989434582164634,-0.0102657874302384,0.8624059594105253,30.214520298025,0.685109269865725,1.2155913892398988,0.5931087367073523
Rps4x,0.1673414304993252,0.5638247201714695,0.967135032150512,-0.0505162299871487,-0.0242841084432934,0.0172871791904808,3.77620295658884,3.716617244744004,0.7696452732676781
Xist,0.0283400809716599,0.1002619671350321,0.3402397396205445,-0.3096555838666344,-0.1242741844124177,-0.042059589342323,2.39684366388584,2.1947023062632787,0.5467990615049436
Cox7b,0.0449313328570294,0.535841867111217,1.0,-0.2226726770918767,-0.0612965634381004,0.9286231844153277,1.41848813100786,1.3654437988344936,0.7696452732676781
P2ry10,0.0155493804101,0.1384410174210646,0.7122547711132581,0.0567501713563457,0.5639439339270418,30.329654809363063,0.91272783347472,1.33880040375795,0.6026292088501144
Rpl36a,0.3392117170754942,0.7732396602365642,1.0,-0.045292807254442,-0.0112806775517062,0.0652718701895591,2.6885153624541447,2.663718854070561,0.793446271566788
Tmsb4x,0.0170675557672461,0.195562435500516,0.6503532587123918,-0.0733697221227229,-0.0486686017576674,-0.0190993054352268,5.19527025674084,5.027754177345483,0.6582072829131653
mt-Nd1,0.0007541478129713,0.0358418671112169,0.2991188378185282,0.0422714924096624,0.0949942949787973,0.1294383595919719,2.63002776650427,2.8158126390374347,0.37274229898622085
mt-Nd2,0.1002619671350321,0.6503532587123918,1.0,-0.096676283824121,-0.0086889958621329,0.0557883051177359,2.90084529597898,2.8863106511057,0.7696452732676781
mt-Co1,0.2268397237437485,0.5918075732317218,1.0,-0.0147724039031405,0.0042798811980466,0.0455443630935783,4.02689160932549,4.038506436021066,0.7696452732676781
mt-Co2,0.0071842502183059,0.0831150273874732,0.7108438517107247,0.0072071120280093,0.0312421364598886,0.0543505324731102,4.07278136727679,4.163796779925803,0.5099453242835595
mt-Atp6,0.0358418671112169,0.195562435500516,0.8369453044375644,0.0052710934272494,0.0207700513209474,0.0362000931156847,4.36927732652872,4.429525295415033,0.6582072829131653
mt-Co3,0.195562435500516,0.7108438517107247,1.0,-0.0053864120070255,0.0159193025094506,0.0315164629796296,4.033248575791287,4.079030831129868,0.7696452732676781
mt-Nd3,0.1002619671350321,0.6503532587123918,1.0,-0.1294381594140307,0.0095584124979081,0.1979000647507475,1.38121593347645,1.3694195958396225,0.7696452732676781
mt-Nd4l,0.0200615758782193,0.2905542727973867,0.966278470916598,-0.0578675587715226,0.1477894339835125,1.0194028055437674,1.220876340445765,1.37061670850424,0.7104072398190046
mt-Nd4,0.2991188378185282,0.7108438517107247,1.0,-0.0308197665561297,0.0101407863785883,0.0562029181391561,2.87010868073789,2.8893077699797565,0.7696452732676781
mt-Nd5,0.1198301182821306,0.535841867111217,0.9679566563467484,-0.1284811594009958,-0.0240038156265212,0.0580565320169839,1.74460943309666,1.7153419258777614,0.7696452732676781
mt-Cytb,0.0017861395570373,0.2614114471699611,0.967135032150512,-0.0141178838263423,0.020858019069682,0.061986156887292,3.1903102016612,3.237411673945089,0.7104072398190046
