gene,pval_lower,pval_median,pval_upper,log2fc_lower,log2fc_median,log2fc_upper,median_Control_median,median_Salmonella_infNonTLSwk6_median,FDR_BH
Rpl7,0.0003108003108003,0.0139860139860139,0.2318570318570318,0.0299836029536587,0.0967074889053652,0.1760417412439819,3.0934319407557,3.3237839955367523,0.21114369501466146
Ptpn18,0.1828417017123981,0.6851773174958848,1.0,-0.1183494562409972,0.0013905677469633,0.1552937876186379,1.65204321679743,1.6434756812070876,0.8100202020202021
Cox5b,0.0391701660299839,0.3164717878479781,1.0,-1.315133064970648,1.4868285064412867,30.263882486496144,0.4517254079075985,0.9380076365387788,0.6684719535783366
Rpl31,0.3342968142968144,0.778865578865579,1.0,-0.029385103520494,0.1071731796890607,0.203912436015486,2.266722784107335,2.476568662977097,0.8100202020202021
Il18r1,0.1116117682982922,0.5958830905651777,1.0,-0.6092973918255188,0.6282809296691034,30.332457525921438,0.785600922942995,1.18408024895898,0.8100202020202021
Stat4,0.1146687981746683,0.4870641534695065,1.0,-0.466357495442919,-0.2438681260067749,-0.0284048325669997,1.74460943309666,1.445649185507755,0.8026268444497502
Gls,0.2628903364198475,0.768278203545834,1.0,-1.2736059095160048,-0.0250983095080972,1.0273452195555663,1.12264402955817,1.0181955496830346,0.8100202020202021
Stk17b,0.280963480963481,0.778865578865579,1.0,-0.3122048498167922,0.0459984355784585,0.2104810915111352,1.87477820555165,1.95133384509202,0.8100202020202021
Sf3b1,0.04009324009324,0.1205905205905206,0.3356643356643357,0.0875899510218321,0.2247365498769245,0.3456107116802732,1.45666876632877,1.7012798146737786,0.49943684633950125
Hspe1,0.2932707266977624,0.7603899357833063,1.0,-29.034612059652734,0.20658659564054,29.98570451466941,0.67096947517441,0.8114952302603875,0.8100202020202021
Bzw1,0.0677460138406892,0.219289318460756,0.6799884022342944,-30.27830334584093,-1.087612521110934,-0.0696800942507775,1.28265535242243,0.5899748233966043,0.6165289256198345
Clk1,0.2318570318570318,0.6943278943278944,1.0,0.0081324612307888,0.1883114812982262,0.3672402699460199,1.551368994196845,1.7666552090910748,0.8100202020202021
Sumo1,0.039102657638135,0.3164717878479781,0.9002274502182291,-0.2455010166746746,1.0205570396980652,30.224888693000217,0.565196875064045,1.124461079438645,0.6684719535783366
Cd28,0.04009324009324,0.3029010468563048,0.9550893550893552,-0.433039766730362,-0.1206425296058184,0.0625294148853501,1.8498800654113,1.7010866356251124,0.6684719535783366
Ctla4,0.3248386127491286,0.778865578865579,1.0,-0.3412871405583692,-0.0645222077211179,0.1749807655197076,1.54573084079698,1.4984246250307036,0.8100202020202021
Icos,0.04009324009324,0.1892773892773893,0.778865578865579,-0.0388824500939709,0.2988746383202862,0.6336852178352783,1.801464497645485,2.197668794281778,0.5905454545454546
Eef1b2,0.0093240093240093,0.1205905205905206,0.6125874125874127,0.0138899779655814,0.083520747990575,0.1606439443796444,2.60655636723982,2.75739427919675,0.49943684633950125
Rpl37a,0.0716550116550116,0.2318570318570318,0.6125874125874127,0.0175900667393306,0.0395827961277822,0.0728913321930929,3.97927286214841,4.083040971501798,0.6165289256198345
Arpc2,0.151981351981352,0.6943278943278944,1.0,-0.136986531310341,0.0273623632684935,0.1988992720166311,2.12164341369804,2.156368525610265,0.8100202020202021
Ncl,0.0059052059052059,0.151981351981352,0.778865578865579,-0.2910272379152923,-0.146241622131457,0.0031279559565366,2.23732106466724,2.02634748570917,0.5429562803608605
Ptma,0.0289044289044289,0.151981351981352,0.4634032634032634,-0.1784313679539046,-0.0867880273601434,-0.0351989124606744,3.0160220129097826,2.8394609438337453,0.5429562803608605
Actr3,0.2624806919433113,0.6835629105167564,1.0,-0.9064965844508864,-0.1626201733735144,1.1117996254233558,1.34739250373263,1.2201503342746052,0.8100202020202021
Snrpe,0.1321178224188759,0.6843747548063993,1.0,-0.1934208724696653,-0.0655417534323617,0.0945576999275785,1.46505633091344,1.3860237434335176,0.8100202020202021
Btg2,0.1199222999222999,0.5358197358197359,1.0,-0.351791078454299,-0.1348598279145982,0.0127102295966298,1.79301056409911,1.63406739335865,0.8100202020202021
Ptprc,0.0139860139860139,0.0721056721056721,0.3356643356643357,0.0836603096805004,0.199312524922976,0.3287052833366709,2.5037680331382,2.887519476925678,0.4044475415596105
Rgs1,0.00340809957091,0.0227796928098559,0.1289960116674872,-30.958053025652735,-2.5359010644564663,-0.6586594070371145,1.801464497645485,0.29311302639556,0.28054990092138316
Tpr,0.0235255986784301,0.1178837571664433,0.4835220598680489,0.1768657349022838,1.329402451141538,30.57475313440024,0.549906865271355,1.499127896347725,0.49943684633950125
Arpc5,0.20261353134705,0.7715426535572856,1.0,-0.3669796559680237,-0.0663046645304156,0.8530578292827259,1.29580270219512,1.2229814448263476,0.8100202020202021
4930523C07Rik,0.1332470203401324,0.5168677495508638,1.0,-30.248674771170663,-1.5632572659787751,0.7235836981547379,1.15059116719208,0.2974357741979175,0.8100202020202021
Gas5,0.2467376368078808,0.778865578865579,1.0,-0.2724762141248598,-0.0452876519414367,0.1739351858144364,1.55010236289611,1.5134446950606302,0.8100202020202021
Prdx6,0.0925337611903636,0.451509187944989,0.9550893550893552,-0.189691670221572,0.0912413550592462,0.4557547207310219,1.462634698746075,1.5600011461704475,0.7857707509881422
Prrc2c,0.1205905205905206,0.6125874125874127,1.0,-0.1835732381908991,0.018535844174361,0.2695723931056913,1.83734175178422,1.8410444250835625,0.8100202020202021
Hnrnpu,0.0289044289044289,0.1892773892773893,0.6951752225529518,-0.4558073629974155,-0.1860801403017256,0.0352413887782206,1.52010483234034,1.3507809178865011,0.5905454545454546
Itpkb,0.0516999549363111,0.2159249389401403,0.6604192593759595,-30.457673052782607,-2.8198653096334407,0.5177488601807806,1.31921310141975,0.18725797015218,0.6165289256198345
H3f3a,0.0012432012432012,0.04009324009324,0.2823310023310011,-0.2132971814959466,-0.1091699767833188,-0.0294805049783488,2.58474520449285,2.3983430630533675,0.34747474747474666
Fam107b,0.0175710667676868,0.1476485888064738,0.6012221988088494,-0.8812968254502647,-0.4454926587261466,-0.1473001652831802,1.60196005252185,1.18225157247,0.5429562803608605
Celf2,0.04009324009324,0.4634032634032634,1.0,-0.1324835834685252,0.1003112718524467,1.297364263411252,1.33200247558617,1.4704368904659575,0.7857707509881422
Vim,0.0006216006216006,0.0091553779041863,0.0553192420704978,-2.784482012893044,-1.0284626547065323,-0.6845740091223518,2.20078805549461,1.093106637186745,0.198347107438016
Rpl7a,0.151981351981352,0.6943278943278944,1.0,-0.086260466450367,0.0098113309209805,0.12147258542971,2.383945668299675,2.3801062815594234,0.8100202020202021
Set,0.4023069607299596,0.8153345943552276,1.0,-0.3985695189335345,0.017809163498684,30.11241315692476,1.21815743931789,1.247684939777374,0.8364609882568603
Rpl12,0.0003108003108003,0.0021756021756021,0.0289044289044289,0.1054059337529435,0.1586109907520291,0.20077132700415,3.6897484873249,4.121966468787587,0.1131313131313092
Hspa5,0.04009324009324,0.280963480963481,0.6943278943278944,-0.476026280203711,-0.3382871514594934,-0.1999134625938282,2.19120286332434,1.73335181572602,0.6477384684281237
Traf1,0.2200419962272734,0.7260951618325295,1.0,-0.3935694023970673,0.5496226790328245,30.291477306654485,0.864402761245295,1.25805750149255,0.8100202020202021
Rpl35,0.151981351981352,0.6125874125874127,1.0,-0.0467581595183126,0.0375010173341276,0.1158138228301806,2.57781820946429,2.6381523948524777,0.8100202020202021
Cytip,0.0203496503496503,0.2318570318570318,0.778865578865579,-0.3424448868654684,-0.2237209301855569,-0.0080450115505358,2.22153018051283,1.901214993412664,0.6165289256198345
Ssb,0.2628903364198475,0.768278203545834,1.0,-1.2028221242556425,0.0307689836200976,29.918634936466475,0.906210599086756,0.9990935952107456,0.8100202020202021
Hnrnpa3,0.1205905205905206,0.4634032634032634,0.9550893550893552,-0.0265069828751679,0.1248036491341315,0.2901570131245073,1.45666876632877,1.599594267942305,0.7857707509881422
Srp14,0.23176412298755,0.7603899357833063,1.0,-1.5585376584462594,0.0519715332550642,30.066483411505875,0.805439734782585,0.9162255905197224,0.8100202020202021
Pdia3,0.0235255986784301,0.1989589310924021,0.8609521360603793,-1.4716816456528925,-0.3825325551461951,0.0274478481137967,1.44310956872518,1.09927403558188,0.6165289256198345
Serf2,0.3356643356643357,0.778865578865579,1.0,-0.183764163949384,-0.0719464966673365,0.0582770859810553,2.2383217373567,2.124474150974581,0.8100202020202021
B2m,0.151981351981352,0.5358197358197359,1.0,-0.0242109501847736,0.018668560100583,0.0932542482268583,3.39335159073661,3.4348538580044825,0.8100202020202021
Eif2s2,0.1816061904559506,0.6778471254686949,1.0,-0.7340313233979281,-0.1289471730302815,0.9095151579928722,1.35952832695924,1.254426193343635,0.8100202020202021
Rbm39,0.2318570318570318,0.6125874125874127,1.0,-0.0839286691125378,0.0285968778112551,0.1631668238113558,2.32724172953015,2.373877346293465,0.8100202020202021
Top1,0.2318570318570318,0.7282210233302229,1.0,-0.2436618531542616,0.1176991986943266,0.4136167836119159,1.2940240606845217,1.4136579838954375,0.8100202020202021
Stk4,0.1148370473682217,0.4835220598680489,0.9536916548852497,-0.0502687342767276,0.3110877571235194,30.422035324502534,1.1471093717718102,1.4008150157794774,0.8024408653129322
Gnas,0.1205905205905206,0.5624846616632901,1.0,-0.3177006346543962,-0.1040280302128371,0.0555335562592065,1.71361678606073,1.611270692725415,0.8100202020202021
Atp5e,0.4634032634032634,0.8665112665112666,1.0,-0.1541624773371016,-0.0393632843563968,0.1353121736745327,2.06366651798777,1.9999706433895923,0.8683667510219975
Rps21,0.0205128205128205,0.1205905205905206,0.4634032634032634,0.0266123274856777,0.0851259122981607,0.1277601579501568,3.73604901830682,3.9735916733081074,0.49943684633950125
Rpl22l1,0.0003108003108003,0.0093240093240093,0.152913752913752,0.1078318387129683,0.2028336875339879,0.3305070361484681,2.34325298141563,2.6765361636482674,0.198347107438016
Sec62,0.0314437345458923,0.1514939924042201,0.5906786252963061,-30.479354268470733,-1.917035596103445,-0.1132534282469501,1.17453454950401,0.3543298867368624,0.5429562803608605
Mbnl1,0.280963480963481,0.6125874125874127,1.0,-0.0328812391320106,0.1082363631711938,0.2148090877565825,2.06462131982743,2.218679207114305,0.8100202020202021
Ccnl1,0.0440870312584946,0.3502013891792955,0.952362288442386,-30.216313471403584,-1.363419754234177,0.1575466042734195,1.11761986999033,0.354740726417435,0.6915369204046848
Pdcd10,0.1703897319667617,0.6835629105167564,1.0,-29.589951433774736,0.0,29.723560385072208,0.549906865271355,0.4764055105076092,0.8100202020202021
Rps3a1,0.2318570318570318,0.4634032634032634,0.778865578865579,0.0344597837237695,0.0911896119803207,0.1480975404065082,3.2186074348854,3.4622189020836025,0.7857707509881422
Tpm3,0.2238991155035703,0.7715426535572856,1.0,-0.1894896696108313,-0.0125112480626811,0.6680485488621509,1.57574788905112,1.5338383873255488,0.8100202020202021
Rps27,0.0006138306138306,0.0021756021756021,0.0139860139860139,0.0853092414788888,0.1166455042504905,0.1418197584845287,4.08755070280069,4.409142548062878,0.1131313131313092
S100a11,0.0205128205128205,0.0289044289044289,0.1205905205905206,-0.6868838659658987,-0.4763962170601202,-0.2318235076071728,2.26960053364799,1.6371889288056112,0.30408807786342856
S100a10,0.0003108003108003,0.0012432012432012,0.0093240093240093,-0.8338889060582682,-0.6585425521689035,-0.4913554671236619,2.74429009354073,1.7469333080055174,0.1131313131313092
Mcl1,0.280963480963481,0.778865578865579,1.0,-0.2806824852374978,-0.0663911566520077,0.1675943090470791,1.47459645912824,1.4365117007069574,0.8100202020202021
Cd2,0.04009324009324,0.3356643356643357,0.9550893550893552,-0.0432430876364477,0.2035769407461185,0.7760127750179547,1.3090630131839,1.5250348576304575,0.6684719535783366
Ptpn22,0.384993546056126,0.8616968286082338,1.0,-0.2440433458098413,-0.1008973289877335,0.1188773089744648,1.640901441334095,1.5234416701827849,0.8683667510219975
Rap1a,0.2932707266977624,0.7703347136423385,1.0,-0.6681990070340652,0.0732035859256297,30.101919266618545,1.02473330981504,1.1445501397992224,0.8100202020202021
Atp5f1,0.1407135248526926,0.7199178531944465,1.0,-30.04875847381441,-0.0102267457289844,29.94345358097742,0.587267274752005,0.7633720544639713,0.8100202020202021
Cd53,0.280963480963481,0.778865578865579,1.0,-0.141034969038907,-0.009300671135739,0.133562122262536,1.60656411784832,1.6014744747849865,0.8100202020202021
Rpl34,0.0205128205128205,0.1892773892773893,0.778865578865579,0.003218173230922,0.0346853210114767,0.058108803201349,3.72511953912908,3.8186632552453776,0.5905454545454546
Ube2d3,0.0721056721056721,0.280963480963481,0.778865578865579,0.0115893647473489,0.1753888607342573,0.322609290925747,1.62040753364451,1.83303899603204,0.6477384684281237
H2afz,0.0289044289044289,0.1205905205905206,0.4634032634032634,-0.2891457262591099,-0.1767465694372704,-0.0800671801087964,2.796710652186105,2.4739361999671674,0.49943684633950125
Sh3glb1,0.0421027181166023,0.2698712949217355,0.9077864979090876,-1.0677828555156452,-0.2930964334290796,0.062407260626951,1.34633979900985,1.1143416677709637,0.6477384684281237
Gng5,0.0012432012432012,0.054079254079254,0.5358197358197359,-0.2822189924283852,-0.1641067438965646,-0.0498842622688434,1.88796406644161,1.6841756062629925,0.4044475415596105
Rps20,0.0012432012432012,0.0289044289044289,0.1892773892773893,0.0441020021752498,0.0844361540178418,0.1251460888804374,3.79375134466683,4.027454792031286,0.30408807786342856
Rab2a,0.1704181223248704,0.6799884022342944,1.0,-30.17196976225988,0.7720321168992033,29.972092827901523,0.4517254079075985,0.67432567898869,0.8100202020202021
Pnrc1,0.1205905205905206,0.5358197358197359,1.0,-0.0351742887360998,0.0899981207385254,0.2160220141200095,2.2122988870065,2.34036729856852,0.8100202020202021
Dnaja1,0.0037296037296037,0.1892773892773893,0.8665112665112666,-0.4064180345816545,-0.2114695095697771,0.0011116659936676,1.91977239703451,1.6149632232657374,0.5905454545454546
Sec61b,0.2238679800655153,0.7666826984521069,1.0,-0.4518247739975239,0.0970417386354396,30.318919220807853,1.220876340445765,1.3372395557052563,0.8100202020202021
Txn1,0.1321178224188759,0.6851773174958848,1.0,-0.3513159957519741,-0.134627881415268,0.164127470015762,1.59651374627507,1.4260177317705298,0.8100202020202021
Ptbp3,0.1753258176208659,0.768278203545834,1.0,-1.259270777753036,0.3030518817888341,29.949268789224856,0.67096947517441,0.9039044877357856,0.8100202020202021
Tnfsf8,0.2711281332535172,0.7715426535572856,1.0,-0.2979815095287554,0.0040842080615848,0.3623561441394183,1.65068087096815,1.656882556302934,0.8100202020202021
Rps6,0.04009324009324,0.151981351981352,0.5358197358197359,0.0288422954459658,0.0907670863467412,0.1489495816269444,3.00428455536931,3.1992675920465423,0.5429562803608605
Jak1,0.0425939820941403,0.3541094107998596,0.9550893550893552,-0.3552050897677569,-0.1629676605111134,0.0242939609417413,1.60289498318581,1.4129875947193726,0.6963159842619088
Mier1,0.1351662724159878,0.6694111706224701,1.0,-0.7442496961612868,0.8331273251528808,30.265021476566808,0.549906865271355,1.044155972490725,0.8100202020202021
Tut4,0.151981351981352,0.6943278943278944,1.0,-0.2205011053174737,-0.0556751973817239,0.1176899341596946,1.476409209956995,1.4290273673123488,0.8100202020202021
Uqcrh,0.2318570318570318,0.778865578865579,1.0,-0.1118706195589337,0.0026228940555384,0.0948420058156594,2.02766208552975,2.024741057248628,0.8100202020202021
Prdx1,0.0471253041839123,0.413686226993168,1.0,-2.3333749218500746,-0.4590808688536005,0.64401466399418,1.14640009004151,0.8324670424837999,0.7533274483766638
Rps8,0.0003108003108003,0.0205128205128205,0.0938616938616938,0.0588784370441445,0.0843066686540545,0.1269560897305856,3.864750630585455,4.087631322084405,0.2596067287559599
Ybx1,0.054079254079254,0.4634032634032634,1.0,-0.2699368153093631,-0.1364201872477334,0.0105914424918393,2.0397859513725,1.8444826457944876,0.7857707509881422
Sfpq,0.0231509519852463,0.1202328005368122,0.5830440246512354,-30.455597372018858,-2.9172973349753155,-0.3456072996851131,1.322046958822125,0.1616135131783212,0.49943684633950125
Ptp4a2,0.04009324009324,0.3968919968919969,1.0,-0.2491278266295028,-0.1220304704759182,0.0654141111258471,1.79719676565528,1.6424894203572076,0.7284135472370767
Laptm5,0.0938616938616938,0.3356643356643357,0.8665112665112666,-0.3301884402137873,-0.165820439565216,-0.0437338960587312,1.92795573721486,1.745583359085515,0.6684719535783366
Cd52,0.0205128205128205,0.04009324009324,0.0938616938616938,-0.3796632042709992,-0.2947738230728781,-0.2131257480834784,3.0489777803573,2.49629930462155,0.34747474747474666
Sh3bgrl3,0.0205128205128205,0.0721056721056721,0.24759328291177,-0.5742950201188864,-0.4349026716296464,-0.1557517645858174,2.1677640955952957,1.62041140484348,0.4044475415596105
Rsrp1,0.1987168925470268,0.7282210233302229,1.0,-0.3106556433443288,0.091310890687193,1.279858623097076,1.24920297897551,1.386926008093255,0.8100202020202021
Syf2,0.1020809611324846,0.5207033237981002,1.0,-29.93338106494062,-0.6566642189190601,28.588469033367527,0.938039747316968,0.596647640630105,0.8100202020202021
Rpl11,0.04009324009324,0.2318570318570318,0.6125874125874127,0.0211760879565598,0.0606111630405888,0.0930477903550244,3.53611669956153,3.70953698951072,0.6165289256198345
Cdc42,0.0139860139860139,0.280963480963481,0.9550893550893552,-0.2703333726733137,-0.1553340711758,0.0252214431974064,2.00982823774601,1.7883298830485124,0.6477384684281237
Rpl22,0.0138694638694638,0.151981351981352,0.6943278943278944,-0.0033207312658359,0.0522131667836513,0.1113420825560363,3.0346858382039352,3.1399624121717875,0.5429562803608605
Tnfrsf4,0.0227796928098559,0.2429082609043239,0.8548127198282508,-30.22391935517012,-0.9583167355988425,0.4219373636302838,1.254025339273165,0.6044256893862275,0.6315614783512421
Kmt2e,0.151981351981352,0.5624846616632901,1.0,-0.0663478099693031,0.190642405807778,0.495782314501024,1.17453454950401,1.3584633109608588,0.8100202020202021
Tomm7,0.2155007887439468,0.6843747548063993,1.0,-0.1815260207010868,0.0212760938039155,0.3258424761146251,1.32648676636483,1.368866649579675,0.8100202020202021
Dnajb6,0.1892773892773893,0.6943278943278944,1.0,-0.1813226928499248,-0.025387622807117,0.2286093178986165,1.53757252715944,1.524598310192405,0.8100202020202021
Ost4,0.2159249389401403,0.6827510662271137,1.0,-0.1705894734430689,0.4830332529630431,30.317068198928137,0.906210599086756,1.3198897227974724,0.8100202020202021
Mrpl33,0.2094823757163304,0.7064914510409575,1.0,-30.182053459879945,-0.7142122454929948,29.75648416315329,0.67096947517441,0.2830607002264725,0.8100202020202021
Rpl9,0.0093240093240093,0.0721056721056721,0.4634032634032634,0.0228317348050761,0.0546243700070399,0.0782910641032098,3.600799844936735,3.74224179150228,0.4044475415596105
Ythdc1,0.0617066900283126,0.2698712949217355,0.8609707533740757,-1.4300172685233736,-0.3411430479022032,0.1764530785966722,1.35888333750503,1.0795465865359477,0.6477384684281237
Rpl5,0.0003108003108003,0.0093240093240093,0.0938616938616938,0.0764779768751119,0.1350731615488993,0.1759099094263837,2.91090234438052,3.1934715856919897,0.198347107438016
Dynll1,0.0215562667600163,0.1407135248526926,0.5958830905651777,-30.423100835672905,-1.7686206030353442,-0.3542573344799267,1.300881024484465,0.389604678763552,0.5429562803608605
Rplp0,0.0037296037296037,0.0205128205128205,0.1205905205905206,0.0559992801942513,0.1019951830626027,0.1804619970363862,3.31561328132426,3.55394593846995,0.2596067287559599
Rpl6,0.0059052059052059,0.1205905205905206,0.5358197358197359,0.0030356091235042,0.0534070338710384,0.1267974604139559,3.21427928970676,3.3626771686200847,0.49943684633950125
Ppp1cc,0.4278251278478543,0.8548127198282508,1.0,-1.376295823931625,0.5354211190853093,30.04299669830568,0.4859280714481915,0.8356583907630123,0.8683667510219975
Arpc3,0.0021756021756021,0.04009324009324,0.280963480963481,-0.4210229179643822,-0.2587335003836131,-0.1491113278947421,2.24558564902964,1.868002641770755,0.34747474747474666
Orai1,0.00800994232988,0.0874803339251971,0.5503275079719432,-30.453107331014227,-1.1757076822281176,-0.1149607989379984,1.35524163777831,0.56353158992981,0.45285848172446075
Rsrc2,0.2627225686629024,0.8017768264500664,1.0,-29.43865135567768,-0.0181683590061439,29.57711916227925,0.572356769253633,0.417233656907052,0.8319990128129292
Vps37b,0.0205128205128205,0.1205905205905206,0.3968919968919969,-0.4961148291074828,-0.3094482642090614,-0.1234792812219201,2.2092818542009853,1.7730497748289975,0.49943684633950125
Tmed2,0.0921673180446737,0.3909427714740615,1.0,-2.275589588547428,-0.3307899746395539,0.6148614307486435,1.13195789675541,1.016886492232155,0.7284135472370767
Ran,0.1332470203401324,0.3795808914251254,0.9513641829362992,-30.35499217813185,-1.8605357054420208,28.82008977917708,1.09238462841862,0.269654865701985,0.7284135472370767
Chchd2,0.0003108003108003,0.0205128205128205,0.0938616938616938,-0.6225355001023034,-0.4220269906823527,-0.2623216675037005,2.250255585412515,1.694762476709845,0.2596067287559599
Actb,0.1892773892773893,0.6125874125874127,1.0,-0.0274985647628115,0.0367005487526893,0.1047330843536809,3.40191575264876,3.4628688676514976,0.8100202020202021
Rac1,0.215763874859545,0.6799884022342944,1.0,-1.2997545298701418,0.4620818628436836,30.166191301562293,0.685109269865725,1.0775549538197269,0.8100202020202021
Arpc1b,0.2467376368078808,0.7282210233302229,1.0,-0.2104173252761625,0.0221505045931389,0.2651000014590763,1.47459645912824,1.513888907034375,0.8100202020202021
Atp5j2,0.4478307404396433,0.8616968286082338,1.0,-0.2891521815636017,-0.0589706774105748,0.1976244024818254,1.42086570518498,1.3524533457811465,0.8683667510219975
Rpl21,0.0003108003108003,0.0012432012432012,0.0289044289044289,0.0849721295442522,0.1352975515862597,0.1839203862174576,3.20394448934463,3.4981467298065687,0.1131313131313092
Polr1d,0.2318570318570318,0.6943278943278944,1.0,-0.1812961925889479,0.0392662333102683,0.2876011706455151,1.373937734074845,1.3894759701002313,0.8100202020202021
Hmgb1,0.0289044289044289,0.280963480963481,0.9550893550893552,-0.1003891629663482,0.1525081245683286,0.3409323719694168,1.52458668064213,1.69478977755252,0.6477384684281237
Sem1,0.271160359877409,0.6851773174958848,1.0,-0.2643650012660506,-0.0139614268150279,0.1935770666251133,1.51324180116324,1.4952648688425088,0.8100202020202021
Ndufa4,0.3541094107998596,0.8168005804132161,1.0,-0.1918462893083296,-0.0377171200013105,0.1320494246646402,1.47459645912824,1.4532695001785636,0.8364609882568603
Atp6v1f,0.0125222247240691,0.2226536979813717,1.0,-0.0220638014137773,0.4388959538254999,30.321594047256674,0.934082997401472,1.2895095798990477,0.6165289256198345
Zc3hav1,0.0391701660299839,0.3152856482682895,0.9070384808036948,-30.12971464928592,-1.2514373776703884,0.8017287110774003,0.7611587079120405,0.367248067780205,0.6684719535783366
Luc7l2,0.0030599755224886,0.0175710667676868,0.1178837571664433,0.2416356756563193,0.9166038320320272,30.50828809814179,0.805439734782585,1.5154985480701737,0.2569768514774194
Trbc1,0.054079254079254,0.4870641534695065,1.0,-0.3794188620196843,0.088521202167906,0.8339321689652979,1.59833109456711,1.65562324322029,0.8026268444497502
Trbc2,0.0012432012432012,0.04009324009324,0.280963480963481,0.074929840447214,0.2020103503099793,0.3081818478031591,2.223916569739395,2.54325460364979,0.34747474747474666
Gimap4,0.52296164404117,0.8616968286082338,1.0,-0.3345719461829741,-0.1129487708481556,0.1267600499851354,1.5216255820454951,1.4046384150138589,0.8683667510219975
Gimap6,0.1205905205905206,0.451509187944989,0.9550893550893552,-0.0442804878398736,0.1329260073964209,0.2699755591725359,1.718167568257305,1.8970789692165704,0.7857707509881422
Gimap3,0.2687219904362815,0.6022000059254968,0.9550893550893552,0.0193705267096276,0.1782255159456917,0.307725458849762,1.48402007583878,1.68132202187865,0.8100202020202021
Hnrnpa2b1,0.0205128205128205,0.2971897434333751,0.9550893550893552,-0.2519732190697777,-0.0910281024676763,0.08582169620417,1.87725895566292,1.771151013230985,0.6684719535783366
Tax1bp1,0.1205905205905206,0.6125874125874127,1.0,-0.1979137814492176,-0.068479510191129,0.0702671233945105,1.63182410521293,1.55172000161304,0.8100202020202021
Serbp1,0.1892773892773893,0.6943278943278944,1.0,-0.1293284263454655,0.032460833497707,0.1315247695698241,1.906258873579755,1.961554098161605,0.8100202020202021
Igkc,0.04009324009324,0.3356643356643357,0.9550893550893552,-0.2426160506020065,-0.1141352602401534,0.073883519506433,2.64107114212812,2.432762764271441,0.6684719535783366
Tmsb10,0.2318570318570318,0.778865578865579,1.0,-0.0586568631049568,-0.0177684488011879,0.0286250966771883,3.37692323353951,3.32995758082726,0.8100202020202021
Snrpg,0.1892773892773893,0.6943278943278944,1.0,-0.1112134741157063,-0.0171524903849716,0.038406854990727,2.08594362943213,2.065339802034333,0.8100202020202021
Cnbp,0.1892773892773893,0.6125874125874127,1.0,-0.2537093747920567,-0.0781336514011577,0.0729061849498274,1.745867391089725,1.6720676924740876,0.8100202020202021
Bhlhe40,0.2628903364198475,0.7703347136423385,1.0,-0.9363832125557012,-0.107116786233851,1.3853012654701689,1.246605704777835,1.1089023019939244,0.8100202020202021
Rpl32,0.0289044289044289,0.1892773892773893,0.6125874125874127,0.0001830247744493,0.0415374740397192,0.1077182097763767,3.876510451251595,3.985722353101345,0.5905454545454546
Hnrnpf,0.0021756021756021,0.0721056721056721,0.4634032634032634,-0.2913702220404055,-0.1693972094547212,-0.0393439888337597,1.7788956958752151,1.5627982378597325,0.4044475415596105
Wnk1,0.2318570318570318,0.778865578865579,1.0,-0.2198747848081174,-0.012751941278439,0.2283238775840276,1.56041831239381,1.5204258753847475,0.8100202020202021
Cd4,0.0421649312533629,0.3164717878479781,1.0,-30.182053459879945,-1.302924190134198,28.89343406163708,0.67096947517441,0.269654865701985,0.6684719535783366
Gapdh,0.0938616938616938,0.3968919968919969,0.9550893550893552,-0.3721369474692114,-0.1742487589097494,0.1000273582655532,2.2652445564210977,1.98472835690506,0.7284135472370767
H2afj,0.0718263311415725,0.4835220598680489,1.0,-0.3963500335541227,0.0464230418187696,0.4099174213971983,1.28265535242243,1.318750438469505,0.8024408653129322
Arhgdib,0.5355262173613721,0.8616968286082338,1.0,-0.2190166739624764,-0.1273185114560524,0.0511339146843726,1.7006997307803,1.5552341328407324,0.8683667510219975
Aebp2,0.0021756021756021,0.0938616938616938,0.6943278943278944,-0.5374682062058735,-0.3207889943575612,-0.0917964662159944,1.73320245376152,1.3754034346518262,0.45285848172446075
Rps9,0.0003108003108003,0.0037296037296037,0.054079254079254,0.0836661145083765,0.1119384768791244,0.1414306484279765,3.54652993504194,3.83110613806423,0.1342657342657332
Rpl28,0.0059052059052059,0.0721056721056721,0.3968919968919969,0.0317398306348972,0.0878939802626849,0.1268380087099112,3.14723867129186,3.354878666164915,0.4044475415596105
Rps5,0.0021756021756021,0.0721056721056721,0.3968919968919969,0.0182531507493557,0.093919492104555,0.1452871659461586,3.54642086952002,3.802509093757025,0.4044475415596105
Selenow,0.0702942294187667,0.1476485888064738,0.6024596910920444,0.0665205334477476,0.6922157677859334,30.41143806617328,0.8237281159766,1.3641850895917975,0.5429562803608605
Rps19,0.0003108003108003,0.0012432012432012,0.04009324009324,0.0494335665443875,0.11393775041006,0.1794031111380911,3.40373646515924,3.715842518360485,0.1131313131313092
Rabac1,0.1116117682982922,0.6012221988088494,1.0,-0.8708987508414126,0.2847552864687132,30.194823338322973,0.77214009355077,1.111997127939045,0.8100202020202021
Rps16,0.0205128205128205,0.0721056721056721,0.280963480963481,0.0304766872177584,0.0658813526550498,0.1017796315408529,3.95063583370787,4.135727659079013,0.4044475415596105
Gmfg,0.0013994752553668,0.008969389134836,0.0289044289044289,0.3616583462052435,0.5010118530591332,0.6406942641733295,1.35888333750503,1.9089284171650376,0.198347107438016
Eif3k,0.0718263311415725,0.3837143535858314,0.9536916548852497,-0.1070265442093772,1.128709620228519,30.335357569739926,0.587267274752005,1.3196363378101823,0.7284135472370767
Hcst,0.3541094107998596,0.8168005804132161,1.0,-0.2234427986111995,-0.0765467573032208,0.2330355212673845,1.62661684555831,1.538030692994801,0.8364609882568603
Cox6b1,0.1816653005134988,0.6835629105167564,1.0,-0.6098963075085189,-0.1156861317681874,0.6725083356084923,1.35888333750503,1.2422459190135862,0.8100202020202021
Fxyd5,0.1199222999222999,0.6125874125874127,1.0,-0.3019802998336281,-0.1523129898901169,0.0679336958395952,2.08594362943213,1.845687693682688,0.8100202020202021
Rps11,0.1205905205905206,0.3356643356643357,0.8665112665112666,-0.0103899313448097,0.0616677446150699,0.088336048657434,3.61848861856403,3.7775960228522423,0.6684719535783366
Rpl13a,0.0058508158508158,0.054079254079254,0.2318570318570318,0.0505729742431925,0.0764682530067474,0.1132667832362832,3.4582479984027303,3.6403888478097777,0.4044475415596105
Ftl1,0.2318570318570318,0.6943278943278944,1.0,-0.0564631030408373,0.0593050915988407,0.2090007887186873,2.10596262976118,2.1797367756928505,0.8100202020202021
Rpl18,0.0006216006216006,0.0037296037296037,0.0205128205128205,0.0928168567646945,0.134846494921251,0.1821732634900963,3.30915660256334,3.62786276081899,0.1342657342657332
Ldha,0.0239017976171966,0.2318570318570318,0.778865578865579,-0.532977003566732,-0.2278852775307678,0.0066668979116816,1.55010236289611,1.3260225446081897,0.6165289256198345
Klf13,0.1272980462544935,0.5022642955663339,1.0,-0.5133537112478987,1.118897405537633,30.19031950931854,0.4859280714481915,0.933718978508582,0.8100202020202021
Chd2,0.0012432012432012,0.0725931484850583,0.6943278943278944,0.0845808481435438,0.3345441763853094,1.028637027372162,1.2904915922232552,1.624488546434315,0.4044475415596105
Akap13,0.1892773892773893,0.6943278943278944,1.0,-0.1178787956714838,-0.000332429825852,0.0824344629046801,2.08594362943213,2.094384197568317,0.8100202020202021
Iqgap1,0.0172688724201217,0.0370731471147282,0.2467376368078808,-1.0905012245537578,-0.5154487752587793,-0.2256303300370871,1.63182410521293,1.158458543331745,0.34747474747474666
Rps17,0.3342968142968144,0.778865578865579,1.0,-0.1183443779226296,0.0050518461492927,0.1224806211675641,2.48147611469121,2.4610776886993357,0.8100202020202021
Rps3,0.0037296037296037,0.054079254079254,0.3985547785547771,0.0132330555493173,0.0651806303050321,0.115663916831761,3.35108360485756,3.50671443437398,0.4044475415596105
Spcs2,0.2094823757163304,0.768278203545834,1.0,-0.9565461208577112,0.5209110948527353,30.137069787098685,0.594236091753515,0.8358594811581601,0.8100202020202021
Ucp2,0.1321178224188759,0.6943278943278944,1.0,-0.3146920764080936,-0.0422743203636521,0.2581544615078908,1.4699371549693,1.424695957784095,0.8100202020202021
Eif3f,0.0204392766691921,0.1178837571664433,0.4634032634032634,0.0267179941417948,0.2810874665165184,0.4832937944027896,1.38704483019826,1.6820443754258414,0.49943684633950125
Rpl27a,0.0093240093240093,0.054079254079254,0.1892773892773893,0.0444845661889047,0.0840383079472258,0.122883558557322,3.83117671948728,4.0795277966424575,0.4044475415596105
Eif4g2,0.3700277116622618,0.6799884022342944,1.0,-1.3120094465869605,-0.1862104706535363,0.1535318506785189,1.3090630131839,1.1498445413232576,0.8100202020202021
Rps13,0.4634032634032634,0.9550893550893552,1.0,-0.0037363115314367,0.0284575442763392,0.0570524384943634,3.54652993504194,3.628734338100048,0.9550893550893552
Rps15a,0.0139860139860139,0.054079254079254,0.1892773892773893,0.0423445620190722,0.0686837336756736,0.0990161759096364,3.85295235654951,4.044383429262555,0.4044475415596105
Lat,0.1168971876059197,0.5992448359443866,1.0,-0.2510962391808765,0.8286577248954919,30.33795320778234,0.67096947517441,1.3045036509269,0.8100202020202021
Coro1a,0.0045390338355759,0.0265056439856757,0.1816653005134988,0.2991915925469584,0.5984105217154423,1.6411691319921162,1.1471093717718102,1.6298891401176951,0.30408807786342856
Aldoa,0.1816653005134988,0.7282210233302229,1.0,-0.941012101409227,0.0052355873186246,0.9682052745656056,1.21782219733709,1.2304259076170374,0.8100202020202021
Sept1,0.0702942294187667,0.3356643356643357,0.9538159449155053,-0.0576163266526144,0.2852762848742664,30.46674975614232,1.21782219733709,1.459913983149955,0.6684719535783366
Fus,0.1828417017123981,0.743242548807918,1.0,-0.3279379175547367,0.8011435522217654,30.35833426612032,0.732382432476165,1.2133380919486825,0.8100202020202021
Rplp2,0.0012432012432012,0.0205128205128205,0.1205905205905206,0.0493309946510029,0.0932070205495136,0.133577968274148,3.51943660178027,3.753661928431995,0.2596067287559599
Lsp1,0.0239017976171966,0.2698712949217355,0.9536916548852497,-2.3898714166975608,-0.3496466275444965,0.3144345725929515,1.21798981832749,1.02964227626759,0.6477384684281237
Nsd3,0.0921234027497218,0.6012221988088494,1.0,-1.0047344380514165,0.1224584809184789,30.020884622842136,0.938043873102995,1.0152059492105423,0.8100202020202021
Saraf,0.0139860139860139,0.164537455843051,0.6125874125874127,-0.532995810207091,-0.2787666482115197,-0.0654137830169691,1.5473303162077,1.2972138547861176,0.5833600707162717
Hmgb2,0.0938616938616938,0.3356643356643357,0.9550893550893552,-0.1015212562327577,0.168402396774097,0.7839387941621595,1.931706515393105,2.165473546105015,0.6684719535783366
Ndufa13,0.0518299272179096,0.2561796261420456,0.9480782566599218,-30.335902960168163,-0.8115979730579408,-0.0417786662317223,1.29580270219512,0.7352730194721188,0.6477384684281237
Uba52,0.2159249389401403,0.7260951618325295,1.0,-0.6132017019722369,0.0304090199402698,0.8946965909974579,1.220876340445765,1.2608369032419526,0.8100202020202021
Jund,0.2318570318570318,0.6943278943278944,1.0,-0.021267672380361,0.0909218403041844,0.2209674439499728,2.290779420443275,2.440037029959305,0.8100202020202021
Rpl18a,0.0003108003108003,0.0093240093240093,0.0938616938616938,0.0318014944747906,0.0782639519561723,0.1197812910677613,3.65814506742617,3.860984737690592,0.198347107438016
Tpm4,0.0517490562122841,0.4478307404396433,0.9536916548852497,-0.2198556938443859,0.2379384329636891,30.198048032897983,1.04712754119977,1.249904667373275,0.7857707509881422
Klf2,0.1272980462544935,0.5958830905651777,1.0,-30.181037139553755,-0.6768068782492208,29.598734154863266,0.594236091753515,0.29355638005119,0.8100202020202021
Smarca5,0.0920501434416868,0.6012221988088494,1.0,-0.7074314908469884,0.6217972971389718,30.11296114828478,0.67096947517441,1.08710675577687,0.8100202020202021
D8Ertd738e,0.1168971876059197,0.3811326193376022,0.9536916548852497,-0.5930371835554299,-0.2048996110755837,0.1500111904976224,1.41275014808597,1.2579969235432176,0.7284135472370767
Junb,0.0021756021756021,0.0938616938616938,0.3968919968919969,-0.4698293120899718,-0.2807686627489837,-0.1392986237735488,2.54671866689308,2.09216405955185,0.45285848172446075
Maf,0.0093240093240093,0.1892773892773893,0.6943278943278944,-0.4655663233804405,-0.2371885885239411,-0.038620798750906,2.08594362943213,1.695281544603835,0.5905454545454546
Cox4i1,0.1205905205905206,0.5358197358197359,1.0,-0.1451009330082606,-0.0494380961135923,0.0348652478199425,2.08594362943213,2.0297790399927687,0.8100202020202021
Map1lc3b,0.0205128205128205,0.1892773892773893,0.778865578865579,-0.4531101457866818,-0.2801888414098402,0.0535387352009843,1.74460943309666,1.4455681650669512,0.5905454545454546
Cyba,0.2093912448876893,0.7536651375079032,1.0,-2.172247559360214,0.1045444515461933,30.19099201216421,0.88988867008413,0.8728025059725151,0.8100202020202021
Ankrd11,0.0938616938616938,0.4634032634032634,1.0,-0.0624334264573936,0.0979570199892072,0.2865664436847275,1.59949588533891,1.7352177955524564,0.7857707509881422
Rpl13,0.04009324009324,0.3356643356643357,0.9550893550893552,-0.0080192348854324,0.0275280787156734,0.0727237194573344,4.12356330413621,4.202241972272738,0.6684719535783366
Tomm20,0.0205128205128205,0.3968919968919969,1.0,-0.2270986766548559,-0.079026440914311,0.0646614172024095,1.71934145980446,1.6245250623063012,0.7284135472370767
Cwc15,0.0676508407273606,0.4784057626240695,1.0,-29.93002427179834,-0.8286101719858234,29.353198372798904,0.94752727035894,0.456912835854165,0.8024408653129322
Ubl5,0.0021756021756021,0.054079254079254,0.3968919968919969,-0.3665437488998964,-0.2610750460844336,-0.1284685075959167,2.016914354661735,1.6770301384165838,0.4044475415596105
Ets1,0.280963480963481,0.8665112665112666,1.0,-0.017325349300104,0.0469061463183114,0.1377093549283257,2.523210466551035,2.5885551127866675,0.8683667510219975
Hspa8,0.151981351981352,0.3356643356643357,0.8665112665112666,-0.2817021966626861,-0.1557288345129768,-0.0696842311040953,2.34620417955919,2.10800786059183,0.6684719535783366
Thy1,0.0441363158740108,0.2094823757163304,0.7199178531944465,-30.326729904552916,-1.2253627469299946,-0.0721549467681757,1.29580270219512,0.5478653402902449,0.6165289256198345
Rps25,0.0289044289044289,0.2318570318570318,0.6125874125874127,0.0455937896336632,0.1025549367158672,0.1597964539385082,2.96855689163298,3.1952698349592703,0.6165289256198345
Ddx6,0.1148370473682217,0.5168677495508638,1.0,-2.275117094600406,-0.375212805105518,0.8509130591849575,1.1793662861278436,0.8482865599209299,0.8100202020202021
Atp5l,0.0721056721056721,0.4634032634032634,0.9550893550893552,-0.0409427164378913,0.1177108975278539,0.2547126810555851,1.74499937916894,1.9131256364887124,0.7857707509881422
Cd3g,0.1892773892773893,0.6943278943278944,1.0,-0.1984692107028594,-0.03599064569412,0.4932672166583184,1.96975705079898,1.9091857885042025,0.8100202020202021
Cd3d,0.0093240093240093,0.1205905205905206,0.778865578865579,-0.0165965290023608,0.1608801092532343,0.3834793454753614,1.808518112359795,2.01881158503152,0.49943684633950125
Cd3e,0.0093240093240093,0.1205905205905206,0.6943278943278944,-0.3154683250346244,-0.1872968909219974,0.0272425103121723,2.08594362943213,1.8333079968894,0.49943684633950125
Cox5a,0.0798387196458526,0.6012221988088494,1.0,-0.3557231757482162,0.7120252857875029,30.25924298970109,0.68882846420912,1.1803208016708124,0.8100202020202021
Rplp1,0.0289044289044289,0.2318570318570318,0.8665112665112666,-0.0017378257432014,0.0968087050533721,0.1358460961415211,4.0995307742152,4.4193425915304925,0.6165289256198345
Rpl4,0.0139860139860139,0.151981351981352,0.4634032634032634,0.0243782609484793,0.1198638181336032,0.2269162457436416,2.45235860004741,2.66300583623173,0.5429562803608605
Dennd4a,0.0013213216663899,0.0120506007705678,0.0930450589520381,-3.542998172919922,-0.7486969400256093,-0.2998887995140152,1.62040753364451,0.96177150528114,0.21114369501466146
Ppib,0.0938616938616938,0.5240789974851849,1.0,-0.1374031815346431,0.1067031134604678,0.6758651720172142,1.38121593347645,1.500625800062933,0.8100202020202021
Rab8b,0.0471253041839123,0.3164717878479781,0.95344003441657,-2.402488357868836,-0.5738733303777377,0.7821635165653759,1.35888333750503,0.8714931536366024,0.6684719535783366
Rora,0.1892773892773893,0.6943278943278944,1.0,-0.3398893765235598,-0.0189102706283145,0.3352060439284544,1.83468451394509,1.8569588706025613,0.8100202020202021
Arpp19,0.1989589310924021,0.6799884022342944,1.0,-0.4232328710018568,0.975811007345925,30.25107473305768,0.5966268978814,1.1792806777346851,0.8100202020202021
Eef1a1,0.0037296037296037,0.0721056721056721,0.4634032634032634,0.0117543087548564,0.046943004346676,0.0763975212230873,4.11723351148651,4.247092313833727,0.4044475415596105
Cox7a2,0.00800994232988,0.0718263311415725,0.413686226993168,-30.415668242746108,-1.1528590304406785,-0.277591647618254,1.41340751654038,0.6244568332146077,0.4044475415596105
Bcl2a1b,0.2698712949217355,0.7703347136423385,1.0,-0.5687161160648356,-0.1452169613213845,30.17401251275118,1.490447195456905,1.3273254596044777,0.8100202020202021
Morf4l1,0.2318570318570318,0.6943278943278944,1.0,-0.1345230020430583,0.0216454307660001,0.166008257256284,1.71361678606073,1.72657136727781,0.8100202020202021
Cdv3,0.0769241046186093,0.5906786252963061,1.0,-2.1204963300910067,0.5088974780797335,29.976375922674716,0.549906865271355,0.7721594140652515,0.8100202020202021
Gnai2,0.0321117669640537,0.2698712949217355,0.9538159449155053,-0.1095438915973398,0.4568886554605887,30.539549966517907,1.0144998860617,1.467174526275815,0.6477384684281237
Rhoa,0.0037296037296037,0.0938616938616938,0.6943278943278944,-0.3494779970313942,-0.1745451786573909,-0.0491871675121343,1.63820746772119,1.45166004190555,0.45285848172446075
Shisa5,0.0139860139860139,0.0938616938616938,0.3985547785547771,0.1687790538719152,0.3135508918806086,0.4447570705080739,1.56548839794997,1.950835083184995,0.45285848172446075
Tma7,0.0938616938616938,0.3968919968919969,0.9550893550893552,-0.3601814600308693,-0.1449876709317233,0.0067238644155229,1.74460943309666,1.5898192254205876,0.7284135472370767
Rpsa,0.0006216006216006,0.0139860139860139,0.0938616938616938,0.037667027150161,0.0858221546158732,0.1419719498325866,3.6897484873249,3.920283134794352,0.21114369501466146
Rpl14,0.0021756021756021,0.0721056721056721,0.6125874125874127,0.0357121486251981,0.0940670966842506,0.1847781595066867,2.76303131715074,2.9456796031727523,0.4044475415596105
Tnfaip3,0.280963480963481,0.778865578865579,1.0,-0.1746057723466056,0.0642595839001029,0.3081283243274853,1.67141601738835,1.7608967326621126,0.8100202020202021
Ifngr1,0.0059052059052059,0.0938616938616938,0.4634032634032634,-0.4240614883117173,-0.2792372555749964,-0.0954898756636323,2.68361497100153,2.2111020194183446,0.45285848172446075
Rps12,0.0289044289044289,0.2318570318570318,0.778865578865579,-0.0006924910977965,0.0404294468582849,0.0876600213437407,3.74262852182905,3.841013949689295,0.6165289256198345
Cd164,0.1269058893055885,0.6604192593759595,1.0,-2.996872246087215,-0.00912022912477,29.756295497943366,0.565196875064045,0.6149581856941875,0.8100202020202021
Srgn,0.0721056721056721,0.3356643356643357,0.8665112665112666,-0.1542087866011594,-0.0983425986686593,-0.0117308843900671,3.40373646515924,3.175049860686097,0.6684719535783366
Mif,0.0063457053762778,0.0553192420704978,0.2699035215456273,0.2061342788016174,0.6630815731024196,30.585974508004053,0.94752727035894,1.52073558145156,0.4044475415596105
Gpx4,0.0112833336286544,0.0553192420704978,0.3768684553497324,-30.577903691655305,-1.125261858418644,-0.3221211907999773,1.5663872141438,0.6994574902914901,0.4044475415596105
Atp5d,0.0316624349894849,0.3235367862420667,0.9562121212121204,-1.322776339132452,-0.3452557889161792,0.495103977751041,1.41588345537646,1.106488627411265,0.6684719535783366
Rps15,0.0289044289044289,0.151981351981352,0.4652136752136735,0.0278816655098964,0.1169621122528481,0.1891311572785596,2.965387935200075,3.240950697116028,0.5429562803608605
Oaz1,0.1892773892773893,0.6943278943278944,1.0,-0.1150677398672705,-0.0626143037319199,0.1045184472136705,2.55285058777727,2.4304533791810865,0.8100202020202021
Eef2,0.1892773892773893,0.6943278943278944,1.0,-0.1029944504166726,0.0190262484659397,0.1391155303731301,2.0604759969031603,2.086004657427785,0.8100202020202021
Tle5,0.280963480963481,0.778865578865579,1.0,-0.2395890181941596,-0.0083366272251603,0.1976836883165419,1.455085545148175,1.4465600514755126,0.8100202020202021
Hsp90b1,0.0471253041839123,0.2429082609043239,0.8596837951986661,-1.510136983538474,-0.3744815324701572,-0.0411025674919816,1.41649528794692,1.0823591257076013,0.6315614783512421
Slc25a3,0.0289044289044289,0.2318570318570318,0.9550893550893552,-0.3990638553957421,-0.2260325305810755,-0.0331059426486613,1.81677455236437,1.560604238409175,0.6165289256198345
Snrpf,0.3163013907279251,0.8110701293339075,1.0,-1.5171073637285606,0.5291218522280369,30.153849930861885,0.587267274752005,0.8944937277364124,0.8364609882568603
Btg1,0.1892773892773893,0.6943278943278944,1.0,-0.0338468479968678,0.0786971043275878,0.2214277166008914,2.81164214829135,2.9560456480664614,0.8100202020202021
Atp2b1,0.0205128205128205,0.0205244635982276,0.1048818005561559,-0.5792299949442171,-0.4395657489301189,-0.2889050508280885,1.84621762228176,1.36577144057759,0.2596067287559599
Ppp1r12a,0.1270314942171347,0.5022642955663339,1.0,-30.182955180930403,-1.3486429741639836,28.905964718437943,0.565196875064045,0.2219308937576587,0.8100202020202021
Nap1l1,0.1751747348803573,0.7199178531944465,1.0,-2.088607457862762,0.8408409225338733,30.133260911171888,0.549906865271355,0.8354524459817525,0.8100202020202021
Rap1b,0.0012432012432012,0.0289044289044289,0.2318570318570318,-0.4755442033440384,-0.2554873577136585,-0.0720320336476826,1.71596562985852,1.44204737619043,0.30408807786342856
Naca,0.0059052059052059,0.0721056721056721,0.4634032634032634,0.0475008200781968,0.1580780423608663,0.265209269017034,2.31350774789217,2.5867353087528557,0.4044475415596105
Atp5b,0.3096559030458566,0.7703347136423385,1.0,-1.2323097548581627,-0.0509859540853976,0.6232287563852246,1.17453454950401,1.2022084291451287,0.8100202020202021
Myl6,0.04009324009324,0.3356643356643357,0.9550893550893552,-0.2773813219254076,-0.1476864558023972,-0.0181139735548348,2.30795768769109,2.0773663302101166,0.6684719535783366
Rpl41,0.151981351981352,0.6943278943278944,1.0,-0.0315247053975185,0.0159754479227112,0.0451943539720077,3.666763166870165,3.71907473795574,0.8100202020202021
Rps26,0.0093240093240093,0.0721056721056721,0.4634032634032634,0.0308530333904021,0.0844293459599711,0.1333841315406986,3.21983632440176,3.4312051922179125,0.4044475415596105
Ppia,0.0938616938616938,0.3968919968919969,0.8687257187257168,-0.1101574368132895,-0.0683958087099431,-0.0039759026653539,3.2840002067727747,3.1281631068483176,0.7284135472370767
Ramp3,0.0313886221386475,0.2628903364198475,0.8153345943552276,-30.81303064107245,-2.374526623291298,-0.4398677043908307,1.71934145980446,0.333154643129385,0.6477384684281237
Sec61g,0.2311259443442823,0.6943278943278944,1.0,-0.1901772057902294,0.0077235203422575,0.2391214913231653,1.54573084079698,1.5708571437725252,0.8100202020202021
Peli1,0.0421027181166023,0.2226536979813717,0.6843747548063993,-1.1581300601976314,-0.3008608611092567,0.0320639717254223,1.474429387152115,1.188977613907675,0.6165289256198345
Rel,0.4513629851407167,0.8506523285821779,1.0,-29.074178250780367,0.1153201925516824,29.241244982551773,0.565196875064045,0.58951353989633,0.8683667510219975
Rps27a,0.0139860139860139,0.0938616938616938,0.3968919968919969,0.0066571406693725,0.04677980663767,0.0930339173671417,3.83495714705208,3.97148342703317,0.45285848172446075
Npm1,0.0205128205128205,0.2318570318570318,0.8665112665112666,-0.1429885643696711,-0.0715938216166564,-0.0025105825805748,2.50582445885049,2.3865061649288157,0.6165289256198345
Clint1,0.2316580839481953,0.6943278943278944,1.0,-0.198535701257203,0.0846809196741737,0.9172142705799085,1.300881024484465,1.39302464302897,0.8100202020202021
Itk,0.1407135248526926,0.6799884022342944,1.0,-2.212892609525653,-0.4404833665935144,0.2774581412639905,1.25030614492977,0.9132369064223974,0.8100202020202021
Rack1,0.0289044289044289,0.1892773892773893,0.6146309246309228,0.0281981150378558,0.0946828214458727,0.1359265973930173,3.05068081184419,3.2596820344018824,0.5905454545454546
Hnrnpab,0.1692825080005217,0.5500973172303969,1.0,-2.456518183263562,-0.5231919395227937,29.57716147687016,0.75115414655051,0.4941840193560757,0.8100202020202021
Ube2b,0.0289044289044289,0.2318570318570318,0.778865578865579,-0.553468185936749,-0.2716839567134932,-0.0585886958360913,1.58369730864913,1.34534718929075,0.6165289256198345
Ppp2ca,0.0559609954834341,0.3302514742067322,0.9550893550893552,-1.2853640578677688,-0.1806834084761173,0.0882693934702948,1.27572901997831,1.153111060223605,0.6684719535783366
Hint1,0.0205128205128205,0.3356643356643357,1.0,-0.1092376608587494,0.2104392088132032,1.123216547262332,1.24899651090572,1.4451895484270325,0.6684719535783366
Arf1,0.0718263311415725,0.5107378720531797,1.0,-2.1904600689249776,-0.4600511714778764,0.3655918402811262,1.29580270219512,0.9169996396157956,0.8100202020202021
Ncor1,0.0553192420704978,0.4502910796846515,1.0,-0.7346511702290921,-0.1610696426527565,0.4720761522726058,1.45767944698385,1.2914885660559363,0.7857707509881422
Ubb,0.0036907536907536,0.0721056721056721,0.4634032634032634,-0.1866589029676862,-0.1048667371874723,-0.0177362926205764,3.066596156807135,2.852960363635362,0.4044475415596105
2410006H16Rik,0.05582929463924,0.2429082609043239,0.6843747548063993,-30.4265336962256,-0.7456464842413879,-0.1646035680945785,1.4699371549693,0.8680828521318951,0.6315614783512421
Rpl26,0.0003108003108003,0.0139860139860139,0.0938616938616938,0.0480876106333081,0.0754984611893129,0.1421544624999898,3.44298181977368,3.63123329970152,0.21114369501466146
Eif4a1,0.1168971876059197,0.4071814254365494,0.9536916548852497,-0.8040483145399715,-0.2780857737127037,-0.037260075380914,1.5434113505944,1.2606676042952187,0.7443785433761918
Eif5a,0.1407135248526926,0.6799884022342944,1.0,-0.3567625679658359,0.3057591451117651,30.2377247889357,0.96801634227629,1.2092548723869825,0.8100202020202021
Pfn1,0.054079254079254,0.3968919968919969,0.9550893550893552,-0.0034238314445337,0.1174203975333128,0.2059356392355038,2.3034855883273,2.514429564845562,0.7284135472370767
Pafah1b1,0.042658103683907,0.2698712949217355,0.7715426535572856,-2.156057896348184,-0.4116001255473691,0.0217807138070428,1.41588345537646,1.0641494481331302,0.6477384684281237
Rpl23a,0.0059052059052059,0.0938616938616938,0.6125874125874127,0.0295870585228924,0.1122884498515671,0.1893126711338902,2.79154064765565,3.0069343775662074,0.45285848172446075
Supt4a,0.054079254079254,0.5358197358197359,1.0,-0.8615583055368422,-0.0876046903682095,0.6117231850903507,1.2504463789033,1.1956570009719076,0.8100202020202021
Nme2,0.3356643356643357,0.778865578865579,1.0,-0.1465033769065702,0.1042517818260697,0.3297045435451753,1.80862327528006,1.97053282832148,0.8100202020202021
Atp5g1,0.1692825080005217,0.6799884022342944,1.0,-0.8661325624851556,0.8031300288540144,30.21305006139489,0.67096947517441,1.0128457742394883,0.8100202020202021
Skap1,0.2092192896007322,0.7650871933583798,1.0,-1.207908078736419,0.0998092216628721,30.18304718828201,1.09238462841862,1.18938803393516,0.8100202020202021
Rpl23,0.0721056721056721,0.2318570318570318,0.5358197358197359,0.0267707833525137,0.0540272164044976,0.0710403904708828,4.09970730900184,4.256412472829293,0.6165289256198345
Rpl19,0.0058508158508158,0.0721056721056721,0.3356643356643357,0.0678759377182095,0.0842323151682709,0.1079873653914132,3.80193198510024,4.03585670599566,0.4044475415596105
Eif1,0.0059052059052059,0.0289044289044289,0.1205905205905206,-0.2350065782871371,-0.1610926351238041,-0.1119250911874086,3.5701647759465898,3.2019407548809222,0.30408807786342856
Rpl27,0.0139860139860139,0.1205905205905206,0.6943278943278944,0.0005449377624024,0.0397127774698432,0.0949955842890368,3.417270571111895,3.510002424491605,0.49943684633950125
Ddx5,0.0721056721056721,0.4634032634032634,0.9550893550893552,-0.0184076844802626,0.0625912094633886,0.1479491603872828,2.77352672062016,2.91164142318285,0.7857707509881422
Gna13,0.0037296037296037,0.04009324009324,0.1892773892773893,-0.7597979730952397,-0.4891139211630858,-0.2671179352833362,1.88542018273827,1.3513933940628098,0.34747474747474666
Prkar1a,0.0021756021756021,0.0483686788815805,0.4882830430282611,-0.914093454368422,-0.3615004576945319,-0.0483887814000469,1.5632522649501317,1.2366540413865177,0.4044475415596105
Rpl38,0.0938616938616938,0.280963480963481,0.6125874125874127,-0.0018289716268221,0.0578724262748359,0.1346400460784129,3.35612435241308,3.49743032721313,0.6477384684281237
Atp5h,0.04009324009324,0.3356643356643357,0.9550893550893552,-0.2363668940531975,-0.104793314137509,0.0303841746107708,1.8514633713182096,1.732211506538179,0.6684719535783366
Sumo2,0.0289044289044289,0.3968919968919969,0.9562121212121204,-0.2211179604033958,-0.1108776623352126,0.0391190782106454,1.69097711722387,1.55135777223914,0.7284135472370767
H3f3b,0.054079254079254,0.2318570318570318,0.6125874125874127,-0.2251731518892856,-0.1566706362913005,-0.0709995571837339,3.48993661656595,3.11386558592563,0.6165289256198345
Ubald2,0.280963480963481,0.778865578865579,1.0,-0.1443169247752339,-0.0309638545070423,0.1563699713111404,1.6791123641967398,1.6256152835993876,0.8100202020202021
Actg1,0.0003108003108003,0.0059052059052059,0.054079254079254,-0.3712878415076888,-0.2612464080273282,-0.1422000737059308,3.16271496938217,2.637744075362071,0.1842424242424241
Sf3b6,0.1351662724159878,0.4278251278478543,1.0,-30.21931391145245,-1.145736820548128,29.375276067183524,1.19915665242162,0.4937171887619862,0.7700852301261377
Id2,0.0019712280300303,0.0292392382560989,0.1816653005134988,-30.83489403858769,-2.568873891644774,-0.6556052940871175,1.70501405240734,0.2853973205104925,0.30408807786342856
Rps7,0.0205128205128205,0.1205905205905206,0.5358197358197359,0.0110624212629852,0.0589939385364326,0.1069945743910338,3.769412594674515,3.9388317404879247,0.49943684633950125
Ifrd1,0.1611249492890518,0.5168677495508638,1.0,-2.530951150990563,-0.6935594526947676,0.5613211941212621,1.28265535242243,0.783087229738591,0.8100202020202021
Rps29,0.04009324009324,0.151981351981352,0.3968919968919969,0.0377009957785234,0.0646289211375462,0.0891770341098388,4.12142294885792,4.307254601433829,0.5429562803608605
Rpl36al,0.151981351981352,0.6125874125874127,1.0,-0.0695861788959574,0.0299369381087854,0.1614578632052197,2.2748030708548,2.299014152874756,0.8100202020202021
Psma3,0.0901559774973563,0.4278251278478543,1.0,-30.285887399751093,-1.4358908340658691,29.094706323807543,0.587267274752005,0.25155181229747,0.7700852301261377
Hif1a,0.0037296037296037,0.0139860139860139,0.0938616938616938,0.2727190228047824,0.4262683670573949,0.5937301287818062,1.6848679270254898,2.24247268160634,0.21114369501466146
Zfp36l1,0.2316580839481953,0.6843747548063993,1.0,-0.4299339831574084,0.1919848608619045,0.5019402862579645,1.29580270219512,1.5105153653363077,0.8100202020202021
Srsf5,0.04009324009324,0.280963480963481,0.8665112665112666,-0.0282652803884783,0.158654476100099,0.4773190425606013,1.38704483019826,1.532505303819315,0.6477384684281237
Rbm25,0.2238991155035703,0.4835220598680489,0.9077864979090876,0.0581056908089699,0.3954493045125735,1.4322156498396663,1.05793131466657,1.399099857422925,0.8024408653129322
Npc2,0.2696967709591883,0.8153345943552276,1.0,-0.5328857562864373,-0.1806053166595672,0.2380074140644797,1.4132898654619,1.224350649936759,0.8364609882568603
Calm1,0.0059052059052059,0.054079254079254,0.280963480963481,-0.3502684197471742,-0.2258071170719652,-0.1307819806700213,2.62411754622166,2.246388713761906,0.4044475415596105
Ndufb1-ps,0.2997853409038892,0.6799884022342944,1.0,-0.2898136375451178,1.226310981140232,30.255886635008736,0.4859280714481915,1.1801816373809926,0.8100202020202021
Hsp90aa1,0.1205905205905206,0.6125874125874127,1.0,-0.1821119652054255,-0.0468067473754254,0.152673235301607,1.7890562590814,1.72460756425153,0.8100202020202021
Eif5,0.008969389134836,0.0719660016236223,0.3837143535858314,0.0644643539805149,0.5852685074463345,1.8178229290600405,1.0511249465122363,1.6047729441321277,0.4044475415596105
Atp5mpl,0.2464146499470496,0.7603899357833063,1.0,-29.916142747587763,-0.3760565892337786,29.70834728668433,0.785600922942995,0.6055054237858,0.8100202020202021
Gpr132,0.0471253041839123,0.47328946538009,1.0,-0.4198767876023356,0.6334897957282902,30.259612014425127,0.732382432476165,1.1691132188845523,0.7996370750826068
Crip1,0.0003108003108003,0.0031399928189788,0.0277509926719708,-2.508842848129387,-1.364703366463079,-1.0508246388714453,2.95741626052516,1.1535329720635077,0.13359242175291622
Igha,0.280963480963481,0.6943278943278944,1.0,-0.2265155927795103,-0.0705307252548282,0.0796077009888732,1.73320245376152,1.67128525931662,0.8100202020202021
Klf6,0.1205905205905206,0.5624846616632901,1.0,-0.1650047347188586,0.1430448281651147,0.7882072303048737,1.15059116719208,1.2486417402382148,0.8100202020202021
Dek,0.0639390893075438,0.3602408127769453,1.0,-30.256486427606944,-2.0427447467728683,28.809554803289277,0.906210599086756,0.18725797015218,0.7054087881992067
Hnrnpk,0.0059052059052059,0.1816653005134988,0.9550893550893552,-0.0420384396701273,0.2037993035601399,1.1409920874241586,1.17453454950401,1.342895539361415,0.5905454545454546
Cox7c,0.0006216006216006,0.0139860139860139,0.1205905205905206,-0.4296641374619184,-0.3070079513515531,-0.1526618864299191,2.05655113128652,1.6538167977828977,0.21114369501466146
Rps23,0.0037296037296037,0.0938616938616938,0.3356643356643357,0.0253038271206845,0.0514672647640214,0.083129566559766,3.99217586982427,4.13801079426352,0.45285848172446075
Nsa2,0.151981351981352,0.6125874125874127,1.0,-0.0793186012274315,0.0771560621729877,0.1804663500103937,1.722572718230135,1.8316009483786373,0.8100202020202021
Btf3,0.0059052059052059,0.1892773892773893,0.9550893550893552,-0.1960443799634527,-0.0924750700384788,0.0093099596156333,2.22795978918288,2.0912686915588514,0.5905454545454546
Gpbp1,0.2464146499470496,0.7627385645708431,1.0,-2.477772303950609,-0.1714015174887527,29.70137513884965,1.02290446975841,0.8488157984460912,0.8100202020202021
Emb,0.1205905205905206,0.4634032634032634,0.9550893550893552,-0.353118412008907,-0.1655276547421461,0.0620298754165433,2.60037797328632,2.30784267917134,0.7857707509881422
Rpl15,0.0289044289044289,0.1892773892773893,0.8665112665112666,-0.0132455530264527,0.033485528841491,0.1090786036757746,3.08742236747671,3.136510142944564,0.5905454545454546
Rps24,0.0003108003108003,0.0006216006216006,0.0139860139860139,0.0479148919623977,0.0943059261332658,0.1276320381546593,4.421398012124995,4.726899578542692,0.1131313131313092
Arf4,0.071430109130512,0.52296164404117,1.0,-0.2081210007240947,0.1791974100643532,1.350678153192081,1.16065427211032,1.276869279674465,0.8100202020202021
Selenok,0.0205128205128205,0.151981351981352,0.6943278943278944,-0.4091373766391448,-0.2477595400935089,-0.025954183972379,1.75087467195305,1.4427981384744877,0.5429562803608605
Hnrnpc,0.0441363158740108,0.2997853409038892,0.9536916548852497,-30.18526993586972,-1.5161981001130305,0.470019655830757,1.02473330981504,0.3303564835006325,0.6684719535783366
Trac,0.0003108003108003,0.0021756021756021,0.04009324009324,0.248770004627973,0.4175460890610957,0.7252038787101821,1.60656411784832,2.150494083266785,0.1131313131313092
Dad1,0.0798387196458526,0.376759117811582,0.953011395422729,-2.168606858267493,-0.4795167879576056,0.371034397094504,1.51787559906419,1.08864740758428,0.7284135472370767
Psme1,0.00800994232988,0.1465605182649672,0.7282210233302229,0.0798068867569715,0.9144993004856904,30.340975698010517,0.68882846420912,1.3091693332723924,0.5429562803608605
Itm2b,0.1892773892773893,0.4634032634032634,0.9550893550893552,-0.2408507094774761,-0.1397142248155127,-0.0128170995458489,2.33827032138668,2.1208389276447823,0.7857707509881422
Lcp1,0.0156942952060345,0.1816653005134988,0.8111767409594405,0.028189729177382,1.087135558273817,30.289644202324027,0.565196875064045,1.2259278308802668,0.5905454545454546
Tpt1,0.0037296037296037,0.0721056721056721,0.4634032634032634,0.0089698559115063,0.0258616267544329,0.056690800239934,4.780229615816189,4.867179629939372,0.4044475415596105
Elf1,0.2225910445768058,0.7715426535572856,1.0,-0.5794674569999788,-0.1366700824129223,0.1780705359041895,1.351144665940455,1.239421189952185,0.8100202020202021
Rpl37,0.04009324009324,0.2318570318570318,0.6943278943278944,0.0004668713488042,0.0568407234764435,0.098959009388362,3.45354454230624,3.5913018556616,0.6165289256198345
Fyb,0.0289044289044289,0.151981351981352,0.5377389277389261,0.0498771296115588,0.2280301651826878,0.5462278425261592,1.70648040061915,2.0076778339840846,0.5429562803608605
Il7r,0.0471253041839123,0.2429082609043239,0.768278203545834,-0.010100932504041,0.6550939940498202,1.66729956055442,1.1405538721167183,1.6751354795761926,0.6315614783512421
Sub1,0.0093240093240093,0.04009324009324,0.2318570318570318,-0.4111109683195634,-0.28540345380991,-0.1525001186432057,2.57591142552222,2.11666078166838,0.34747474747474666
Rpl30,0.0021756021756021,0.0721056721056721,0.6125874125874127,0.0055022258394404,0.0769296512260877,0.1147249650774784,3.78443398333915,4.006365740209106,0.4044475415596105
Cox6c,0.0721056721056721,0.4634032634032634,0.9550893550893552,-0.3330429739643795,-0.1807717125565076,-0.0272046764915975,1.97992464839771,1.7472776210497876,0.7857707509881422
Pabpc1,0.280963480963481,0.6943278943278944,1.0,-0.1689394345374369,-0.0785336643983819,0.0152782066923965,2.39954593519433,2.2535397134256234,0.8100202020202021
Ywhaz,0.0289044289044289,0.151981351981352,0.6943278943278944,-0.3916661594320877,-0.2190485727424058,-0.052756127167206,1.86025510383366,1.61887322868795,0.5429562803608605
Eif3e,0.054079254079254,0.3968919968919969,1.0,-0.0519252777931799,0.0660014168026786,0.2772955527177875,1.5139930195507,1.54433035016993,0.7284135472370767
Eif3h,0.0091553779041863,0.0721056721056721,0.3356643356643357,0.1405115189909546,0.390491242404923,1.604424524125435,1.28265535242243,1.6850496305517924,0.4044475415596105
Sla,0.0518299272179096,0.5593049468922574,1.0,-0.9650167823070628,0.5260599657279552,30.192697461854777,0.67096947517441,1.0335683855168476,0.8100202020202021
Ly6e,0.151981351981352,0.6943278943278944,1.0,-0.2421368779005455,-0.0478675392464552,0.1505270922510189,1.53793562934172,1.52087928306308,0.8100202020202021
Eef1d,0.1816653005134988,0.6012221988088494,1.0,-0.449785826898287,-0.1403462147908967,0.0667523674016864,1.300881024484465,1.21189238464759,0.8100202020202021
Rpl8,0.0059052059052059,0.1892773892773893,0.8665112665112666,0.0040541514931948,0.0495402070612405,0.0988770424361309,3.418544993576125,3.5419087818288286,0.5905454545454546
Myh9,0.0391701660299839,0.3241876994955976,0.9536916548852497,-0.0813043572340358,0.3819746661853367,30.305095217977755,1.02290446975841,1.3236663357461225,0.6684719535783366
Rac2,0.04009324009324,0.280963480963481,0.9550893550893552,-0.0225693229446571,0.1470165637114558,0.284724564163508,1.63222164817016,1.7928421177291376,0.6477384684281237
Rpl3,0.0006216006216006,0.0093240093240093,0.0938616938616938,0.0588864369938225,0.1302726797721468,0.1900873454576511,2.913920182435855,3.1934280341702275,0.198347107438016
Rbx1,0.0127551854065724,0.2628903364198475,1.0,-30.21836077001259,-1.367163281842577,28.699944578471275,1.0511249465122363,0.4005406128288562,0.6477384684281237
Snu13,0.0797658542701715,0.6012221988088494,1.0,-2.386564438634231,-0.2974567250907917,29.947788616031392,1.03938775839069,0.7737479714470987,0.8100202020202021
Tspo,0.0553192420704978,0.3429328624218156,0.8675244468685764,0.0535166021214011,0.3048928076655709,30.38259304815812,1.24899651090572,1.5055055718745276,0.6800533034466513
Pfdn5,0.2318570318570318,0.778865578865579,1.0,-0.1706853310175723,-0.028205483292447,0.1265053545196224,2.10596262976118,2.042204197887541,0.8100202020202021
Prr13,0.0292392382560989,0.2997853409038892,0.8608132285549597,-30.33977445859436,-1.552219422752545,0.2952613152869796,1.1752305274748,0.3303564835006325,0.6684719535783366
Pcbp2,0.0125222247240691,0.2159249389401403,0.953011395422729,0.0447318380930715,0.8156767139611977,30.361470846130093,0.732382432476165,1.330011480478345,0.6165289256198345
Atp5g2,0.032123288296735,0.20261353134705,0.8665112665112666,-0.0770345962467942,0.2065123226471402,0.4799080173131087,1.474429387152115,1.703449907092199,0.6165289256198345
Hnrnpa1,0.280963480963481,0.7715426535572856,1.0,-0.1447321947901494,-0.0093945501804358,0.1853300763110806,1.50561536443169,1.489194438351075,0.8100202020202021
Tra2b,0.128693541065948,0.4436570559117131,0.8616968286082338,-0.0730226706090479,1.2414863961347722,30.36871841865477,0.549906865271355,1.308907295882,0.7857707509881422
Eif4a2,0.0717243232090505,0.5500973172303969,1.0,-30.10707835828429,-0.9139911295259002,29.36138618526808,0.549906865271355,0.269654865701985,0.8100202020202021
Pak2,0.0440870312584946,0.5207033237981002,1.0,-0.7293830720897827,0.8957823902360138,30.18352371698824,0.549906865271355,1.0766124928208425,0.8100202020202021
Rpl35a,0.0037296037296037,0.0289044289044289,0.1205905205905206,0.0475729930263647,0.0771147286106896,0.11978861501914,3.65022350782198,3.85209217336176,0.30408807786342856
Cox17,0.2465045573584016,0.7064914510409575,1.0,-29.321671895757664,-0.5080707662428282,28.3232441896386,0.67096947517441,0.5462795640198295,0.8100202020202021
Cd47,0.0125222247240691,0.1892773892773893,0.8665112665112666,-1.171135675862894,-0.2405532037079849,0.0234149768257778,1.38704483019826,1.2012589712049977,0.5905454545454546
Rpl24,0.054079254079254,0.3356643356643357,0.9550893550893552,-0.0268143625526614,0.0368675569886575,0.1103324441221982,3.2842004048085647,3.377148714316064,0.6684719535783366
Nrip1,0.05582929463924,0.2628903364198475,0.8110701293339075,-30.21979604896524,-0.6124763932911892,-0.0281452271456436,1.40233118590103,0.9040448687930628,0.6477384684281237
D16Ertd472e,0.0012255234636208,0.0120506007705678,0.1407135248526926,-30.789799540039294,-1.8156399820738685,-0.5354634791371823,1.64559632969763,0.476211401238705,0.21114369501466146
Atp5j,0.1989589310924021,0.7199178531944465,1.0,-0.8408062365632614,-0.0519979237023928,0.6942040987856675,1.21815743931789,1.1574847684972571,0.8100202020202021
Son,0.1205905205905206,0.6943278943278944,1.0,-0.2355364682676526,-0.075739333806425,0.1356984931701907,1.80521862260206,1.7272369079023449,0.8100202020202021
Ezr,0.2201475617987384,0.6843747548063993,1.0,-0.9551742539220652,-0.2157901443537622,0.1786774006312971,1.474429387152115,1.2393444881770823,0.8100202020202021
Psmb1,0.0239017976171966,0.280963480963481,0.9562121212121204,-0.0991448263082142,0.0991558929559369,1.0502076601261032,1.292726848036,1.3664377170582749,0.6477384684281237
Srrm2,0.0059052059052059,0.04009324009324,0.152913752913752,0.1539591168013433,0.2540005774511432,0.6017296202895404,1.57864340378529,1.8422192661159449,0.34747474747474666
Elob,0.2318570318570318,0.772139521993872,1.0,-0.2155606957065619,-0.0947319191183919,0.0490175491597304,1.62661684555831,1.5167966250593925,0.8100202020202021
Rps2,0.3968919968919969,0.8665112665112666,1.0,-0.1530469994407032,-0.0259406343253087,0.1285408504163278,2.6869036053915,2.63729390244054,0.8683667510219975
Ube2i,0.2465045573584016,0.7603899357833063,1.0,-29.503622059986213,0.2221007300362206,29.964172910356563,0.4859280714481915,0.603025418268725,0.8100202020202021
Atp6v0e,0.2457400668979451,0.7650871933583798,1.0,-1.1485674855719006,0.6341913972211008,30.158193768023523,0.581912496707765,0.8968349572938674,0.8100202020202021
Rps10,0.0006216006216006,0.0093240093240093,0.0721056721056721,0.0384710003437301,0.0824076896935798,0.142080029677128,3.73971757168379,3.980986750752941,0.198347107438016
Rpl10a,0.0021756021756021,0.0139860139860139,0.0938616938616938,0.0471051762044973,0.1152630069196405,0.2177503802875093,2.992466154095255,3.2159775138431423,0.21114369501466146
Srsf3,0.055929995783653,0.3968919968919969,0.9550893550893552,-0.3871061533655767,-0.163299726458965,0.0367089099520502,1.47459645912824,1.3363222812846876,0.7284135472370767
Pim1,0.0938616938616938,0.6125874125874127,1.0,-0.3266365203768552,-0.0787676829058698,0.1364423430292909,1.642266699283445,1.550686841491075,0.8100202020202021
Rps28,0.04009324009324,0.1892773892773893,0.4634032634032634,0.0529588057249878,0.0896759337060428,0.13194951743704,3.56464329190241,3.79413854851916,0.5905454545454546
Rps18,0.0289044289044289,0.2318570318570318,0.778865578865579,0.0044806248701535,0.0467873370846558,0.0970795700080756,3.65814506742617,3.7859683616935977,0.6165289256198345
H2-K1,0.280963480963481,0.778865578865579,1.0,-0.0815245683974475,-0.0173301184386132,0.0430165830009625,3.28121923685103,3.239441781193385,0.8100202020202021
Psmb8,0.198556000357902,0.6843747548063993,1.0,-0.2355568637414778,0.0915906851528164,0.5939385419767192,1.355771849589285,1.4427935859360774,0.8100202020202021
Clic1,0.0718263311415725,0.2238991155035703,0.5633196223858365,-1.2036406290821522,-0.4010344928582518,-0.0658018798479672,1.47208993532583,1.1362088520978582,0.6165289256198345
H2-D1,0.04009324009324,0.2318570318570318,0.6943278943278944,-0.1313198909518628,-0.08862913647444,-0.0338804708436201,3.217407601807645,3.02758602516506,0.6165289256198345
H2-Q7,0.0938616938616938,0.3356643356643357,0.7810567210567192,-0.0225836899316565,0.0633306208723216,0.1502499751385492,2.4162781433989,2.52014669815206,0.6684719535783366
Gm42418,0.04009324009324,0.151981351981352,0.5358197358197359,-0.1446366995462007,-0.0924669664017533,0.0052729021626297,3.593325162157775,3.3368000029992704,0.5429562803608605
AY036118,0.151981351981352,0.6943278943278944,1.0,-0.1504928335296563,-0.0111709716210957,0.1346709044035499,2.0425062935901,2.0206928175922925,0.8100202020202021
Hsp90ab1,0.3356643356643357,0.6943278943278944,1.0,-0.0568315403642394,0.0144691393438861,0.0856843280942378,2.60037797328632,2.6134969431393427,0.8100202020202021
Satb1,0.0011915043302341,0.0014034822813198,0.002085411945659,1.0993642355248665,2.1307281204791986,31.05168706974541,0.4859280714481915,2.1289858760347427,0.1131313131313092
Rpl36,0.0021756021756021,0.04009324009324,0.280963480963481,0.024671016020815,0.0935130663690255,0.170427558947203,3.3331692955853,3.5555434718655903,0.34747474747474666
Myl12b,0.3356643356643357,0.778865578865579,1.0,-0.1099641593178904,0.0033046364570674,0.1343492790665058,1.79719676565528,1.79284172479506,0.8100202020202021
Myl12a,0.1465605182649672,0.4801768094247982,0.953694762136006,-0.7507382313440674,-0.2030532796530105,-0.0434059395454108,1.41340751654038,1.2148519685430876,0.8024408653129322
Smchd1,0.2817541862405633,0.7260951618325295,1.0,-0.7821905857043134,0.6739484884344709,30.20223274461721,0.711224911979902,1.0648657195180746,0.8100202020202021
Srsf7,0.0725809615755736,0.3356643356643357,0.8665112665112666,-0.4060969495829429,-0.2105068614738508,-0.031760679483574,1.69459572077441,1.48087785499213,0.6684719535783366
Cox7a2l,0.0101978767762402,0.0921673180446737,0.3837143535858314,0.0621671568695475,0.2248217742826192,0.4836572446521695,1.39521017386394,1.6240764340968474,0.45285848172446075
Zfp36l2,0.031639543580131,0.1892773892773893,0.5624846616632901,0.2541139597167823,0.7260310506163463,30.56144036029549,0.96801634227629,1.5309633922021777,0.5905454545454546
Calm2,0.0093240093240093,0.1892773892773893,0.9550893550893552,-0.4919244243075754,-0.2055725722492041,0.0651621222345615,1.80862327528006,1.5607414481922248,0.5905454545454546
Crem,0.0112833336286544,0.0874803339251971,0.3774097322224538,-30.583812180500352,-1.824024451879596,-0.2785501797616055,1.556208672647005,0.29355638005119,0.45285848172446075
Zeb1,0.1272980462544935,0.4278251278478543,1.0,-30.363291737119877,-1.4330249015643868,29.1880470295199,1.15930125268211,0.32699277492812,0.7700852301261377
Rock1,0.0205128205128205,0.271160359877409,0.9550893550893552,-0.6364971789302398,-0.178778423066051,0.1284667323825755,1.41611978478483,1.2536959391376752,0.6477384684281237
Paip2,0.0419769788415555,0.2698712949217355,0.9077864979090876,-1.0104390328931632,-0.2992470468801003,0.0133949270868192,1.44714843721857,1.1754785676866613,0.6477384684281237
Ndfip1,0.0093240093240093,0.151981351981352,0.6125874125874127,-0.5750335027242437,-0.400216808031735,-0.1941291152229085,2.08594362943213,1.576975990093726,0.5429562803608605
Rps14,0.0021756021756021,0.0721056721056721,0.6125874125874127,0.0080568727337566,0.0591569504392975,0.0865260577182042,3.851559039888675,4.017983055534522,0.4044475415596105
Csnk1a1,0.0718263311415725,0.3356643356643357,0.9562121212121204,-1.188966456248692,-0.207700874881828,0.3010516071932113,1.31680872376725,1.1318791027516024,0.6684719535783366
Malt1,0.2561796261420456,0.7650871933583798,1.0,-1.7069519855799853,0.0673090828051044,30.244640424771152,0.88988867008413,0.8962889655345201,0.8100202020202021
Rpl17,0.0003108003108003,0.0021756021756021,0.0205128205128205,0.0934893273444044,0.139632875309786,0.1698709581808116,3.70890061629071,4.07918494696157,0.1131313131313092
Atp5a1,0.1116117682982922,0.6694111706224701,1.0,-28.75087082468749,0.1461330484914526,30.045823728917146,0.732382432476165,0.61967815575884,0.8100202020202021
Cdk2ap2,0.0123932749910412,0.0995927108704562,0.5959671341996579,-30.544793748808186,-2.945962892056579,-0.2167272904546328,1.2715289943911865,0.18725797015218,0.4756060070140153
Cfl1,0.054079254079254,0.4634032634032634,1.0,-0.1853381623165445,-0.0454791784476589,0.0767341081508713,2.12797186778417,2.069335429910205,0.7857707509881422
Malat1,0.04009324009324,0.3356643356643357,0.8665112665112666,-0.0629558996013251,-0.0259651224336191,0.00345546031029,5.67083953796515,5.576060185862238,0.6684719535783366
Fau,0.0139860139860139,0.0938616938616938,0.4652136752136735,0.0036621341676783,0.0247734461918978,0.0467221801904017,4.31913993810035,4.394751160640031,0.45285848172446075
Cox8a,0.151981351981352,0.6943278943278944,1.0,-0.2036356579982552,-0.0594426137669655,0.0817857003332364,2.03427764608949,1.939329477331,0.8100202020202021
Slc3a2,0.1753258176208659,0.7199178531944465,1.0,-2.749373803257088,-0.2025776400410615,30.027605696402464,0.77991220527128,0.6476240486387645,0.8100202020202021
Eef1g,0.0277198589548134,0.2226536979813717,0.8616968286082338,-1.3437040843130863,-0.2917617862752402,-0.0313403248216244,1.35079779800704,1.127417121387985,0.6165289256198345
Ahnak,0.0013213216663899,0.0030599755224886,0.0172688724201217,-3.950051579975903,-1.494014968759491,-0.7584105693820407,2.08594362943213,0.7398874301580187,0.13359242175291622
Fth1,0.04009324009324,0.3356643356643357,0.8665112665112666,-0.1179135154905062,-0.065770316452583,-0.0067631276930817,3.5536521415063,3.39993847037748,0.6684719535783366
AW112010,0.04009324009324,0.280963480963481,0.8665112665112666,-0.3613751818144938,-0.199936073891644,0.0077241863042627,2.12358521243687,1.8327035077539549,0.6477384684281237
Ms4a4b,0.2238991155035703,0.6943278943278944,1.0,-0.026131479462977,0.1686501283884001,0.3375273641857211,1.52010483234034,1.7473742242247212,0.8100202020202021
Ostf1,0.0930450589520381,0.3209116751597887,0.7703649121402122,-1.1522389301430005,-0.4635093984031219,-0.1294747240428237,1.85740293353005,1.3973283400060523,0.6684719535783366
Atp5md,0.2932707266977624,0.8110701293339075,1.0,-1.589135622399075,-0.1022563880510355,30.21873089736753,1.21782219733709,1.0253649329668926,0.8364609882568603
Sfr1,0.0769241046186093,0.5500973172303969,1.0,-30.27137653701992,-1.501365254952162,29.058179855236464,0.743780692265355,0.2570165632750025,0.8100202020202021
Pdcd4,0.2932707266977624,0.7703347136423385,1.0,-1.7638432571114493,0.2228880052565287,29.792073687263244,0.68882846420912,0.9203206122956192,0.8100202020202021
Eif3a,0.3602408127769453,0.768278203545834,1.0,-1.346919300048876,-0.3187436102769899,29.973695649393346,1.33200247558617,1.0186313282422523,0.8100202020202021
Rbm3,0.0021756021756021,0.0139860139860139,0.0938616938616938,0.1334307752885863,0.32475399023949,0.4236705052317187,1.791191607707735,2.2612050162215604,0.21114369501466146
Slc25a5,0.0517490562122841,0.3811326193376022,0.9549705462926164,-0.2957802021414382,0.2517655447852847,30.091539973136573,1.03938775839069,1.170781226693984,0.7284135472370767
Rpl39,0.0093240093240093,0.1205905205905206,0.4634032634032634,0.0226724519098135,0.0550055324353173,0.0900321031559051,3.9649904456208,4.114047391717618,0.49943684633950125
Ndufa1,0.2159249389401403,0.7199178531944465,1.0,-29.96928702703707,-0.1639920530220906,30.01571822567724,1.02473330981504,0.7991403454178023,0.8100202020202021
Ssr4,0.3700277116622618,0.8548127198282508,1.0,-1.7477120139088964,0.3689216522994468,30.199261143725018,0.91272783347472,1.0564670107596,0.8683667510219975
Rpl10,0.0139860139860139,0.151981351981352,0.778865578865579,-0.0055602169373203,0.0502754613638243,0.1688724314230614,2.93879618294004,3.057862753980645,0.5429562803608605
Msn,0.1816653005134988,0.6843747548063993,1.0,-0.2820687598658261,-0.0109350542573462,0.3674068667847247,1.45767944698385,1.4190739490701938,0.8100202020202021
Il2rg,0.0391701660299839,0.2628903364198475,0.8609521360603793,0.0397129697512061,1.018501335347662,30.336947250029585,0.685109269865725,1.2809810967090725,0.6477384684281237
Rps4x,0.054079254079254,0.2318570318570318,0.778865578865579,0.0096522585043595,0.0447427470791142,0.0898589479475289,3.77620295658884,3.899545220364733,0.6165289256198345
Xist,0.0938616938616938,0.5358197358197359,1.0,-0.0685610275801579,0.1312963147760192,0.2478766416577519,2.39684366388584,2.630865362101531,0.8100202020202021
Cox7b,0.0277509926719708,0.2698712949217355,0.9550893550893552,-1.2575280709805254,-0.2569521360327887,0.7051941600620387,1.41848813100786,1.1907476503092052,0.6477384684281237
P2ry10,0.1404205870230625,0.5992448359443866,1.0,-0.2487429332805097,0.4554429922935234,30.221052479739857,0.91272783347472,1.2428135542375776,0.8100202020202021
Rpl36a,0.0139860139860139,0.0938616938616938,0.3356643356643357,0.0711696812657761,0.1173370987080996,0.1935882722628775,2.6885153624541447,2.912416498395942,0.45285848172446075
Tmsb4x,0.0012432012432012,0.0059052059052059,0.0721056721056721,-0.1879125619141702,-0.139250107564794,-0.1033389604156789,5.20445208831643,4.720124100861245,0.1842424242424241
mt-Nd1,0.0093240093240093,0.1205905205905206,0.5358197358197359,0.0205457724515121,0.0912262501408658,0.1531744434533247,2.63002776650427,2.8081451855156025,0.49943684633950125
mt-Nd2,0.0205128205128205,0.1892773892773893,0.8665112665112666,-0.1735575901513483,-0.0788311050489375,0.0127534419689663,2.88834350315023,2.7386724814416024,0.5905454545454546
mt-Co1,0.054079254079254,0.280963480963481,0.8665112665112666,0.0084133280380322,0.0420008577981908,0.0948924366751053,4.02689160932549,4.129817546442535,0.6477384684281237
mt-Co2,0.2318570318570318,0.6943278943278944,1.0,-0.0270028662858908,0.0035037912024682,0.0351522434450143,4.07278136727679,4.081370828675121,0.8100202020202021
mt-Atp6,0.1205905205905206,0.6125874125874127,1.0,-0.0145544969916557,0.0061682729561728,0.0311556458517503,4.35724204944121,4.383197481484274,0.8100202020202021
mt-Co3,0.151981351981352,0.6943278943278944,1.0,-0.0240196449574161,0.0044852902199917,0.031465447417155,4.033524736226525,4.04814297758676,0.8100202020202021
mt-Nd3,0.0938616938616938,0.6125874125874127,1.0,-0.5215922296049357,-0.1250468887133744,0.1707851102767846,1.34739250373263,1.244845080344929,0.8100202020202021
mt-Nd4l,0.0796677027904591,0.518785536674482,1.0,-2.2946167352767817,-0.3890569745627689,0.6764609044122644,1.220876340445765,0.9088668304066848,0.8100202020202021
mt-Nd4,0.054079254079254,0.3356643356643357,0.8665112665112666,-0.1152950754269945,-0.0474669265297767,0.0266089431297783,2.87010868073789,2.774285285520665,0.6684719535783366
mt-Nd5,0.0938616938616938,0.3968919968919969,0.9550893550893552,-0.2833593686036558,-0.1413785568497843,0.0112652531571171,1.74460943309666,1.5956025752826677,0.7284135472370767
mt-Cytb,0.04009324009324,0.6125874125874127,1.0,-0.0348190790874916,0.0144970398967816,0.0638351526453216,3.1903102016612,3.221506381303197,0.8100202020202021
