gene,pval_lower,pval_median,pval_upper,log2fc_lower,log2fc_median,log2fc_upper,median_IL10_KOnonTLS_median,median_IL10_KOTLS_median,FDR_BH
Rpl7,0.0035417982818979,0.0303828219765775,0.2144938077835174,0.0076526245218277,0.0194814060850428,0.031910539612278,3.17794866533598,3.2212571649337374,0.0971476218614134
Ptpn18,0.1572127533400038,0.5833604667027033,1.0,-0.0722673391311903,-0.0259787222861201,0.0123039061929231,1.5251846457107223,1.498515258966445,0.7022708735845492
Cox5b,0.0530462776109959,0.2365840933218761,0.664938845276299,-0.0985651764393107,-0.038646936479213,0.0203281163509703,1.2969610610448763,1.2622590874520874,0.384353446108679
Rpl31,0.1934539136476827,0.4025038237820035,0.7074539677020747,-0.0287562900149163,0.0075289447348488,0.0404474246710132,2.24807446415115,2.25791710924786,0.5475797277467906
Il18r1,0.0098670914216588,0.0548680082330767,0.2124944962928325,-0.4170917298730026,-0.2398047475208016,-0.1347716620951608,1.4473058673255776,1.227155646237845,0.1427136794456192
Stat4,0.0225760625231335,0.1123511976904639,0.3708443333042212,-0.1489504336450883,-0.0914133783049732,-0.0365132276460528,1.55862200912017,1.4627664661217823,0.2274205695186003
Gls,0.0016481779776653,0.0222830889126695,0.1261836274950477,-0.3436267327839106,-0.1687277025271123,-0.0782699010959323,1.2352788348406538,1.0980075473105888,0.0792530306756155
Stk17b,0.4025038237820035,0.8398599725400034,1.0,-0.0308081267976166,0.0121434066029913,0.0549893790640378,1.84945712454383,1.866764015180331,0.8415363397506621
Sf3b1,0.00090093559636,0.0101931049911082,0.078252228526237,0.0485951102560919,0.0883910536977206,0.1346669495145368,1.4509531678141725,1.54189748397167,0.049201333707079964
Hspe1,0.00200950485566,0.0303828219765775,0.2602362026171888,0.0370691015527769,0.127363667395266,0.2387903861039607,1.1931152045188098,1.3000556820080849,0.0971476218614134
Clk1,0.022495993943345,0.078252228526237,0.2365840933218761,0.0796110529586893,0.1366915392289851,0.1889890576087079,1.2997156183107,1.4274113259187124,0.18019549871638063
Sumo1,0.0007314819918142,0.0101931049911082,0.0885337720142295,0.0663987482518187,0.1236229571941632,0.1904454190230105,1.17965305001953,1.2833330502667926,0.049201333707079964
Cd28,0.0051079054249954,0.0225760625231335,0.1123511976904639,0.0579832863772883,0.1223862205653556,0.1798178551045193,1.540095965636635,1.6777947845642425,0.0792530306756155
Ctla4,0.0002462062328227,0.0011061781840807,0.0042647649140305,-0.3349204408199092,-0.2819855298948405,-0.2215776491859076,2.025600739399375,1.665210790008965,0.018510048280283714
Icos,0.0530979572855834,0.2854763088518824,0.8398599725400034,-0.0879964414049141,-0.045772579230041,-0.0006393640488969,2.2618105518028697,2.1902955454910487,0.4342700213443787
Eef1b2,0.0141379694559114,0.0998774027692641,0.3407786135629546,0.0125096351471758,0.0325677690459763,0.0492684923912744,2.6727707632516435,2.733419790866121,0.21066578231164107
Rpl37a,0.1409552191443714,0.2365840933218761,0.5067205148778584,0.0034710657191857,0.0123116600955175,0.0221041869799886,3.93005383269917,3.96330007834093,0.384353446108679
Arpc2,0.0530979572855834,0.4357306600317365,0.9769702553219756,-0.0082631457980971,0.014717635879304,0.0385080569312767,2.293693719433365,2.3172008058099465,0.5741123132176685
Ncl,0.1939308522824107,0.7074539677020747,1.0,-0.016884755053542,0.0175423994696608,0.0509742304069214,2.0488709167479824,2.07415304890244,0.7805316302998715
Ptma,0.026229387834857,0.1939308522824107,0.5833604667027033,-0.036232633395318,-0.0172024901505729,0.0005117747851602,2.9166316795698464,2.881699965337606,0.3311336321284699
Actr3,0.1939308522824107,0.7074539677020747,1.0,-0.0683038957482843,0.0074110070600343,0.0739277509889913,1.2209744260429614,1.2303886101500388,0.7805316302998715
Snrpe,0.0060989459312143,0.0404041195882236,0.2365840933218761,0.0251991344737018,0.0785276808424831,0.1263191909020826,1.41415527905807,1.493958287972915,0.11394869681622609
Btg2,0.002436734808989,0.0165749267498532,0.0998774027692641,-0.215407218770591,-0.1611041673203495,-0.0942924525972394,1.435855542735729,1.2847648643936838,0.06500479084708052
Ptprc,0.0005920421458944,0.00200950485566,0.0072599549881905,0.1347750348674123,0.1683912795354344,0.204254872645022,2.259039387047636,2.5382413235192125,0.023459800873053955
Rgs1,9.700571686015188e-05,0.0002454401733027,0.0008986087527771,-0.8638915939145525,-0.7430881838277803,-0.6494056818730273,2.259207448114433,1.3493990646147511,0.014860257861949439
Tpr,0.0463865932813986,0.2602362026171888,0.7950121719642381,-0.0127031465065831,0.0378602822942571,0.0944013166474037,1.5103688179900865,1.5525147078809238,0.4095253094477392
Arpc5,0.0604143694013455,0.2602362026171888,0.7508318840891169,-0.1177943795511224,-0.058805766069216,0.0014786184714812,1.4239304259837775,1.3681369512895676,0.4095253094477392
4930523C07Rik,0.0092933756248382,0.0802163779374212,0.327829142871759,-30.088822153199335,-1.7081764975932416,-0.1563260296004435,1.0572577127986262,0.3242244581150432,0.18387498504376915
Gas5,0.2854763088518824,0.7074539677020747,1.0,-0.0566389508075972,0.022594707939047,0.0861506170057955,1.6109413020593588,1.6375134225273325,0.7805316302998715
Prdx6,0.0193733193315928,0.1409552191443714,0.5443701458566098,-0.1203399559135844,-0.0738684570454283,-0.0180046046776768,1.652247838209474,1.567348850899525,0.26207229633509055
Prrc2c,0.0035498386349135,0.0141379694559114,0.0606019697120061,0.0841048519223876,0.1200007441132299,0.1587757532315234,1.84545648866125,2.00617570325827,0.05865504683361589
Hnrnpu,0.0060989459312143,0.0350891160940478,0.1409552191443714,0.0735082167750568,0.1256108897059519,0.1851153499473009,1.274464259485405,1.390420574256765,0.10547746274977243
H3f3a,0.078252228526237,0.3708443333042212,0.9309874465595672,-0.030308272602213,-0.0123555255280433,0.0059083010998231,2.509899029335054,2.4893858461378717,0.5229321778615703
Srp9,0.2581168138040263,0.7609548092906337,1.0,-0.0876955546989294,0.0194349462498852,0.1212631941159383,1.141168774569155,1.1537307692147798,0.8025195677812986
Fam107b,0.1572127533400038,0.5833604667027033,1.0,-0.129850330658184,-0.0547893005267536,0.0152076169644648,1.2993107360112035,1.25061037587193,0.7022708735845492
Celf2,0.0003822980939997,0.0051079054249954,0.0350891160940478,0.0812077197925881,0.1213382391082087,0.161837565081361,1.448025725361764,1.57672673016859,0.03770836063746605
Vim,0.0002196522091938,0.0004642339994646,0.0012894511967541,-1.7587338204273415,-0.6891629891432624,-0.5537129248201114,1.8774691099927847,1.168845583731055,0.014860257861949439
Edf1,0.0083285102576179,0.0502173255615299,0.2331568404810104,-30.148948972857323,-1.3339889816622044,-0.1602724409718963,1.152158723718855,0.4597556732715778,0.1377546307753443
Rpl7a,0.1748533068932927,0.623604884395689,1.0,-0.0182660237599572,0.0029768139753338,0.0245070134934187,2.499647884049224,2.5054207236553605,0.7297194684536966
Set,0.0024836325570125,0.0209539010383305,0.1162189779067234,0.2012693854145481,0.3193550016365197,1.6915829954952846,0.9963103316264228,1.2397014168058624,0.07849894269583516
Rpl12,0.0086155581188204,0.0303828219765775,0.0998774027692641,0.0269372305832477,0.0432363072936692,0.0607434616365798,3.700982860830119,3.814115348811988,0.0971476218614134
Hspa5,0.0042647649140305,0.0120228254076174,0.0350891160940478,-0.2640410673599363,-0.2145217086824553,-0.1655656452540609,1.933628906464249,1.6649769546573987,0.05437349869030572
Rpl35,0.3708443333042212,0.7508318840891169,1.0,-0.0243063491529173,0.0012628759957532,0.0254503395761158,2.491812568941884,2.493877721468909,0.7935107490794456
Cytip,0.0011061781840807,0.0035498386349135,0.0166448865643966,-0.1455179166883288,-0.1150058681585011,-0.0825600736478926,2.328646112759825,2.149095680406085,0.03300035175419587
Ssb,0.0005920421458944,0.0086155581188204,0.068964333339054,0.0686659019755258,0.1306066361741216,0.1860130368723442,1.23169905151948,1.3487816504322423,0.04552642290155622
Atp5g3,0.1746260898116059,0.6860413341329031,1.0,-0.0744567748611695,0.0056109618961583,0.0802980683659704,1.177554449838915,1.1824862459250776,0.7805316302998715
Hnrnpa3,0.0007314819918142,0.0101931049911082,0.078252228526237,0.0615445691791401,0.1006152566170767,0.1411938322635408,1.4338881903994487,1.5375035400756611,0.049201333707079964
Nop10,0.0933102532845503,0.5641015087408363,1.0,-29.90405157149803,-0.5264293588981812,28.451208215573715,0.867424481251978,0.458820033805291,0.6992073021923453
Srp14,0.1120270755085749,0.4356308552430793,0.976869496388966,-0.1460097081223846,-0.0429546986642733,0.0384768273738842,1.221728170502805,1.185936375394035,0.5741123132176685
Pdia3,0.0101766817515518,0.0884645027897022,0.4879463179373326,-0.3446553651391494,-0.1682267767003671,-0.0625636750899348,1.2044706982602362,1.0711457323426905,0.1923980673209663
Serf2,0.0606019697120061,0.2602362026171888,0.7074539677020747,-0.0462100171237116,-0.0239861116438848,4.180165108558671e-05,2.275590304479993,2.2386641698751464,0.4095253094477392
B2m,0.0050868269122213,0.0120228254076174,0.026229387834857,-0.0821617194906591,-0.0669402504879113,-0.0517289468869886,3.462592267279676,3.3048998463028263,0.05437349869030572
Eif2s2,0.0463865932813986,0.3407786135629546,0.9309874465595672,-0.0060153369226103,0.0421001989640349,0.0870579980437673,1.3685420789322138,1.4104259090692002,0.4972990232808233
Rbm39,0.0165749267498532,0.0885337720142295,0.3407786135629546,0.0174478035083629,0.042344477336635,0.0629354406930428,2.3305177991010937,2.399644070649348,0.1923980673209663
Top1,0.1748533068932927,0.5833604667027033,0.9775459989389258,-0.03351177798953,0.0303805755653468,0.0922417519364163,1.3912968890070014,1.4212145118520674,0.7022708735845492
Stk4,0.0002462062328227,0.00200950485566,0.0120228254076174,0.1290092291464048,0.1962194977914078,0.2699058558540785,1.3656447103429823,1.562735003285975,0.023459800873053955
Gnas,0.0011061781840807,0.0141379694559114,0.1123511976904639,-0.1344228410144182,-0.0942262301271971,-0.0488623210579838,1.668666349781866,1.5636455875630435,0.05865504683361589
Atp5e,0.0404041195882236,0.1572127533400038,0.4357306600317365,-0.0733793719267306,-0.0357562527964522,-0.0034981391493873,2.0911454945285923,2.0391468229022127,0.28698473518793427
Psma7,0.0239973237108584,0.2243356109787095,0.7955274323262316,-0.0043385247189524,0.1075042090658407,0.2441779696574353,1.086492507345855,1.172830514786834,0.3753882557043739
Rps21,0.0404041195882236,0.0998774027692641,0.2602362026171888,0.0082889051298689,0.0179981600471908,0.0294195109787028,3.730111545089711,3.777048298487929,0.21066578231164107
Rpl22l1,0.0004776817289569,0.0029456461505329,0.0193733193315928,0.0450693277363784,0.0768310020720596,0.1065409636924609,2.385164476323945,2.514398828704005,0.03017784423607175
Sec62,0.2602362026171888,0.7508318840891169,1.0,-0.0552497330320767,0.0110436659371535,0.0755100939363142,1.307080708786886,1.3177917583085486,0.7935107490794456
Mbnl1,0.0101931049911082,0.0463865932813986,0.2144938077835174,0.026667098180828,0.0511042492919593,0.0781793038563408,2.1094369442233,2.1847157872189613,0.1279454386113302
Rps3a1,0.1748533068932927,0.4025038237820035,0.7950121719642381,0.0032346984570686,0.0133108305346482,0.0237633177444681,3.720899544165894,3.755854256054295,0.5475797277467906
Tpm3,0.0016520394562341,0.0141379694559114,0.1123511976904639,-0.1233187081287078,-0.0875026749474554,-0.0530523095473698,1.668181497577395,1.5705348149118863,0.05865504683361589
Rps27,0.0885337720142295,0.1748533068932927,0.3123214216762161,-0.0008217115090999,0.0107916789906071,0.0244088449934187,4.039729977548333,4.069030266234472,0.3090716903536371
S100a4,0.0008218913580357,0.0018544872287672,0.004776975573555,-31.12518742720334,-1.8656778189427123,-0.9020655210929156,2.2964782754848327,0.62442411671716,0.02327381472102836
S100a11,0.0101931049911082,0.0404041195882236,0.126022121770373,-0.208419878897432,-0.1607499151171274,-0.1120005535492565,2.139193644251539,1.91501376709335,0.11394869681622609
S100a10,0.0013539414430926,0.0029456461505329,0.0086155581188204,-0.2903038502653183,-0.2466782887865713,-0.207766871241599,2.4556840452493205,2.0710841049589264,0.03017784423607175
Mcl1,0.3407786135629546,0.7949903805638618,1.0,-0.0870333781142823,-0.0121656961003702,0.0832399673535619,1.3115976173920725,1.2997895384925124,0.8144818578082602
Cd2,0.0013539414430926,0.0060989459312143,0.0263323228736562,0.1150307997828758,0.16991260637593,0.238695078717437,1.365257483600561,1.537070224659311,0.039761959187916605
Csde1,0.0016481779776653,0.0322857250578679,0.311283046447709,0.0801067313462543,0.2139282993305563,0.4474108711237153,1.002656439850142,1.1647843512484073,0.10193354703804834
Ptpn22,0.1939308522824107,0.6650055421020291,1.0,-0.0399050620151265,0.0177612167339223,0.0665828851072429,1.5906234610762149,1.6104763510067,0.7666121262404455
Rap1a,0.002436734808989,0.0120228254076174,0.0606019697120061,0.0836732273356405,0.1524623295520511,0.224510859810836,1.2273799219112074,1.3638674672180835,0.05437349869030572
Atp5f1,0.1408688150289272,0.5829916474976795,1.0,-0.1388041939772024,-0.049279425996808,0.0252802988524666,1.2165531489968286,1.1762424196530523,0.7022708735845492
Cd53,0.0060989459312143,0.0606019697120061,0.3415302565564855,0.0095456516958536,0.0507538361580986,0.0934781651886187,1.7750789191051686,1.83850964943076,0.15135417311157742
Rpl34,0.1409552191443714,0.3708443333042212,0.7950121719642381,0.0011224736054397,0.0089755732434807,0.0164296900038818,3.788549934439265,3.811897792279401,0.5229321778615703
Ube2d3,0.0003080447056277,0.0035498386349135,0.0350891160940478,0.0477002001684629,0.080632340328723,0.1149223374921664,1.677453283335281,1.7741709865195263,0.03300035175419587
Nfkb1,0.1456818754719592,0.523970263932215,0.9769502088750937,-0.2063411908887474,-0.0158062841970951,0.1268677746589704,1.12942926666119,1.1153997869555063,0.660887116819025
H2afz,0.0060989459312143,0.0225760625231335,0.0606019697120061,0.0943024442344313,0.1338399241443831,0.1735903871026413,2.7056852979041466,2.9704096723718387,0.0792530306756155
Sh3glb1,0.1409552191443714,0.5833604667027033,0.9769702553219756,-0.0689612976639734,-0.012535079242608,0.0566712823266609,1.2792259665671135,1.26820641268226,0.7022708735845492
Gng5,0.0007314819918142,0.0051079054249954,0.0282605011618456,0.0519538267709201,0.0821295595047652,0.1138077165466847,1.9056998430750924,2.017321413868713,0.03770836063746605
Srsf11,0.0178682575458474,0.2602362026171888,0.9309874465595672,-0.0090424944806681,0.0708648938844981,0.1477826717271834,1.134696311669701,1.193144969124335,0.4095253094477392
Rps20,0.0193733193315928,0.078252228526237,0.2365840933218761,0.0238158233439846,0.0322704092507529,0.0419503770762504,3.784800297727864,3.8703896052300912,0.18019549871638063
Rab2a,0.2854763088518824,0.7508318840891169,1.0,-0.059682041782744,0.0065484703415656,0.0689441235475983,1.2193426050549565,1.2252903372541324,0.7935107490794456
Pnrc1,7.658289467492398e-05,0.0003842020270349,0.00200950485566,-0.1714003418704484,-0.1398913411776924,-0.1054348926509855,2.2045342637753613,2.0007936725652624,0.014860257861949439
Dnaja1,0.0165749267498532,0.126022121770373,0.4704864220587896,-0.0979934677430089,-0.0486003292828007,9.17731054002544e-05,1.7605639647697835,1.7013641881625283,0.24809060834795
Clta,0.0519192379597802,0.2716119325735385,0.8175379940758373,-0.1293232272232327,-0.0457700452490707,0.0479851166342642,1.1844542276763377,1.146773554874429,0.4260912192247385
Sec61b,0.0140850908547041,0.078252228526237,0.2861474366724902,-0.1530410284825713,-0.1020457672983027,-0.0445858076066707,1.5633948067485224,1.454920421809075,0.18019549871638063
Txn1,0.0005920421458944,0.0016520394562341,0.0051079054249954,-0.3106646963341263,-0.260392069952822,-0.2053914908434806,1.7037210226087771,1.423412856019025,0.021264713000756878
Ptbp3,0.2361761964463954,0.6650055421020291,1.0,-0.0534930968005355,0.0079729347256604,0.087852366753802,1.251386290236297,1.2582394793721563,0.7666121262404455
Tnfsf8,0.0086155581188204,0.078252228526237,0.4365995540824121,0.0286531421863046,0.0997123184842128,0.1680587650778457,1.789140616216825,1.91635496061612,0.18019549871638063
Rps6,0.0350891160940478,0.1409552191443714,0.4025038237820035,0.0005972188848239,0.0173007588639166,0.0372519154526277,3.044642334457414,3.080561732866043,0.26207229633509055
Jak1,9.734567564713264e-05,0.0016520394562341,0.0194533879113813,0.07208228023841,0.1139451988401165,0.1632735141833678,1.3177919641208,1.4257570220028586,0.021264713000756878
Mier1,0.068964333339054,0.2602362026171888,0.6650055421020291,-0.1304968677258975,-0.0700114695204894,-0.0075188350533906,1.6468278922348565,1.5672323527382823,0.4095253094477392
Tut4,0.0303828219765775,0.1614886884829126,0.623604884395689,0.0206451436969807,0.0666395490941288,0.1175218600995916,1.4900804569300776,1.5612002797121498,0.29372217977689175
Uqcrh,0.0101931049911082,0.1123511976904639,0.5443701458566098,0.0085488348739799,0.0276938962259773,0.0481417651971867,2.195669793949837,2.238296350720254,0.2274205695186003
Prdx1,0.0139289571983948,0.1115699529550979,0.5063505698070192,-0.2340251189584811,-0.1079787932230868,-0.0294850217027241,1.207580359147015,1.1234092152397963,0.2274205695186003
Rps8,0.0350891160940478,0.078252228526237,0.1748533068932927,0.012494797230062,0.0245463153489624,0.0377149207936141,3.838914558284431,3.903880714727765,0.18019549871638063
Ybx1,0.0303284034941484,0.1572127533400038,0.4704864220587896,-0.0739846688527584,-0.0330546811530772,0.0040491997714121,2.125199269042035,2.076034306213605,0.28698473518793427
Smap2,0.1650312649100562,0.4590693216149171,0.9748991155119652,-29.991894760408183,-1.883386760935411,27.01681548505453,0.7991910719904335,0.1405415007455522,0.6017044372080637
Sfpq,0.3407786135629546,0.7074539677020747,1.0,-0.0450130109522111,0.005422170697339,0.0656240687290344,1.4040200423530762,1.410228790517845,0.7805316302998715
Khdrbs1,7.386660844629498e-05,0.0010787354094395,0.0161066687958685,0.1691024067648354,0.3088977934000676,1.5644319305779526,0.9887791500843424,1.22315169496201,0.018510048280283714
Ptp4a2,0.0687552742483778,0.2144938077835174,0.5833604667027033,0.0033760762236661,0.0485628827268803,0.1012920332245659,1.743837989167835,1.8017023476304388,0.36012003848603924
Laptm5,0.0885337720142295,0.4025038237820035,0.9309874465595672,-0.0720097359464857,-0.0287099251089693,0.0092403979477794,1.954230733095975,1.9138659693308164,0.5475797277467906
Cd52,0.0029456461505329,0.0072599549881905,0.0193733193315928,-0.174801819310953,-0.1401681433540093,-0.0989124547268997,2.977412779501683,2.70010881498927,0.04189077475944403
Sh3bgrl3,0.0011061781840807,0.0029456461505329,0.0086155581188204,-0.2654106246643972,-0.2136226874613957,-0.1593200972886931,2.2383560407385312,1.9287861611101524,0.03017784423607175
Rsrp1,0.2144938077835174,0.4190673395125414,0.6650055421020291,-0.0082107745339711,0.0490606692834468,0.0979335343480223,1.4721295109416626,1.5226494793961125,0.5685724444197183
Syf2,0.1180831655343184,0.62284796592314,1.0,-0.1734941269702794,-0.0148615869903234,0.0969549120479459,1.1006927045658013,1.0906057579765376,0.7297194684536966
Srrm1,0.2028016243752515,0.7039963166690573,1.0,-0.1446690765987755,-0.0084082296787234,0.1277755351178357,1.1070252750319287,1.1011522767953164,0.7805316302998715
Rpl11,0.2365840933218761,0.5833604667027033,0.9769702553219756,-0.0031118310473688,0.0074478407950047,0.0177984295583931,3.600150728420375,3.6187201688262975,0.7022708735845492
Cdc42,0.0051079054249954,0.0350891160940478,0.2144938077835174,-0.0916640227817137,-0.0620579321282083,-0.0298192043376262,2.0090347650753357,1.92388513586622,0.10547746274977243
Micos10,0.0722190568604634,0.4479154279917928,0.9761033614497976,-29.92582808034389,-1.236703367498003,28.766698224198272,0.8971399061171943,0.3571757880148595,0.5886218451619895
Rpl22,0.026229387834857,0.078252228526237,0.1939308522824107,0.0158280820320154,0.0299672126682304,0.0455097117842108,3.0901676943862624,3.1545629129950927,0.18019549871638063
Tnfrsf4,0.3164685676139621,0.6658224841450882,1.0,-30.15937683175297,-2.3002676451735367,0.2591139556332901,1.0825935493027474,0.2192734010026542,0.7666121262404455
Sri,0.088256686339853,0.340358371306122,0.7949696787335044,-0.1440137844442085,-0.0452346258964885,0.0285737774500339,1.2160436664546062,1.179362505992855,0.4972990232808233
Kmt2e,0.0012183960311828,0.0066448808409443,0.0326256118674943,0.1163894118936514,0.1976984946135253,0.2738043872252391,1.2438346936768587,1.42618599221071,0.04189077475944403
Tomm7,0.0011061781840807,0.0141379694559114,0.0998774027692641,-0.1383478113800876,-0.0971955975253237,-0.0538410512401548,1.50859291785524,1.4120069355043712,0.05865504683361589
Dnajb6,0.2365840933218761,0.7508318840891169,1.0,-0.040308582541333,0.008320459479665,0.0519374388163522,1.5947635381071823,1.6038570701425576,0.7935107490794456
Ost4,0.0140510677616894,0.1115699529550979,0.5063505698070192,-0.1913453364724568,-0.0821675575084272,0.011939627029928,1.194520751381045,1.128402879215594,0.2274205695186003
Arap2,0.001321438916282,0.0101274892564385,0.0640904174696095,0.1558522660415076,0.2425810306292649,0.3790400433551899,1.1355148887413238,1.337436311703926,0.049201333707079964
Rpl9,0.0060989459312143,0.0303828219765775,0.126022121770373,0.0133123717633617,0.0239694893552909,0.0337942550209236,3.624741039862416,3.685234208127839,0.0971476218614134
Rpl5,0.0350891160940478,0.0885337720142295,0.1939308522824107,0.0237180832882738,0.0424032585602314,0.0599595622642389,2.8678762563809075,2.9539983133475047,0.1923980673209663
Dynll1,0.00109514607697,0.004231440704146,0.01648082337245,-0.4040238106621818,-0.3065949217293888,-0.2306287380979701,1.5165231960469852,1.223506275283066,0.03398272994989382
Rplp0,0.1409552191443714,0.4357306600317365,0.9309874465595672,-0.0146247205822697,0.0016898558704184,0.0174411098674437,3.433027934186168,3.436338911666976,0.5741123132176685
Rpl6,0.078252228526237,0.1939308522824107,0.4357306600317365,0.0133921926775567,0.0331949598903733,0.0506307015721613,3.177991591335474,3.251382748377151,0.3311336321284699
Ppp1cc,0.0035498386349135,0.0193733193315928,0.078252228526237,-0.2129183700246657,-0.1540162113898247,-0.0911709435762477,1.6759844105399275,1.5083444224460925,0.07312335567262845
Arpc3,0.0060989459312143,0.0350891160940478,0.1263954492047227,-0.0829512185554318,-0.0611779908351394,-0.0395505495576407,2.353965128452555,2.2555730361550514,0.10547746274977243
Orai1,0.0016757873060577,0.0215568930747304,0.1414324406564919,-30.13220058188426,-1.452168983831431,-0.2639057240249227,1.125545684198765,0.4056232576464519,0.0792530306756155
Rsrc2,0.0939970568957496,0.488327760174263,0.9769702553219756,-0.0337704928605899,0.0308431788160149,0.0994970478758471,1.153394059857475,1.1786894915473214,0.623767266176794
Vps37b,0.0001557958930878,0.0011061781840807,0.0086155581188204,-0.2156462456286102,-0.1619173277723007,-0.1119671116560342,1.9205578970714647,1.7170792203132974,0.018510048280283714
Tmed2,0.01884911001445,0.1115699529550979,0.4321071904330589,-1.3098215656521883,-0.2025165208569613,-0.0296125949757092,1.12198030048552,0.9783828189849596,0.2274205695186003
Ran,0.0119411678739192,0.1251982264759284,0.62284796592314,0.0614183607444221,0.1638934304552377,0.2974731849065402,1.0480940470212974,1.1745539620594774,0.24809060834795
Chchd2,0.002436734808989,0.0193733193315928,0.1123511976904639,-0.0822868290245272,-0.0571172177025025,-0.0348134701312232,2.163007652575226,2.0791171049331063,0.07312335567262845
Actb,0.002436734808989,0.0072599549881905,0.0193733193315928,-0.1281796011144946,-0.0977625877270113,-0.0724552411679978,3.2222712928322426,3.0116427852627385,0.04189077475944403
Rac1,0.1748533068932927,0.6650055421020291,1.0,-0.0674186439219821,-0.0102602046135394,0.0463355897032535,1.3638606939517852,1.3547335253238688,0.7666121262404455
Arpc1b,0.3407786135629546,0.7508318840891169,1.0,-0.0254685196676667,0.0261509170612215,0.0731000046791408,1.4231358590016998,1.4484998657851451,0.7935107490794456
Atp5j2,0.0225760625231335,0.1939308522824107,0.7074539677020747,-0.0920965676554841,-0.050656913991007,-0.0099119035769032,1.4717150956538414,1.419833743430655,0.3311336321284699
Rpl21,0.0035498386349135,0.0193733193315928,0.1123511976904639,0.0116860279875869,0.0240512794840097,0.036684129456207,3.29308613314297,3.348737043517075,0.07312335567262845
Polr1d,0.0012183960311828,0.0193733193315928,0.126022121770373,0.0329002701418866,0.0674432402987977,0.1024129952337589,1.4830549001902376,1.554010393083125,0.07312335567262845
Hmgb1,0.0604143694013455,0.3708443333042212,0.9769702553219756,-0.0246087024464039,0.0152525691096359,0.0629150846305762,1.6693366859567187,1.6857830222872423,0.5229321778615703
Sem1,0.1572127533400038,0.623604884395689,1.0,-0.0562442604492576,-0.0183599872907246,0.0172749207818731,1.7009582796764,1.6783933604220462,0.7297194684536966
Ndufa4,0.3123214216762161,0.7508318840891169,1.0,-0.05950977132082,-0.0125427732880165,0.0367751158944635,1.6065649546511611,1.5927528991671625,0.7935107490794456
Capza2,0.0677580553701216,0.4347302695803308,0.9769502088750937,-0.2448203939422608,-0.0829000099541956,0.0216322170412119,1.11027524259614,1.0515324112762523,0.5741123132176685
Arf5,0.3262432816152409,0.7949685891634857,1.0,-0.0516277097094739,0.0055211685913337,0.0603008153697646,1.229325808960554,1.234999390449595,0.8144818578082602
Atp6v1f,0.0463865932813986,0.3123214216762161,0.9309874465595672,-0.0803588125809418,-0.0328936109601299,0.0154910453306356,1.3159520519788013,1.2865195435548438,0.4638619931404157
Zc3hav1,0.0101048319189601,0.088256686339853,0.4353311290632924,-0.3243186556553701,-0.1528539074932124,-0.0296294209371611,1.148846182963826,1.0344050532396347,0.1923980673209663
Luc7l2,0.1123511976904639,0.623604884395689,1.0,-0.0268434720779129,0.0210362382604676,0.0701616512405754,1.298875740839624,1.31760962682836,0.7297194684536966
Trbc1,0.1883912192555386,0.4322062983352083,0.8843567876791294,0.0481595462372968,0.2993482994134572,1.1987345362478432,1.1772566223974577,1.442458567182049,0.5741123132176685
Trbc2,0.0072599549881905,0.0350891160940478,0.126022121770373,0.0693630378587472,0.1141688262773436,0.1576807079703243,2.187831464859355,2.3665653959562865,0.10547746274977243
Gimap4,0.0296647046549776,0.1324823507573668,0.4006927325196833,0.0912009721468739,0.2993070471422971,1.4252001128139924,0.9925104857911976,1.2228045661252014,0.25978960968827397
Gimap6,0.0002462062328227,0.0011061781840807,0.0051079054249954,0.2060832043810247,0.2861821946629637,0.3765498080245714,1.3627861928432188,1.65886992028272,0.018510048280283714
Gimap1,0.0021648644751394,0.0118375201904316,0.0594978065410714,0.1926196135699005,0.3229551635588059,0.918420651408896,1.0042739034260175,1.2572878984404736,0.05437349869030572
Gimap3,0.0003080447056277,0.002436734808989,0.0193733193315928,0.1236573286437225,0.2148435601547743,0.2872882901809891,1.3824653460554177,1.6099408256548324,0.02718313053583284
Hnrnpa2b1,6.0057602968049e-05,0.0004776817289569,0.0035498386349135,0.0905957394723986,0.1298550189554294,0.1639229520697894,1.7897236074187688,1.958367006463977,0.014860257861949439
Tax1bp1,0.0035498386349135,0.0530979572855834,0.3708443333042212,0.0213593945322745,0.0639756936832653,0.1043742777766577,1.589139357744485,1.6612766502371974,0.1388290341529316
Serbp1,0.0885337720142295,0.4025038237820035,0.9309874465595672,-0.0174672504838242,0.0224248936150813,0.0642996206371218,1.8314363259573208,1.8605133491060677,0.5475797277467906
Igkc,0.5833604667027033,0.8398599725400034,1.0,-0.0182536251176581,0.0097250022699831,0.0406828172499764,2.331565935261368,2.348442792032011,0.8415363397506621
Tmsb10,0.4357306600317365,0.8398599725400034,1.0,-0.0170515862650332,0.0004319520127322,0.0199718836715298,3.26117708276754,3.261708755563756,0.8415363397506621
Snrpg,0.0141379694559114,0.1939308522824107,0.7950121719642381,-0.0006781767323437,0.023770410177009,0.0531906722623921,2.0130090832477228,2.045851410586692,0.3311336321284699
Cnbp,0.1939308522824107,0.7508318840891169,1.0,-0.0340973233119984,0.00142709533258,0.0343984415321379,1.7736246226462935,1.777307772697005,0.7935107490794456
Bhlhe40,0.0005758815190214,0.0016136851225301,0.0041016968569939,-1.926089636019377,-0.7241484809821269,-0.5592746885033663,1.7202863198863512,1.0350153878173427,0.021264713000756878
Rpl32,0.0060989459312143,0.0350891160940478,0.1409552191443714,0.0070538124867331,0.016795387519505,0.0262333260029601,3.82000458337989,3.864203129273787,0.10547746274977243
Hnrnpf,0.0001233457544039,0.0016520394562341,0.0165749267498532,0.0729729668030509,0.1029999437707656,0.1329680275931314,1.6812270052024725,1.804556283093888,0.021264713000756878
Wnk1,0.00200950485566,0.0101931049911082,0.0463865932813986,-0.2107440430959861,-0.1431695976137082,-0.0804873215113301,1.5044007473342411,1.363934215500425,0.049201333707079964
Cd4,0.0448676997675595,0.2942370484552679,0.9262924327362092,-29.937137760873757,-2.396615570049364,0.923326594008324,0.9274801973572528,0.1346896282886287,0.4462447079291374
Gapdh,3.6584553538971e-05,3.6584553538971e-05,0.0001241441584702,-0.2025627596015822,-0.165885247057507,-0.135328498484903,2.333723612613637,2.080986095173317,0.014860257861949439
Cdkn1b,0.4025038237820035,0.8285911441066736,1.0,-0.0511414642169241,0.0130178576070855,0.0721898151521053,1.3465388069290238,1.3573135063791864,0.8415363397506621
H2afj,0.2365840933218761,0.7508318840891169,1.0,-0.0651477152755125,0.0212227641275666,0.0958762436909728,1.2162899503555638,1.2347085646666076,0.7935107490794456
Arhgdib,0.4704864220587896,0.8398599725400034,1.0,-0.0960849583473394,-0.0277427898041349,0.0310695995982732,1.4886707212997177,1.460898057858664,0.8415363397506621
Aebp2,0.0013539414430926,0.0193733193315928,0.1753302455280202,-0.1154166691004565,-0.0743089476622271,-0.0345714307553443,1.71869363297373,1.632168620530725,0.07312335567262845
Kras,4.694872564953877e-05,0.0001557958930878,0.0007314819918142,0.2449155339980829,0.3027087258613811,0.3668069894679115,1.25495770125063,1.5504563463873589,0.014860257861949439
Rps9,0.0604143694013455,0.1939308522824107,0.4713899641528926,0.0039156239179656,0.0144811969382425,0.0245900558964447,3.655785652298224,3.6931412414087386,0.3311336321284699
Rpl28,0.0011061781840807,0.0086155581188204,0.0463865932813986,0.0238138161089194,0.0357742750788449,0.0479760080031693,3.1965220294608114,3.2774824639343376,0.04552642290155622
Rps5,0.068964333339054,0.2854763088518824,0.6650055421020291,0.0036490698024553,0.0155544277857353,0.0266678630383481,3.616437162095221,3.6560543460969273,0.4342700213443787
Selenow,0.1409552191443714,0.3708443333042212,0.8398599725400034,-0.1196256755542446,-0.0668787339134762,-0.0144258620162167,1.3415412679589789,1.2755355399142811,0.5229321778615703
Snrpd2,0.3102084628221997,0.7711301217294434,1.0,-0.0993482148289074,0.0071796134027531,0.0946236251508644,1.1318175620579525,1.1371055139487174,0.808201121962366
Rps19,0.0016520394562341,0.0072599549881905,0.0303828219765775,0.0326365639769171,0.0536221809526454,0.0702073233311054,3.49976864108,3.6330614449903686,0.04189077475944403
Rabac1,0.0997981587684824,0.3708443333042212,0.9080526532286632,-0.1639804309662122,-0.0656007242975588,0.0146654553193473,1.2326384139538875,1.1767981013557738,0.5229321778615703
Rps16,0.0072185762125441,0.026229387834857,0.0885337720142295,0.0187179501390958,0.0284908317453212,0.0374003007150605,3.959752465831925,4.03903596962977,0.08957246729998784
Gmfg,0.0350891160940478,0.1748533068932927,0.5067205148778584,-0.0999854815478484,-0.0611206065428619,-0.0164009359667256,1.7264005349536524,1.6546971169354086,0.3090716903536371
Eif3k,0.126022121770373,0.5833604667027033,1.0,-0.0841832150382854,-0.0276109185519454,0.0290773640049767,1.3230440804095775,1.2984102932939026,0.7022708735845492
Hcst,0.0004776817289569,0.0042647649140305,0.026229387834857,-0.2055847666819973,-0.1573315729349082,-0.110916839549568,1.695956525203819,1.52028981301977,0.03398272994989382
Cox6b1,0.0780200311465574,0.2854763088518824,0.7508318840891169,-0.1276373615859631,-0.0645840543500325,0.0016104049846238,1.3694714336267877,1.3100116310082264,0.4342700213443787
Fxyd5,0.0086155581188204,0.0303828219765775,0.0785092671134366,-0.2110082858660982,-0.1624257818075758,-0.1157804470740572,2.0501400043949447,1.8295193947286088,0.0971476218614134
Rps11,0.2602362026171888,0.7074539677020747,1.0,-0.0113968539168225,-0.0008973742830193,0.0089210811086898,3.692904232868651,3.6903718596752775,0.7805316302998715
Rpl13a,0.4704864220587896,0.8398599725400034,1.0,-0.0093581484716228,0.0069851680275587,0.023101210003831,3.4756225346633163,3.4923164366630863,0.8415363397506621
Ftl1,0.0035498386349135,0.0225760625231335,0.0998774027692641,0.0524544687964952,0.0894409122403565,0.1269166933634072,1.881861922070815,2.0029082955708724,0.0792530306756155
Rpl18,0.0120228254076174,0.0530979572855834,0.1939308522824107,0.0180643885838389,0.0308540683531619,0.0441380764704505,3.4977495777778724,3.571955380013577,0.1388290341529316
Ldha,0.0003080447056277,0.0013539414430926,0.0072599549881905,-0.2606050911278167,-0.2109356189380197,-0.1581032657468095,1.7785349298802062,1.53723097663677,0.01999054718919074
Chd2,0.0060989459312143,0.0530979572855834,0.2365840933218761,0.0445600612432634,0.1043136064366882,0.1564985572044258,1.379426789276286,1.48283439112091,0.1388290341529316
Akap13,0.0011061781840807,0.0042647649140305,0.0165749267498532,-0.1522571750811552,-0.1189076635986203,-0.0784216550155419,2.211309797494801,2.035048943949181,0.03398272994989382
Furin,0.0001838541446263,0.0004642339994646,0.0016136851225301,-30.61332687497113,-0.8113999969688799,-0.5151571888903791,1.6321789772670274,0.9281322379793988,0.014860257861949439
Iqgap1,0.0002454401733027,0.0005855405920991,0.0019917294678364,-0.5301015824546149,-0.3307555478775063,-0.2117479399752166,1.389274055291155,1.107971309843565,0.014860257861949439
Rps17,0.0225339986902971,0.078252228526237,0.2365840933218761,0.0435733286765812,0.068996833152735,0.0918899177502296,2.33738362219819,2.45351811884082,0.18019549871638063
Rps3,0.0141379694559114,0.0530979572855834,0.1748533068932927,0.0162237427336801,0.0303492089684368,0.0459197897153298,3.418402383963491,3.49077449235629,0.1388290341529316
Spcs2,0.2140949593489335,0.6235293969887796,0.9769702553219756,-0.0997078239313516,-0.0370600847006616,0.0312906609096257,1.2360752106470612,1.2070222219807374,0.7297194684536966
Ucp2,0.0042647649140305,0.0403606091091344,0.2144938077835174,-0.209064680725252,-0.1194818515687655,-0.0438837451839853,1.3025362568499,1.1996973928127,0.11394869681622609
Eif3f,0.0998774027692641,0.3708443333042212,0.9309874465595672,-0.0860025899959165,-0.0394152105678086,-0.0032285060306933,1.6735070753336476,1.62988204620319,0.5229321778615703
Rpl27a,0.0404041195882236,0.1409552191443714,0.4704864220587896,0.0024943461324699,0.0116228641035493,0.0193183701880347,3.9535299577618113,3.986261716569765,0.26207229633509055
Eif4g2,0.0302789861230344,0.0885337720142295,0.2365840933218761,-0.1404011688693913,-0.0780953800383211,-0.0163192554053149,1.4175132026173176,1.342615451294825,0.1923980673209663
Rps13,0.126022121770373,0.4357306600317365,0.9309874465595672,-0.0039263512933789,0.0050784306120945,0.0154549655014931,3.774358366426295,3.787922328619641,0.5741123132176685
Rps15a,0.0101931049911082,0.0463865932813986,0.1748533068932927,0.0045514938889235,0.0123721479296801,0.0219825984776927,4.080299469333693,4.114333961955698,0.1279454386113302
Arl6ip1,0.0163342552551579,0.0654724614776806,0.2124944962928325,-1.1321250164505856,-0.2445065967828882,-0.076220832310229,1.2343729420505376,1.0396858340370212,0.16270879040492903
Lat,0.0988748907056252,0.2361761964463954,0.4703923293958402,-0.1689094653098531,-0.1024100338576941,-0.0445267288491367,1.3131895581455888,1.22187101200221,0.384353446108679
Coro1a,0.3708443333042212,0.7950121719642381,1.0,-0.0526236371952396,-0.0018518607727906,0.0529251802648937,1.45208863030681,1.4519255354060523,0.8144818578082602
Gdpd3,0.0028231412980675,0.0137213309190118,0.0677580553701216,0.2029570969791551,0.32017557175675,0.7417551783748282,1.1533432496074476,1.43800631866732,0.05865504683361589
Aldoa,0.0010517494027664,0.0038135579265159,0.0128500510094205,-0.4664166344330205,-0.2840966904527111,-0.1983925321189226,1.3532709695921437,1.113286465503191,0.03398272994989382
Sept1,0.0018143842836198,0.0165749267498532,0.088256686339853,-0.2098137140894025,-0.1413210973223554,-0.0778042600226704,1.2954719804680677,1.1747696479642329,0.06500479084708052
Fus,0.4025038237820035,0.7950121719642381,1.0,-0.05823133990325,0.003702240064019,0.0640413782042591,1.225973257584004,1.2291932972265025,0.8144818578082602
Rplp2,0.0225760625231335,0.0606019697120061,0.1572127533400038,0.0146837134724853,0.0252673511631396,0.0361653946136891,3.546416525193126,3.60845915850029,0.15135417311157742
Lsp1,0.0053282457144039,0.0318014557666263,0.1160650159661017,-30.1912779000983,-0.9224334093179116,-0.2341011626398781,1.2095121799461124,0.6449068772271875,0.10104006832181268
Nsd3,0.0459000179289773,0.3252944557150965,0.976869496388966,-0.0500516866704701,0.1059163318639224,0.2818191487057511,1.0584452021114388,1.13934332032396,0.48170447424477425
Leprotl1,0.0520466802193401,0.3988922925607748,0.976869496388966,-0.0076794427542621,0.154530055632884,1.0985775386540635,0.9811408555847112,1.0926056467441851,0.5475797277467906
Saraf,0.0085816680405547,0.0530979572855834,0.2144938077835174,0.0914656816892458,0.1463528251639492,0.1987505826928826,1.4139554347350562,1.5644980177642889,0.1388290341529316
Hmgb2,5.9729881035086266e-05,0.0005920421458944,0.0072599549881905,-0.1569521363479102,-0.1150780423255847,-0.0745671041676797,2.3017831053441125,2.125734451003395,0.014860257861949439
Ndufa13,0.0101274892564385,0.0528912887353372,0.1744781297274887,-0.2816053846802205,-0.2016187967742504,-0.1097099762881522,1.36943871541181,1.191025107172605,0.1388290341529316
Uba52,0.2143866635183458,0.7072109971341121,1.0,-0.1845791915831612,-0.0491112973159552,0.0752900293899604,1.12295450437807,1.0853989048974713,0.7805316302998715
Jund,0.0998774027692641,0.1939308522824107,0.3407786135629546,-0.2150770190230662,-0.1615162132782628,-0.1059469509705806,1.779911120898234,1.5921646472071274,0.3311336321284699
Rpl18a,0.0013539414430926,0.0141379694559114,0.1123511976904639,0.0095035288487411,0.018292331190993,0.029085078491166,3.7364343584712936,3.782576475652888,0.05865504683361589
Tpm4,0.0303828219765775,0.2144938077835174,0.7950121719642381,-0.1332146036506565,-0.0456755625697657,0.0223884416254939,1.226536207075275,1.1906090728530776,0.36012003848603924
Smarca5,0.064054148663565,0.4311333337385311,0.976869496388966,-0.2240075851507546,-0.0591691721283634,0.0448199920369813,1.1521472241835549,1.1080539565356475,0.5741123132176685
D8Ertd738e,0.1330620248164394,0.5443701458566098,0.9769702553219756,-0.0388628855048784,0.011404427604032,0.0601868821373248,1.378993457916745,1.389276977264161,0.6780987921092262
Calr,0.003005752046393,0.0161066687958685,0.0871481283778434,-30.118901405561825,-0.3645533444466353,-0.1709341423803494,1.19406905268036,0.9334552712987828,0.06500479084708052
Junb,0.0042647649140305,0.0086155581188204,0.0193733193315928,-0.4842251285305033,-0.4160214126805174,-0.3487724903370677,2.564867884492594,1.92432793336017,0.04552642290155622
Maf,0.2602362026171888,0.623604884395689,0.9769702553219756,-0.1099706349747977,-0.0508549409865867,0.0115518543050439,1.954699773471265,1.8847108523781528,0.7297194684536966
Cox4i1,0.0782506085103795,0.4704864220587896,0.9769702553219756,-0.0102367918709831,0.0120774635919358,0.0328946800980864,2.0743583722133976,2.091738902205086,0.6040516211598782
Map1lc3b,0.0120228254076174,0.1332425351509539,0.5833604667027033,-0.0025232254146934,0.0387380998673259,0.0756459270558843,1.669577050392366,1.7152009881090238,0.26003527889815226
Cyba,0.0029199711480602,0.0118375201904316,0.0491518321412861,-0.6396448200428262,-0.303457875340224,-0.1886487834939911,1.3766930246923736,1.1174848448618462,0.05437349869030572
Ankrd11,0.00090093559636,0.0086155581188204,0.0606019697120061,0.0661705171016479,0.1218902437007332,0.1694586054991969,1.4869458170256713,1.6190970142393724,0.04552642290155622
Rpl13,0.00200950485566,0.0086155581188204,0.0463865932813986,0.022391195967653,0.0323158119027669,0.041036465592572,4.164309663551009,4.258972067023372,0.04552642290155622
Tomm20,0.0060989459312143,0.0463865932813986,0.2854763088518824,0.0156496576086657,0.0603178388764264,0.105721030998616,1.6025925830890726,1.6687931997403886,0.1279454386113302
Tmem123,0.0123593754150112,0.0522545818641218,0.1360927583775825,-0.993164937300148,-0.2391712160699921,-0.11434457736042,1.2825383625497575,1.08933950278512,0.1388290341529316
Ubl5,0.00200950485566,0.0165749267498532,0.0998774027692641,-0.1092837000610423,-0.076166762533555,-0.0399123894041779,2.072032363694622,1.96633024706422,0.06500479084708052
Sept7,0.2030206944188479,0.7062330312325231,1.0,-0.1789660165792194,0.0641798703711275,0.2835575875480183,1.044606590121995,1.0902927491851735,0.7805316302998715
Ets1,0.00090093559636,0.0101931049911082,0.0885337720142295,-0.0530301403441541,-0.0364963586903234,-0.0212557245772417,2.651884297533544,2.5863968339188737,0.049201333707079964
Hspa8,0.0011061090612219,0.0072599549881905,0.0530979572855834,-0.1100772006538541,-0.0869802662077622,-0.0611027109438781,2.244057668412572,2.1130739301968453,0.04189077475944403
Rps25,0.3407786135629546,0.7074539677020747,1.0,-0.0179132546525855,0.0023667060615639,0.0207721946322513,2.96220549861901,2.967544079829457,0.7805316302998715
Ddx6,0.0001899419794645,0.0045843910564003,0.0761085243028957,0.1917010178407794,0.6984788828683104,30.086761425342463,0.6879611588456573,1.1261336419458474,0.03595881734863986
Atp5l,0.0165749267498532,0.0885337720142295,0.3708443333042212,-0.0892412949806033,-0.0507596548047258,-0.0150432680784071,1.9355907504601888,1.8684334053113771,0.1923980673209663
Cd3g,0.0140646515957323,0.0404041195882236,0.1123511976904639,-0.1594198914567,-0.1190214961197949,-0.0788163803486546,2.1403267978731235,1.970666159885785,0.11394869681622609
Cd3d,0.0885337720142295,0.3481425358514837,0.8852339144732017,-0.0013864975313585,0.0387010782859473,0.0819709377258344,1.937646657500824,1.989742244361955,0.506572617383898
Cd3e,0.4357306600317365,0.8398599725400034,1.0,-0.0341477612391976,-0.0015929960694009,0.031941446947149,1.7541149371693674,1.7530858670468523,0.8415363397506621
Cox5a,0.0035498386349135,0.026229387834857,0.126022121770373,-0.2026447543043067,-0.1490458503967873,-0.0852204544006903,1.4060594528843562,1.2686314771822875,0.08957246729998784
Rplp1,0.0035498386349135,0.0141379694559114,0.0465543773815031,0.0275533574967172,0.0369705210897537,0.0475594812202712,4.122867313740275,4.22872527060111,0.05865504683361589
Rpl4,0.0101931049911082,0.0998774027692641,0.5067205148778584,0.0058340331752486,0.0237971683840471,0.0414065337350502,2.457312796688522,2.4989164506748462,0.21066578231164107
Ppib,0.0051079054249954,0.0225760625231335,0.0885337720142295,-0.1876522043035162,-0.1394268153426679,-0.09297798810082,1.5371517550326024,1.39396129329381,0.0792530306756155
Rab8b,0.078252228526237,0.1748533068932927,0.3708443333042212,-0.1954665125526004,-0.1293517160590283,-0.0626840151339221,1.5988649738081275,1.4613477154380212,0.3090716903536371
Rora,0.00090093559636,0.0060989459312143,0.0350891160940478,-0.1977388441418752,-0.1475231463476559,-0.105750443536396,2.139927578274716,1.9332009348030863,0.039761959187916605
Eef1a1,0.4025038237820035,0.8398599725400034,1.0,-0.0074479020766965,0.0012570214876873,0.0083051820180894,4.088857078449543,4.092470294214876,0.8415363397506621
Cox7a2,0.0119485424494139,0.0689039797479347,0.3122162056373485,-0.1799903771169168,-0.0982105990367285,-0.0314844328450056,1.283862263828189,1.1992524211567326,0.16805871522429663
Bcl2a1b,0.0463865932813986,0.1409552191443714,0.3707429041054326,-0.20929567946806,-0.128690020717033,-0.0708583568916239,1.5317791535975387,1.40142350248572,0.26207229633509055
Morf4l1,0.0060989459312143,0.0404041195882236,0.2144938077835174,0.032575011782341,0.0702673737802205,0.1066888967056717,1.7070948999704574,1.79350018269824,0.11394869681622609
Gnai2,0.0303828219765775,0.1409552191443714,0.4365995540824121,-0.128530994316854,-0.0854624470759813,-0.033497173727349,1.631851420683036,1.5358698107563065,0.26207229633509055
Rhoa,0.2365840933218761,0.7508318840891169,1.0,-0.0409552004923128,-0.0066336969166612,0.034787800764798,1.5660902450325476,1.5592336926202963,0.7935107490794456
Shisa5,0.0013539414430926,0.0060989459312143,0.026229387834857,0.104152987298298,0.1481217930332757,0.1927507436264413,1.6822974253581826,1.863451069592924,0.039761959187916605
Tma7,0.0165749267498532,0.1748533068932927,0.6650055421020291,-0.0696096390742029,-0.0361926957687485,-0.0035420876836624,1.701533237142405,1.6594489844434777,0.3090716903536371
Rpsa,0.0086155581188204,0.0303828219765775,0.0998774027692641,0.0162403866148028,0.029353400396343,0.0445206936724509,3.7257045051801736,3.801742015523137,0.0971476218614134
Rpl14,0.0530979572855834,0.2854763088518824,0.7950121719642381,-0.0011297820260004,0.0153223639760405,0.0343658684903196,2.766401687348913,2.7961010697825976,0.4342700213443787
Nktr,0.2239802760688671,0.7343529114368607,1.0,-29.83385804089801,-0.6321557199833528,29.130809758525828,0.4456486620136737,0.3242083572466542,0.7935107490794456
Abracl,0.0186344464894138,0.1057649195816314,0.3898495201825476,-30.127558449059148,-1.147545759898809,-0.1259695464386114,1.1544465049121313,0.526340652460805,0.22215058422585338
Tnfaip3,6.0057602968049e-05,0.0002462062328227,0.001112372265556,-0.3951009048477738,-0.3497610001552215,-0.301218067663645,1.9821892546325424,1.5556029410215837,0.014860257861949439
Ifngr1,0.0001961614737065,0.0007314819918142,0.0035498386349135,-0.2322839133676148,-0.1946453895585944,-0.1568677866712336,2.7079306220276425,2.363820075183459,0.01596538956046645
Rps12,0.3123214216762161,0.7074539677020747,1.0,-0.0105634284098965,0.0019449046933871,0.0139162158855182,3.763588272490971,3.767645408616388,0.7805316302998715
Cd164,0.0086155581188204,0.0530979572855834,0.1939308522824107,-0.262089054931392,-0.1573509323822821,-0.0677137398958727,1.4652400510599426,1.3169518025221438,0.1388290341529316
Srgn,0.0086155581188204,0.0303828219765775,0.0888173627831051,-0.0638387788351098,-0.0497479415021563,-0.0343510748228157,3.4503037673427923,3.3325861413441054,0.0971476218614134
Mif,0.0120228254076174,0.0225760625231335,0.0606019697120061,-0.275957547322897,-0.2246705201405513,-0.1769368688997582,1.6216562497108549,1.3893067215005823,0.0792530306756155
Gpx4,0.0606019697120061,0.4357306600317365,0.9769702553219756,-0.0838214001641076,-0.0277978948802069,0.0260752130243046,1.370970364578245,1.3441640957762513,0.5741123132176685
Atp5d,0.0003080447056277,0.0072599549881905,0.1123511976904639,0.0330725511994162,0.0843721771677668,0.1257419049216828,1.3892208555962864,1.4729438750845174,0.04189077475944403
Rps15,0.2365840933218761,0.4025038237820035,0.623604884395689,0.0133196513443126,0.0310337920221503,0.0478008710236935,2.900500674064157,2.963558700871965,0.5475797277467906
Oaz1,0.0606019697120061,0.2602362026171888,0.7074539677020747,-0.0395197089026501,-0.0208564697482682,0.0018561473055491,2.607945100904088,2.570861202087486,0.4095253094477392
Eef2,0.0140850908547041,0.1939308522824107,0.8852339144732017,-0.0089989282135994,0.0183018185507487,0.0489510196130721,1.9993327687445277,2.0241464768758126,0.3311336321284699
Tle5,0.0072599549881905,0.068964333339054,0.3708443333042212,-0.1430997605141012,-0.0801126058063547,-0.0165853749830512,1.3448477882392749,1.2720773767334976,0.16805871522429663
Hsp90b1,7.658289467492398e-05,0.0004776817289569,0.0035675031638339,-0.2880105418549416,-0.2218414897837079,-0.1630745010350409,1.4672585965138114,1.2577997691057412,0.014860257861949439
Slc25a3,0.0225760625231335,0.0998774027692641,0.4357306600317365,-0.0924860526983125,-0.057363170960737,-0.0196311231986874,1.8268756430668724,1.75555704940557,0.21066578231164107
Snrpf,0.2598214307362101,0.6233026627251221,1.0,-0.0072556612850665,0.0713200429972992,0.1406184929391041,1.2903044002605564,1.3576234161309213,0.7297194684536966
Btg1,0.0350891160940478,0.1409552191443714,0.4357306600317365,-0.0488355546233277,-0.026884324096955,-0.0071623445850275,2.8905412340728027,2.837565191909844,0.26207229633509055
Atp2b1,0.0013539414430926,0.0060989459312143,0.026229387834857,-0.307928554384562,-0.2433951391320183,-0.1775651114553277,1.6802975148980688,1.4187369953775777,0.039761959187916605
Nap1l1,0.0388655867204543,0.2358697414020912,0.8847351545086489,-1.1989525781613122,-0.1169275817180418,0.0502619524576826,1.1219374841648362,1.0361604734348036,0.384353446108679
Rap1b,0.068964333339054,0.2602362026171888,0.7074539677020747,-0.1075103973910904,-0.0541573282320102,0.0010950136828135,1.5223653341602474,1.4654954480125637,0.4095253094477392
Naca,0.0007314819918142,0.0060989459312143,0.0352219911814021,0.0339635844781428,0.0550954992740668,0.0790741013034204,2.543477124163455,2.64227358851744,0.039761959187916605
Ptges3,0.0950047101463365,0.5499565726380053,0.9769364534883076,-29.301462045559763,0.8723845626632654,29.83584809734079,0.4132502165531182,0.7701568755007131,0.683361879862076
Atp5b,0.1939308522824107,0.7074539677020747,1.0,-0.0584742168449778,-0.0122470533099337,0.0423465627352067,1.3028446591366911,1.2919839592169549,0.7805316302998715
Myl6,0.068964333339054,0.1748533068932927,0.3708443333042212,-0.0771416093836921,-0.0461638051645247,-0.0180458696517344,2.343977288307146,2.270595534938475,0.3090716903536371
Rpl41,0.2365840933218761,0.5067205148778584,0.9769702553219756,0.0055357121172993,0.0164378104760476,0.026627050552351,3.7114249167064655,3.754665865306692,0.6407397946314481
Rps26,0.1939308522824107,0.623604884395689,1.0,-0.0094449736668988,0.0030552994672667,0.0178241274525783,3.3692151018238925,3.37746872108901,0.7297194684536966
Uqcr10,0.1180812133316259,0.5442826205619581,0.9769702553219756,-0.111797005550098,-0.0215551132343721,0.0504430268857898,1.1931748588284623,1.17463241043344,0.6780987921092262
Ppia,0.0042647649140305,0.0165749267498532,0.078252228526237,-0.0576465971838359,-0.0456305048541747,-0.0298025851732469,3.2642248444744912,3.1618620090839573,0.06500479084708052
Ramp3,0.0007314819918142,0.0042647649140305,0.0303828219765775,0.0808148168488853,0.1353394383228397,0.1858917698614378,2.181060518042641,2.392844981950087,0.03398272994989382
Sec61g,0.0141379694559114,0.0885337720142295,0.2602362026171888,-0.1284979222814427,-0.0846396435579184,-0.0336144313219631,1.7603742311031074,1.6599091790949865,0.1923980673209663
Actr2,0.0081243044649975,0.1336436293938711,0.6748716272176443,-29.998552762827355,-1.2490445115154225,-0.0724655236317831,1.0276890258645457,0.4306167184441823,0.26003527889815226
Peli1,0.0086155581188204,0.078252228526237,0.4357306600317365,-0.181174561214255,-0.1106911021709711,-0.039844094755838,1.3123804249900286,1.2151598615134287,0.18019549871638063
Rps27a,0.0120228254076174,0.0404041195882236,0.1123511976904639,0.0178790392983066,0.0285816592109735,0.0407619018501628,3.822322526274175,3.897687724369265,0.11394869681622609
Npm1,0.0060989459312143,0.0350891160940478,0.1572127533400038,0.0216532220720659,0.0410498895641575,0.0620548533319345,2.4360742890764184,2.506617636723015,0.10547746274977243
Clint1,0.0885337720142295,0.3708443333042212,0.8852339144732017,-0.023708405880809,0.0369513079084662,0.0922106550895484,1.492986861287445,1.52984559391979,0.5229321778615703
Itk,0.1681220147719043,0.5999753338128035,1.0,-2.4890869755013587,-0.2340832265112663,0.8005619267796921,0.9980239480066632,0.8559007885000802,0.7188248629451727
Rack1,0.0463865932813986,0.1572127533400038,0.4704864220587896,0.0063899608535222,0.0234483179416353,0.039437841851992,3.2077250613223827,3.259144098341648,0.28698473518793427
Hnrnpab,0.3082712777474368,0.7817997836070989,1.0,-0.113488700993755,0.040322028590024,0.1856670165309772,1.0617711155357514,1.0941885522615926,0.8144818578082602
Ube2b,0.0060741699185588,0.0606019697120061,0.3708443333042212,0.0173117911599486,0.0510279028066159,0.089290530248465,1.7051087501316229,1.7668352356305164,0.15135417311157742
Ppp2ca,0.078252228526237,0.4704864220587896,0.9769702553219756,-0.1084635612334017,-0.0453088704068642,0.026486253089644,1.297563129157545,1.2584001222283976,0.6040516211598782
Uqcrq,0.0682440020661834,0.3597579628450244,0.9297059123838748,-30.04644166575255,-0.3369413735248073,0.0226422539598246,1.076463708891349,0.8602108512643363,0.5204567646922255
Hint1,0.0011061781840807,0.0086155581188204,0.0606019697120061,-0.1405320400513924,-0.0972782554694103,-0.0510740773609367,1.5775064223770614,1.474968127094325,0.04552642290155622
Arf1,0.0995938120003883,0.4704864220587896,0.9769702553219756,-0.0906430854464809,-0.0331243664882376,0.023292282250261,1.25532153780029,1.2262818717969075,0.6040516211598782
Ncor1,0.0530979572855834,0.3407786135629546,0.9769702553219756,-0.0852440690205005,-0.0292121884453123,0.0255009612614826,1.4993833780737875,1.4711007789662789,0.4972990232808233
Ubb,0.0141379694559114,0.0885337720142295,0.3123214216762161,-0.0456456316848359,-0.026821184548405,-0.0086863207685707,3.00639829586692,2.950451352249185,0.1923980673209663
2410006H16Rik,0.3386697196160634,0.7727819492867245,1.0,-0.1338691780227331,-0.0026706224787139,0.0871437881370102,1.20544595832915,1.20314182929377,0.808201121962366
Rpl26,0.00200950485566,0.0141379694559114,0.078252228526237,0.0122284534353545,0.0228431484020339,0.0360354565174551,3.5185714120518528,3.57480605380935,0.05865504683361589
Eif4a1,0.2602362026171888,0.7508318840891169,1.0,-0.0411401402847743,0.0035318547871222,0.0537037046154581,1.465381020020505,1.4694806003241236,0.7935107490794456
Eif5a,0.0140850908547041,0.1409552191443714,0.6650055421020291,0.0035868762269362,0.0616995907495171,0.1109760748409996,1.3453802287382226,1.4038077420002724,0.26207229633509055
Gabarap,0.2478220764459313,0.7506221367518198,1.0,-0.0674811502340485,0.0166958890954277,0.1020958352292344,1.1566862059086525,1.1712071331517486,0.7935107490794456
Pfn1,0.2144938077835174,0.4357306600317365,0.7508318840891169,-0.06226574638894,-0.0270177207597403,0.0078325403868533,2.290021567265608,2.2476767837336453,0.5741123132176685
Pafah1b1,0.0998774027692641,0.623604884395689,1.0,-0.0224620407331219,0.0252098241808068,0.0775214152694844,1.3211796100797637,1.3442146525019338,0.7297194684536966
Ywhae,0.0255801946085122,0.2358697414020912,0.859934679913744,-29.875169295489965,-0.2092373879869938,0.0466323702381576,1.046564651594846,0.9069310642243492,0.384353446108679
Rpl23a,0.5833604667027033,0.8852339144732017,1.0,-0.0391135976920603,-0.0204157047261315,0.0010205623701653,2.8426230228785654,2.8024496026879038,0.8852339144732017
Crlf3,0.0437415424903001,0.3063587664885105,0.8853009805739176,-0.0820103406066012,0.28400516288456,29.948583429875708,0.8607079836945142,1.04720488116684,0.463229219208531
Slfn2,0.0004776817289569,0.0051079054249954,0.046340262680811,0.0780973708414754,0.1399619463147844,0.2175225346489279,1.4209420875658323,1.5621217718246574,0.03770836063746605
Supt4a,7.658289467492398e-05,0.0004776817289569,0.0029456461505329,0.1713231017063206,0.2209410654500265,0.2672922543116065,1.2180658986721635,1.4206347365267225,0.014860257861949439
Nme2,0.0086155581188204,0.0350891160940478,0.126022121770373,-0.1470120486820679,-0.1060123945886419,-0.0617326594398737,2.005198702199124,1.8601891881782389,0.10547746274977243
Atp5g1,0.1624647125918105,0.5825395548706873,1.0,-0.1676274998740089,0.0627483304132179,0.2491142681368703,1.059722468869302,1.1085031376676,0.7022708735845492
Skap1,0.214054947772531,0.7284668438825025,1.0,-0.0757227386078705,0.0500356333228413,0.1597366663893603,1.1090783163330262,1.1487950591464386,0.7935107490794456
Rpl23,0.0029456461505329,0.0086155581188204,0.026229387834857,0.0263508650311228,0.0344207166372294,0.0427391699986995,4.091877016496145,4.190052798262529,0.04552642290155622
Rpl19,0.00090093559636,0.0060989459312143,0.0404041195882236,0.0155490766354328,0.0227175024267185,0.0299240184456381,3.938098861610005,4.000842715022569,0.039761959187916605
Eif1,0.0011061781840807,0.0042647649140305,0.0193733193315928,-0.0588160335257542,-0.0422952049689838,-0.0288563998429727,3.37559402514829,3.2791086139386127,0.03398272994989382
Rpl27,0.0604143694013455,0.2144938077835174,0.5833604667027033,-0.0031596216725185,0.0087930756532794,0.0210905037394727,3.47265091828984,3.4944807228414723,0.36012003848603924
Ddx5,0.026229387834857,0.0885337720142295,0.2365840933218761,-0.0603980817151768,-0.037318275593808,-0.0177506494259941,2.9375661867085663,2.86164675402597,0.1923980673209663
Gna13,0.3407786135629546,0.7950121719642381,1.0,-0.0269286773946453,0.0192736215030565,0.0622787522832738,1.85607199634663,1.880151237512505,0.8144818578082602
Prkar1a,0.2365840933218761,0.7074539677020747,1.0,-0.0603384367203829,-0.0170028225687294,0.0326511152977434,1.582637225958765,1.563740048996345,0.7805316302998715
Rpl38,0.1123511976904639,0.2602362026171888,0.5443701458566098,7.724772333401442e-05,0.0141170030785903,0.0292470364584963,3.4310930226746503,3.4643740815335176,0.4095253094477392
Atp5h,0.126022121770373,0.4704864220587896,0.9769702553219756,-0.0575119917540502,-0.0259767579034271,0.0061965198117276,1.93324085624147,1.8989032608530927,0.6040516211598782
Sumo2,0.2602362026171888,0.7074539677020747,1.0,-0.0255837771558237,0.0176072406030362,0.0566879846738065,1.60419088641801,1.6252386027666563,0.7805316302998715
H3f3b,0.0003842020270349,0.0011061781840807,0.0035498386349135,-0.144294155122182,-0.1156848958692868,-0.0928541996821436,3.133476033885441,2.892871407959136,0.018510048280283714
Ubald2,0.1572127533400038,0.4025038237820035,0.751936391285994,-0.13006506554342,-0.0537642531417155,0.015222237538959,1.6071242997615074,1.54824701952312,0.5475797277467906
Actg1,0.0002462062328227,0.0004776817289569,0.00090093559636,-0.161038560064938,-0.1384071749647317,-0.1133995329892641,3.040642750539215,2.7620347802627223,0.014860257861949439
Sf3b6,0.1323126096029925,0.4695190216268695,0.976869496388966,-0.1157440428485556,-0.0080199963418076,0.0793019736586706,1.121733805859265,1.115652026394335,0.6040516211598782
Rps7,0.0013539414430926,0.0101931049911082,0.0690758693927622,0.01057438677506,0.0245742851617777,0.038383424400078,3.76456885632112,3.830342815666072,0.049201333707079964
Ifrd1,0.0184457648191798,0.08091843216991,0.2766027999172455,-1.4727520011164297,-0.3526443592814721,-0.1529072600846963,1.2713980292636713,0.9899493542617778,0.18464114976952192
Nfkbia,0.4582556807363832,0.8338739472468253,1.0,0.0153273148136006,1.0044589565893238,1.2723947567769105,0.5536814220926475,1.1157045139234465,0.8415363397506621
Rps29,0.2144938077835174,0.3407786135629546,0.5067205148778584,0.0141135982875205,0.0234768698660512,0.0329345952273862,4.044226252773912,4.111099094557078,0.4972990232808233
Rpl36al,0.0530979572855834,0.2144938077835174,0.6037599117336804,0.004354975803251,0.0276566287330618,0.050705933514116,2.3902468984928373,2.4365551425328977,0.36012003848603924
Psma3,0.2240795946879651,0.7506221367518198,1.0,-0.0763711578416877,0.0134378700217891,0.0910990934970093,1.1283860533719612,1.1378629402834437,0.7935107490794456
Hif1a,0.5067205148778584,0.8398599725400034,1.0,-0.0793938873583411,-0.0303052674649122,0.0133695567894331,2.157340006024913,2.1104251048023275,0.8415363397506621
Zfp36l1,0.0885320402836163,0.3863729644612357,0.9309874465595672,-0.0230708199672011,0.0468391429186433,0.1302816218274437,1.270615148976625,1.3123869184985515,0.5417855535182691
Srsf5,0.0528912887353372,0.1122731095827606,0.2592136827639494,-0.1681549649873886,-0.1102495900964251,-0.050729701614295,1.49711943135538,1.3864757073502412,0.2274205695186003
Rbm25,0.0078822926304253,0.0606019697120061,0.285801585590934,0.0428838082405057,0.1035201502026581,0.1720406142810836,1.2621109209815224,1.356324234310665,0.15135417311157742
Npc2,0.0004510552597041,0.004776975573555,0.0389043491326424,-2.9472284394072954,-0.38732163706425,-0.1747323274335466,1.19310148015688,0.9123375239930488,0.036892949814224765
Calm1,0.0007314819918142,0.0029456461505329,0.0120228254076174,-0.1584170921087843,-0.1241989097160641,-0.090225553568806,2.5670385804398546,2.356655332441275,0.03017784423607175
Ndufb1-ps,0.1409552191443714,0.4357306600317365,0.976965248614044,-0.0953229639292223,-0.0229408116407071,0.048530176534292,1.2925205512202689,1.2698445573177048,0.5741123132176685
Ddx24,6.0057602968049e-05,0.0004763247744943,0.0035498386349135,0.1863199426511569,0.2662103292096984,0.3492289687497827,1.0825703569572176,1.3025677874118688,0.014860257861949439
Hsp90aa1,0.026229387834857,0.0998774027692641,0.2861474366724902,-0.1133047064515716,-0.0554056922101222,-0.0021080459073221,1.8237777696865611,1.7577205393407414,0.21066578231164107
Eif5,0.0404041195882236,0.2144938077835174,0.7950121719642381,0.0094268225805984,0.0560652914662711,0.1010391977859112,1.6195749586690424,1.6828467312264523,0.36012003848603924
Atp5mpl,0.2030390252201984,0.7061715828105876,1.0,-0.0388222672212157,0.0332727358092601,0.0955415649805354,1.1868779502733124,1.2148450463571625,0.7805316302998715
Gpr132,0.0068164934706321,0.0704922211259498,0.3776484827886456,-30.06974174521911,-1.5442193006234706,-0.2651514085566846,1.0722462680291012,0.365743155477947,0.17095214978370435
Crip1,0.0002462062328227,0.0005920421458944,0.0013539414430926,-0.8214690790405346,-0.728330712426762,-0.6528903859491242,2.761074466800835,1.6685435120071177,0.014860257861949439
Igha,0.4704864220587896,0.7508318840891169,1.0,-0.012038221938087,0.0323338485692662,0.0785868486742324,1.8136254950219184,1.8539061231164249,0.7935107490794456
Gdi2,0.0007314819918142,0.0042647649140305,0.0193733193315928,0.1466595851790927,0.2015374248906182,0.2491183811330855,1.267926449412674,1.4579551903244337,0.03398272994989382
Psma2,0.1744405175231562,0.6636294008061806,1.0,-0.2610870464567698,-0.0193533451806247,0.1163268403905769,1.078219829828135,1.065813930136925,0.7666121262404455
H2afy,0.0255759167012804,0.1705620678260752,0.617465443594395,-30.073633271732287,-0.9893676871410224,-0.115157035203518,1.0904999770102826,0.5438631004426243,0.3090716903536371
Hnrnpk,0.0001233457544039,0.0013539414430926,0.0101931049911082,0.0811955122175397,0.1297810225103188,0.1772174155754463,1.3703942179555226,1.49909837434628,0.01999054718919074
Uqcrb,0.2421802526412568,0.7430065461701476,1.0,-29.56109803596462,0.0,29.762486514562564,0.2004848158044927,0.363140972050026,0.7935107490794456
Cox7c,0.2854763088518824,0.7074539677020747,1.0,-0.0487633114234216,-0.0180079697654283,0.0177508432209296,1.980830360801077,1.95522387865432,0.7805316302998715
Rps23,0.0350891160940478,0.1572127533400038,0.4704864220587896,0.0053673502934005,0.0160088373193112,0.0261019159867775,3.999209990433645,4.044153987438051,0.28698473518793427
Nsa2,0.1748533068932927,0.4704864220587896,0.9309874465595672,-0.026869956404531,0.0167159574049217,0.0649274179899291,1.7406137489442512,1.7605546400196537,0.6040516211598782
Btf3,0.0404041195882236,0.363175395722117,0.9321370167786264,-0.0166697077440104,0.0116910306003257,0.0342124551400036,2.225220042857514,2.2435196770250663,0.5229321778615703
Gpbp1,0.0605418048852447,0.2853715592715535,0.7948409466983652,-0.0118290562829227,0.0665521927987686,0.1530841158966266,1.1612426060965224,1.2166068973284865,0.4342700213443787
Emb,0.0463865932813986,0.126022121770373,0.3123214216762161,-0.1031258524494,-0.0653139096720187,-0.0290572458049242,2.969591422644692,2.8387149529401285,0.24809060834795
Rpl15,0.0060741699185588,0.0404041195882236,0.1748533068932927,0.0101643182393316,0.0225456323088334,0.0354137567853137,3.1101043178531773,3.159522285498564,0.11394869681622609
Rps24,0.0035498386349135,0.0141379694559114,0.0606019697120061,0.013475849034389,0.0205937073149925,0.0289014257104291,4.515009148374645,4.580514325484899,0.05865504683361589
Arf4,0.0141379694559114,0.0606019697120061,0.1944449261699379,-0.2085788770449604,-0.1425254242223625,-0.0690173992671489,1.4136962128819976,1.2814547746453313,0.15135417311157742
Selenok,0.0462370314390692,0.2365840933218761,0.6650055421020291,-0.1005541646333276,-0.0664973114039787,-0.0300986238988447,1.6490348847881862,1.5733748269225525,0.384353446108679
Hnrnpc,0.1303780950929933,0.5850658684541371,1.0,-29.227854749410525,0.3332260870616208,29.93181242320728,0.4517165422761338,0.8669617864078358,0.7026389137894182
Trac,0.0165749267498532,0.0606019697120061,0.1939308522824107,0.0716807774945716,0.11856293461397,0.1692684046370805,1.5704561144881724,1.7056141668061873,0.15135417311157742
Dad1,0.193928429189222,0.623604884395689,1.0,-0.1066757689399301,-0.0373666458597619,0.029010919323507,1.30937567146191,1.2766818166156262,0.7297194684536966
Psme1,0.0254090783192398,0.1379218313284685,0.5787001501322644,-30.104704374571803,-0.36893087328038,-0.0869947045404092,1.130220494377031,0.871815263650736,0.26207229633509055
Itm2b,0.2602362026171888,0.5833604667027033,0.9769702553219756,-0.0608936268507482,-0.0306145686887923,0.002685030378065,2.2728954933833387,2.224900294525036,0.7022708735845492
Tpt1,0.026229387834857,0.1409552191443714,0.5067205148778584,0.0005274242396905,0.0076503118357308,0.0150396315350295,4.792316396676991,4.818476603643625,0.26207229633509055
Elf1,0.0350891160940478,0.4357306600317365,1.0,-0.0255979141754437,0.0390278667436611,0.0983918296518044,1.1925707394746512,1.2238883771045836,0.5741123132176685
Gm10076,0.396694568338589,0.7686849099394568,1.0,-1.018296309937191,-0.2602319386364051,-0.0570156578702079,1.15367637286128,0.962725821223591,0.808201121962366
Rpl37,0.0120228254076174,0.0404041195882236,0.1572127533400038,0.01640949463348,0.0308137030531416,0.043851981584916,3.514498779439251,3.5907466830576062,0.11394869681622609
Fyb,0.00090093559636,0.0035498386349135,0.0193733193315928,0.0762563493506497,0.1186414314250046,0.1597332349824275,1.7522886897775725,1.90408394502525,0.03300035175419587
Il7r,0.2365840933218761,0.5067205148778584,0.8398599725400034,0.0857341260275249,0.1821141362457786,0.2609446638615284,1.7627429378157462,1.998698593812605,0.6407397946314481
Sub1,0.0086155581188204,0.0350891160940478,0.1123511976904639,-0.1032384366604697,-0.0776648062461424,-0.0508602327396005,2.587889560212532,2.4531487869634674,0.10547746274977243
Rpl30,0.0463865932813986,0.1123511976904639,0.2602362026171888,0.0088635733907904,0.0220980649110465,0.0328560143995378,3.895455394873503,3.955342799242615,0.2274205695186003
Cox6c,0.1123511976904639,0.3123214216762161,0.7295242349890838,-0.1009757572682372,-0.0566633843189334,-0.0201559043261925,1.961828697807275,1.8855445147627137,0.4638619931404157
Pabpc1,0.0885337720142295,0.2854763088518824,0.623604884395689,0.0004116082426287,0.0263006124504608,0.055263810250542,2.246307207313172,2.287709881223183,0.4342700213443787
Ywhaz,0.0016520394562341,0.0165749267498532,0.1409552191443714,-0.0851147888664026,-0.0571934729470256,-0.0233667190748912,1.8486411009119248,1.7770855468927262,0.06500479084708052
Eif3e,0.0225760625231335,0.2365840933218761,0.8852097496852727,-0.0023701986318562,0.0414733397923732,0.0826992738679171,1.4580143901518965,1.5016456993113036,0.384353446108679
Eif3h,0.0350891160940478,0.188973913151427,0.7085384156117498,-0.0825134238005486,-0.0423896511031666,-0.004690822021266,1.65930419348119,1.6117748692430562,0.3311336321284699
Sla,0.1264864607734925,0.5014650543134418,0.9767930532360978,-1.4309217665175935,-0.1526966648904645,0.1423567190673508,1.0177639318716396,0.9260287178997576,0.6373049551021464
Ly6e,0.0120228254076174,0.0404041195882236,0.126022121770373,-0.3090135287602391,-0.2309414805136317,-0.1647957188845133,1.5990501334486913,1.3622738324140249,0.11394869681622609
Eef1d,0.1409552191443714,0.6650055421020291,1.0,-0.0382678695566435,-0.0008839927650728,0.047973237776084,1.2906783863420164,1.2890812669524312,0.7666121262404455
Dgat1,0.0001457541041777,0.000712131411946,0.0040996445768714,-30.392764096413423,-0.531253601465131,-0.2934410383045182,1.4258664100101024,0.98971194812826,0.01596538956046645
Rpl8,0.0042647649140305,0.0225760625231335,0.0998774027692641,0.0191333979399518,0.030876714545987,0.0419443685929814,3.37864185377031,3.4519880862176,0.0792530306756155
Myh9,0.1360024981870771,0.4935509839116358,0.976869496388966,-0.0686372174407366,0.0440658166209454,0.1313491743701906,1.151627391227825,1.1884677792212024,0.6288390708721857
Il2rb,0.0018544872287672,0.0081170363816436,0.0291296688534225,-2.0209588114988213,-1.3409151924886389,-0.3929756968199773,1.3591391678391238,0.53769206166668,0.04552642290155622
Rac2,0.078252228526237,0.3123214216762161,0.8398599725400034,-0.0888034030286264,-0.0410843375474743,0.0062143642937921,1.509069752212456,1.4668907659584038,0.4638619931404157
Lgals1,0.0005758815190214,0.001321438916282,0.0029394461679105,-0.8138782411043433,-0.7096870549525979,-0.6031667152483072,2.0568917012499326,1.2569495297954838,0.01999054718919074
Rpl3,0.0606019697120061,0.2854763088518824,0.7950121719642381,-0.0058270293805605,0.0065792228317335,0.0200318666924603,3.110233280789976,3.12483441227779,0.4342700213443787
Rbx1,0.2854763088518824,0.7727819492867245,1.0,-0.070346111562713,0.0116651493538842,0.0817228059010555,1.1915692221179113,1.2031646592045588,0.808201121962366
Snu13,0.2194448152478409,0.6931194024109182,1.0,-29.746144027078536,-0.1411555683331912,29.57236686928788,0.3892661006913845,0.2109835351936797,0.7805316302998715
Ndufa6,0.3406736247039966,0.7949685891634857,1.0,-0.0584225290111053,0.0104711686290726,0.069589803991818,1.2090148502136424,1.2200851710337326,0.8144818578082602
Tspo,0.0303828219765775,0.1572127533400038,0.4357306600317365,-0.1838230688709537,-0.1218753815098635,-0.0530267467806445,1.3897383243316423,1.2766944537169325,0.28698473518793427
Pfdn5,0.0463865932813986,0.4025038237820035,0.9769702553219756,-0.0373868854656486,-0.0104684841016254,0.0089568176307692,2.11460024458734,2.0990254151019463,0.5475797277467906
Prr13,0.026229387834857,0.1794836023206413,0.751936391285994,-0.1323806614796687,-0.0643813420573572,0.0019404281993304,1.26543993539644,1.2112474404302986,0.31614304689460326
Pcbp2,0.0086155581188204,0.0303828219765775,0.1123511976904639,0.0804829510749874,0.1323951667610898,0.186153705623839,1.2561678592899064,1.3763009271710829,0.0971476218614134
Atp5g2,0.068964333339054,0.3123214216762161,0.8852339144732017,-0.0314937610894641,0.0196352912049883,0.0703161289683433,1.6102805443974677,1.633014312004395,0.4638619931404157
Hnrnpa1,0.002436734808989,0.026229387834857,0.2365840933218761,0.0459389814486488,0.0879710770425519,0.1334759307373203,1.4877960290800174,1.5796689150644423,0.08957246729998784
Tra2b,0.2854763088518824,0.7182159263571175,1.0,-0.1015632777315484,-0.03012279245934,0.0468391032266323,1.2415912860049376,1.2166250106873675,0.7906675329633179
Pak2,0.00090093559636,0.0072599549881905,0.0463865932813986,0.0999228733049471,0.1624323897595092,0.2311108781199673,1.2276333786729423,1.3741841015895635,0.04189077475944403
Rpl35a,0.0165749267498532,0.068964333339054,0.2144938077835174,0.0150375855960463,0.0234196246981708,0.0322127806687587,3.698908969804048,3.759438667049935,0.16805871522429663
Cox17,0.0992592805483971,0.3529773995678947,0.8774158697983869,-30.015430020380048,-2.2762772814064807,0.0579514452012921,1.0012372577418922,0.2012339035154232,0.5121232791418587
Cd47,0.0004642339994646,0.001321438916282,0.0050120854228576,-1.4092730153423711,-0.4223124498996348,-0.2802005330037398,1.4408845161889352,1.071158337439037,0.01999054718919074
Rpl24,0.2360318361834172,0.5443701458566098,0.9769702553219756,-0.0022834079920338,0.0090030613802903,0.0238580231581179,3.311845233587761,3.3320470352537126,0.6780987921092262
Nrip1,0.0060633809942872,0.026229387834857,0.1123511976904639,-0.306088461032274,-0.1874064957924818,-0.0878831908906857,1.3574249888878462,1.1935812858071362,0.08957246729998784
D16Ertd472e,0.00200950485566,0.0060989459312143,0.0141988933882599,-0.4593064381995146,-0.3848024015222815,-0.3123942640533355,1.8805633298572573,1.4431172416487037,0.039761959187916605
Atp5j,0.0606019697120061,0.3123214216762161,0.8852339144732017,-0.1137891093325708,-0.0597732101699202,-0.0025874538158678,1.3076524617676402,1.254292452120185,0.4638619931404157
Son,0.0005905040317511,0.0042647649140305,0.0225760625231335,0.0617291577371512,0.0908046509410388,0.1225737744689714,1.7374875410193529,1.850643052921868,0.03398272994989382
Ezr,0.2425152311672165,0.6998906645027011,1.0,-0.0939679783543793,0.2006878670160067,2.3744961001966023,0.9011524223243804,1.0351796840582692,0.7805316302998715
Psmb1,0.0463865932813986,0.5443701458566098,0.9769702553219756,-0.0616048559231569,-0.0190140365613241,0.0301570734430234,1.4283180934321051,1.4089061089817485,0.6780987921092262
Srrm2,3.6584553538971e-05,0.0001557958930878,0.000733444578956,0.0986516015616386,0.1321523324086319,0.1632994862202693,1.7034349024755275,1.8660366354143465,0.014860257861949439
Elob,0.068964333339054,0.2602362026171888,0.623604884395689,-0.0927577101734106,-0.0579901925793635,-0.0171741755419683,1.659416459573745,1.5936335615342787,0.4095253094477392
Atp6v0c,0.1057351360118701,0.488327760174263,0.9769702553219756,-0.0193616602098842,0.0430777536713609,0.1165699953699244,1.1868996886113887,1.2215841300286587,0.623767266176794
Rps2,0.1409552191443714,0.4704864220587896,0.8852339144732017,-0.0064772617237149,0.0133612736706721,0.0315037602843236,2.9531587247558577,2.980628619930454,0.6040516211598782
Ube2i,0.2361761964463954,0.7073932817199946,1.0,-0.1178614724697812,-0.0077551322596878,0.0852432897786364,1.1585771402191862,1.1548218719718748,0.7805316302998715
Atp6v0e,0.2598214307362101,0.7507008168018219,1.0,-0.0361033335092299,0.0197769811646275,0.0784967060891994,1.1847320059718838,1.201389535783885,0.7935107490794456
Rps10,0.026229387834857,0.0885337720142295,0.2365840933218761,0.0119521882043718,0.0209189919184382,0.0295497679624058,3.825059551194879,3.8818997471385175,0.1923980673209663
Rpl10a,0.026229387834857,0.1123511976904639,0.3123214216762161,0.0161107699212251,0.0328885496628868,0.0490528244319938,2.992199408260726,3.0618066050077424,0.2274205695186003
Srsf3,0.0042647649140305,0.0404041195882236,0.2365840933218761,-0.1291936585386861,-0.0711882549816702,-0.0221304027749944,1.5293182643230587,1.4550083723274474,0.11394869681622609
Pim1,0.0072599549881905,0.078252228526237,0.3708443333042212,-0.1659598795253648,-0.0994861337890495,-0.0274931883984151,1.5607716434209162,1.4583447660710274,0.18019549871638063
Rps28,0.0885337720142295,0.1409552191443714,0.2144938077835174,0.0221027988749309,0.0376459737767911,0.0542609681709403,3.521905440844902,3.614975225499775,0.26207229633509055
Rps18,0.0013477473616173,0.0060989459312143,0.0193733193315928,0.0285891897772654,0.0399890677606492,0.0501168394944386,3.682364882718257,3.784822590011804,0.039761959187916605
H2-K1,0.0101931049911082,0.0404041195882236,0.1123511976904639,-0.0648780257486749,-0.0477892079028517,-0.0325069099801565,3.3482851575820787,3.2411235772458147,0.11394869681622609
Psmb8,0.0404041195882236,0.2854763088518824,0.8852339144732017,-0.0943597994418905,-0.0384547333829423,0.0207500389728437,1.3236147455453224,1.2891826107820938,0.4342700213443787
Clic1,0.2144938077835174,0.5833604667027033,0.9769702553219756,-0.0789969277152426,-0.0331384692055434,0.020429975226204,1.4659575971630212,1.43192896321858,0.7022708735845492
Ltb,0.0007909715105148,0.0035210646069592,0.0240345191469013,0.1442259176415634,0.2305481521676963,0.3440082806457739,1.2023250738596336,1.4094561716099236,0.03300035175419587
H2-D1,0.0120228254076174,0.0303828219765775,0.078252228526237,-0.0925517253152506,-0.0702217301659278,-0.0460218563169348,3.1347400341504787,2.9839938425864627,0.0971476218614134
H2-Q7,0.0016520394562341,0.0072599549881905,0.0263332236883999,-0.1843501784711715,-0.1434175021887151,-0.1022586956006119,2.221450281157985,2.012071897587579,0.04189077475944403
Gm42418,0.2854763088518824,0.5833604667027033,0.9769702553219756,-0.016255594501392,-0.0049883567936149,0.0073782876662169,3.6467735386097866,3.634149556981048,0.7022708735845492
AY036118,0.0302789861230344,0.1748533068932927,0.5833604667027033,-0.0697801010604292,-0.042921937413957,-0.0147627390719913,2.155242214653941,2.092002037697325,0.3090716903536371
Hsp90ab1,0.0530979572855834,0.2365840933218761,0.7074539677020747,-0.0007545481834925,0.0207751245898518,0.0455937270122557,2.6466251819231323,2.684849857850101,0.384353446108679
Tomm6,0.0022237869838607,0.0455165097205517,0.3532011821370878,-30.078466217808383,-1.1870112515759814,-0.0648342037174822,1.104614994294665,0.484046683729741,0.12764965295931258
Satb1,0.00200950485566,0.0141379694559114,0.078252228526237,0.0821907700455504,0.150780851270875,0.2335171072670035,1.3976522383963226,1.5503688377636289,0.05865504683361589
Rpl36,0.0303828219765775,0.126022121770373,0.3708443333042212,0.0095049328295242,0.0231058682445571,0.0354094283810168,3.356255489596496,3.410660703967625,0.24809060834795
Myl12b,0.1748533068932927,0.5443701458566098,0.9769702553219756,-0.061951177951304,-0.0208778588427975,0.0219719680962575,1.9706502737799776,1.943441141025175,0.6780987921092262
Myl12a,0.0005920421458944,0.0042647649140305,0.0350891160940478,-0.1839088153269139,-0.1319506912778552,-0.0816000445690505,1.5280232238972724,1.3953225736267512,0.03398272994989382
Smchd1,0.0995825160144481,0.3863729644612357,0.9086184913997888,0.0367071929758729,0.155197108617325,0.3249591249141861,1.080839501303825,1.2035114520383,0.5417855535182691
Srsf7,0.0013539414430926,0.0120228254076174,0.1001892476422938,-0.162758949868203,-0.1146752672754011,-0.0636517214377375,1.604819640680501,1.4820410161627136,0.05437349869030572
Cox7a2l,0.068964333339054,0.4025038237820035,0.9309874465595672,-0.0204537493120594,0.0246516192433362,0.0751521859756178,1.434182966510525,1.4576403822172923,0.5475797277467906
Calm2,0.0101931049911082,0.068964333339054,0.3123214216762161,-0.1264713444241933,-0.0684396931600074,-0.015754122287764,1.7268493958605888,1.64882617097057,0.16805871522429663
Crem,0.002436734808989,0.0120228254076174,0.0530979572855834,-0.2730622499627304,-0.2169387962502078,-0.1608839284070516,1.7628374803482263,1.5170414485597488,0.05437349869030572
Zeb1,0.0051076647342223,0.0303828219765775,0.1572127533400038,0.0959848279275396,0.1875719247746465,0.3107518806924523,1.1998938709470126,1.367305820389935,0.0971476218614134
Rock1,0.0463865932813986,0.3122162056373485,0.8398599725400034,0.0024816065338544,0.0741492574918499,0.1501506137801058,1.2290639441558513,1.2937922195609302,0.4638619931404157
Paip2,0.0350891160940478,0.2602362026171888,0.7950121719642381,-0.0161872384513742,0.0211755598204,0.0637824726894035,1.4357743003394112,1.4562404843426875,0.4095253094477392
Ndufa2,0.0101926944101193,0.0995825160144481,0.4704864220587896,-0.1593570548563007,-0.0797458553634553,-0.0130007494959586,1.2231938083339062,1.1589002276485274,0.21066578231164107
Ndfip1,0.0120228254076174,0.0530979572855834,0.1939308522824107,-0.1226748756063725,-0.082598103878526,-0.0376112375718111,2.032446861038528,1.9189685752352224,0.1388290341529316
Nr3c1,0.0011061781840807,0.0101931049911082,0.0530979572855834,-0.2637936383137801,-0.1863229538286041,-0.1171245192113604,1.5213836844950674,1.3374187656599288,0.049201333707079964
Tnfaip8,0.0008816224678674,0.0033302397504605,0.0217936524898633,0.40107752246579,2.234481894787417,30.274052721259373,0.2739550262408375,1.2577769375118275,0.03300035175419587
Rps14,0.0003080447056277,0.002436734808989,0.0165749267498532,0.0155525358828629,0.0239933031750303,0.0318303523003068,3.9078643426110937,3.973247035671231,0.02718313053583284
Csnk1a1,0.0141379694559114,0.126022121770373,0.5067205148778584,0.0262359831007651,0.0849281287873216,0.1338533900808069,1.2986162138271875,1.3779585760949025,0.24809060834795
Sec11c,0.0871481283778434,0.3649409704960866,0.8614612978500219,-1.4716286433256645,-0.1965349561297927,0.0050873701574519,1.118999631093015,0.9755906758327296,0.5229321778615703
Mbd2,0.0998774027692641,0.2854763088518824,0.7074539677020747,0.0011877175314579,0.0522626477025292,0.1031822604393454,1.4698037571477789,1.5244462514755162,0.4342700213443787
Rpl17,0.0225760625231335,0.078252228526237,0.2371753960542584,0.0116411827940348,0.0229776598868344,0.0331117629006826,3.821802440941093,3.8830638117509753,0.18019549871638063
Atp5a1,0.2275527623230629,0.7284668438825025,1.0,-0.6608747992755093,0.0041524139741262,0.1637771496541011,1.0608508452629062,1.063178868724245,0.7935107490794456
Cdk2ap2,0.0114315851637162,0.0991400475951481,0.4988414788156193,0.1301368936119678,0.3372521896693046,30.05128789022532,0.908160663572485,1.1505678700627138,0.21066578231164107
Cfl1,0.0004776817289569,0.00200950485566,0.0086155581188204,-0.1740548744139269,-0.1389059860492683,-0.10791948059678,2.1078423134006927,1.9139499254035213,0.023459800873053955
Malat1,0.0780200311465574,0.1939308522824107,0.4033344946882461,0.0048635658086222,0.0162808441115002,0.027018302719806,5.604012741758758,5.666851806329404,0.3311336321284699
Fau,0.4357306600317365,0.8398599725400034,1.0,-0.0096735433210209,0.0001243480085659,0.009495564053769,4.336036033124875,4.336798585923605,0.8415363397506621
Cox8a,0.0072309297617661,0.0606019697120061,0.2608672052730555,-0.066469573807508,-0.0383816236691462,-0.0132098222309965,2.077634516001429,2.023367666141109,0.15135417311157742
Eef1g,0.0060989459312143,0.0606019697120061,0.3407786135629546,0.0223739451928314,0.087812255484486,0.1506553528255578,1.2803475097082586,1.3605484082058863,0.15135417311157742
Fth1,0.0001557958930878,0.0007314819918142,0.0042647649140305,-0.081153786005544,-0.0657026330047888,-0.0485756295768819,3.490182039416684,3.3337862930976865,0.01596538956046645
AW112010,0.0003080447056277,0.0011061781840807,0.0051079054249954,-0.2442086848617634,-0.1951194485635936,-0.1519596804238462,2.0354906113566424,1.7785806088876674,0.018510048280283714
Ms4a4b,0.0210472487996524,0.0846529455780832,0.3174828221416972,-30.15834946584153,-0.434244669121584,-0.1362991897928723,1.1895881068151,0.881983913945671,0.19228859131311207
Ostf1,0.0029456461505329,0.0101931049911082,0.0350891160940478,-0.2013990430354127,-0.1592813525644358,-0.1125418789579008,2.5713920142718525,2.3034767061399064,0.049201333707079964
Atp5md,0.2602362026171888,0.6650055421020291,1.0,-0.0794091024769784,-0.0209420672867773,0.0349513397672187,1.551357522962951,1.530906477907961,0.7666121262404455
Sfr1,0.329362372472238,0.7846978156741442,1.0,-29.316722243193016,0.1611007126355942,29.68735417870645,0.1799562840428145,0.392406373154105,0.8144818578082602
Pdcd4,0.0139289571983948,0.1231334035266301,0.5787442951926187,-2.4141554172091437,-0.2920739966295255,-0.0646568018094813,1.1339085474667074,0.922506260342958,0.24809060834795
Eif3a,0.0165140028175047,0.078252228526237,0.2602362026171888,0.0371850989063082,0.0974644579090747,0.1601013825968941,1.2904596103353287,1.3805796384222702,0.18019549871638063
Rbm3,0.0051079054249954,0.0225760625231335,0.0885337720142295,-0.1189484947939862,-0.0890437558527503,-0.056381031159264,2.1619727023610853,2.0317677048263327,0.0792530306756155
Ndufb11,0.2833732426869957,0.7497778216111932,1.0,-0.1185974579616929,0.0132511116916512,0.1669096873098474,1.0856069791967662,1.0952796734167187,0.7935107490794456
Slc25a5,0.1405748756488792,0.5830326809296239,1.0,-0.1321967442712047,-0.0168045895554168,0.092540671863501,1.1570691300971776,1.1473794432267126,0.7022708735845492
Rpl39,0.126022121770373,0.3407786135629546,0.6650055421020291,-0.0040492321562027,0.0069027070939028,0.018895706328953,3.936267501431966,3.9557171230828674,0.4972990232808233
Ndufa1,0.0140541988017738,0.1121559530912251,0.5426321265279426,-0.2882103174987617,-0.1198781523039621,-0.0234648350405204,1.180083568485759,1.0842530220980362,0.2274205695186003
Ssr4,0.340358371306122,0.7948376738146442,1.0,-0.0572186998897423,0.006829031196447,0.0726437120956446,1.22875262078441,1.2353695631289825,0.8144818578082602
Rpl10,0.1572127533400038,0.4704864220587896,0.9769702553219756,-0.0296961368223706,-0.0146135762709281,0.0020561983923599,3.049572284919461,3.018451657956588,0.6040516211598782
Msn,0.0141379694559114,0.126022121770373,0.5833604667027033,-0.1115454548456665,-0.0582356093432609,-0.004407791451876,1.5183517479532165,1.4589989681825526,0.24809060834795
Il2rg,0.3112396862509699,0.7949903805638618,1.0,-0.0601305112539446,0.0045285533391134,0.0644911486072882,1.214480189318785,1.2194517072545,0.8144818578082602
Rps4x,0.1572127533400038,0.4025038237820035,0.7508318840891169,0.0010145530149071,0.0121642208621165,0.0241761484836229,3.716451388698277,3.747394646683201,0.5475797277467906
Xist,0.078252228526237,0.2365840933218761,0.5443701458566098,0.015331180640602,0.0520954766289754,0.0878915995807965,2.1954079223638088,2.2765057834137576,0.384353446108679
Cox7b,0.0463865932813986,0.2854763088518824,0.8398599725400034,-0.149267473522252,-0.0928418857759771,-0.0293139641285407,1.3665910840425988,1.27949421510226,0.4342700213443787
P2ry10,0.0008058994590044,0.0072536198347433,0.0463865932813986,-0.2465861425770119,-0.1647201296818571,-0.0969483181608442,1.339819427817385,1.196980527417946,0.04189077475944403
Rpl36a,0.0530979572855834,0.1748533068932927,0.4704864220587896,0.0225011091419164,0.0415691315730813,0.0642452406429882,2.6617468621578424,2.7372478217612928,0.3090716903536371
Tmsb4x,0.0005920421458944,0.0011061781840807,0.002436734808989,-0.0764260882162433,-0.0645129367869415,-0.0533301025246794,5.027648185282105,4.806827797139238,0.018510048280283714
mt-Nd1,0.0011061781840807,0.0060989459312143,0.0303828219765775,0.0320217479531381,0.0523233344963007,0.0712459404294686,2.8163673705405814,2.9203626855330174,0.039761959187916605
mt-Nd2,0.002436734808989,0.0072599549881905,0.0193733193315928,0.0575830757326111,0.0782153327168835,0.1018183253847532,2.8866530243716277,3.0466653025202453,0.04189077475944403
mt-Co1,0.0350891160940478,0.1409552191443714,0.4025038237820035,9.912482824695323e-05,0.0087621467185104,0.0189574087405258,4.038112499207052,4.062015309577172,0.26207229633509055
mt-Co2,7.658289467492398e-05,0.0004776817289569,0.0035675031638339,0.01474877538224,0.0207645004999372,0.0268758431214085,4.163445104144746,4.223204014319759,0.014860257861949439
mt-Atp6,0.0001557958930878,0.0005920421458944,0.0042647649140305,0.0156736550359864,0.0223859032040289,0.0301762828773972,4.42915130029199,4.49778431681478,0.014860257861949439
mt-Co3,6.0057602968049e-05,0.0001961614737065,0.0011061781840807,0.0300193072832156,0.0393936678883037,0.0496269776456447,4.080583304168994,4.193303738729529,0.014860257861949439
mt-Nd3,3.6584553538971e-05,0.0001233457544039,0.0007314819918142,0.2141049436083373,0.2803702966807644,0.3422177959100737,1.370886738217595,1.6660693224107774,0.014860257861949439
mt-Nd4l,0.0303828219765775,0.1409552191443714,0.4357306600317365,0.0528693897829189,0.1131669547991778,0.1788923827525128,1.3716566635128489,1.48170705801098,0.26207229633509055
mt-Nd4,0.0072599549881905,0.0165749267498532,0.0404041195882236,0.0625074360269491,0.0832810318820284,0.106527326437319,2.890214993668955,3.064350980464699,0.06500479084708052
mt-Nd5,0.1123511976904639,0.4025038237820035,0.9309874465595672,-0.0090022727807691,0.0345109151655241,0.0758285697582294,1.7152722439585375,1.7581489945890525,0.5475797277467906
mt-Cytb,0.0002462062328227,0.0016520394562341,0.0072599549881905,0.0364050575409437,0.0507583076888725,0.0638784620969479,3.23747605482718,3.3542460850339664,0.021264713000756878
