gene,pval_lower,pval_median,pval_upper,log2fc_lower,log2fc_median,log2fc_upper,median_Salmonella_infTLSwk3_median,median_Salmonella_infTLSwk6_median,FDR_BH
Rpl7,0.0069930069930069,0.1605283605283605,0.8003532133873983,-0.0887967897945717,-0.0364714559133107,0.0059796361091676,3.328100703637659,3.25114199902647,0.5331127034830737
Ptpn18,0.1605283605283605,0.7209013209013208,1.0,-0.1322026360433225,-0.0314526389511017,0.0859800673004372,1.69118953977969,1.657052469132985,0.7756898212898211
Cox5b,0.0353705115545237,0.3282051282051281,0.959129759129759,-0.224945566773659,-0.0660660675154688,0.0609799550817679,1.34806832141898,1.297116100701865,0.6979223674875846
Rpl31,0.0376728826728826,0.2344988344988344,0.8784770784770783,-0.1273429052783708,-0.0624373046660788,0.004578119433196,2.5675473677732104,2.457774830124315,0.6154164534652337
Stat4,0.0206682206682206,0.2786324786324786,0.8804933954933936,-0.0105565448765889,0.1159472633136047,0.2590413144747655,1.4557369069172674,1.5730113546561326,0.6546038144291418
Nab1,0.1687962529391395,0.7011912626598479,1.0,-29.71501069979626,-0.3143698780750155,2.749723790570689,0.6289099708720394,0.4844521396311425,0.7756898212898211
Stk17b,0.0206682206682206,0.1605283605283605,0.5737373737373737,0.0463907791961022,0.1274558105288395,0.19920973236786,1.8782994112687312,2.05368358563465,0.5331127034830737
Sf3b1,0.0006216006216006,0.0379176379176379,0.4433916083916068,0.0466259728010877,0.1482282055183057,0.2800813855595949,1.53083010089597,1.69483183777292,0.3815207781187986
Hspe1,0.056715944432522,0.3169975086812533,0.957810850422856,-1.1784016611472878,-0.1364041607345964,0.0687338789833316,1.307921914063455,1.1971387457393723,0.6979223674875846
Clk1,0.0498834498834498,0.3822843822843822,0.960151515151514,-0.07403187785839,0.093015249886132,0.2451330232771418,1.5077029392751575,1.613294799962155,0.7398165383776893
Sumo1,0.1605283605283605,0.7111541697294341,1.0,-0.0583594857440356,0.0323813615072802,0.1504305814631775,1.30436865445074,1.333422663592945,0.7756898212898211
Cd28,0.0001554001554001,0.0018648018648018,0.0379176379176379,0.1967714829807075,0.3129835137300135,0.4407098608062543,1.535452631641045,1.91047047161494,0.20065268065267367
Ctla4,0.030056881600676,0.3112018520843261,0.95799832386793,-30.19198527921118,-0.3727308958747979,0.2901499765567161,1.1276648769042037,0.8853124288721065,0.6979223674875846
Icos,0.1048951048951048,0.5053613053613053,0.960151515151514,-0.0266113000890067,0.0987880581603255,0.2171743818134852,2.0389142947842203,2.188112331265048,0.7756898212898211
Eef1b2,0.0104118104118104,0.1303807303807303,0.6470671614286911,-0.1068330169685645,-0.0572688705491693,-0.0091222598791068,2.8674782180654628,2.75752882682701,0.48711689545022857
Rpl37a,0.3282051282051281,0.7209013209013208,1.0,-0.0113655372489209,0.006468017601004,0.0267240859789444,4.073815525901296,4.094001596592005,0.7756898212898211
Arpc2,0.2343064835240773,0.7209013209013208,1.0,-0.0485148619887636,-0.0056505529994969,0.04292387309277,2.2858382229883274,2.27726092626419,0.7756898212898211
Ncl,0.2786324786324786,0.7209013209013208,1.0,-0.070029662758926,0.0216648460230349,0.1100816587664434,1.847114354757275,1.87370836457623,0.7756898212898211
Ptma,0.0281274281274281,0.3822843822843822,1.0,-0.0857733970487883,-0.0283326360059545,0.0232591199670688,2.780931269033088,2.728525589713225,0.7398165383776893
Actr3,0.0073620625226393,0.0829836829836829,0.5737373737373737,-0.3812545074512618,-0.236758759448103,-0.101817954166389,1.3764031860972177,1.167670865163125,0.4420318954972416
Nucks1,0.042540179680975,0.4323095522662977,1.0,-30.0016699992758,-1.6475380226336804,0.1842377748201754,0.9854193715703532,0.280183410320323,0.7742339455694504
Snrpe,0.1048951048951048,0.6453768453768453,1.0,-0.1477653835388947,-0.0401784505577816,0.0716870851131451,1.398688303917615,1.357384982368775,0.7756898212898211
Btg2,0.0829836829836829,0.5053613053613053,1.0,-0.0443962974180978,0.1741403589511047,0.3455834127823368,1.229276025718425,1.38870987244417,0.7756898212898211
Ptprc,0.0003108003108003,0.0029526029526029,0.0206682206682206,0.1035661435329216,0.1477581711712895,0.1838781640931253,2.9624849871109675,3.2857887109059924,0.2647500647500601
Tpr,0.0134408033545495,0.1048951048951048,0.5070707070707055,-0.287748328018134,-0.1586991854121657,-0.0413369996006962,1.7788514731253875,1.592535003491525,0.4625702166685769
Arpc5,0.0033731866908446,0.0485974356945255,0.4313419524116315,-30.34210274258226,-0.6414786122633855,-0.0698749670251145,1.2955642391583613,0.8512877404800134,0.3946661181955293
Gas5,0.1948717948717948,0.7209013209013208,1.0,-0.1696717725611211,-0.0112888249655218,0.1377658514298238,1.485893008204285,1.47341025285821,0.7756898212898211
Prdx6,0.0649572649572649,0.2786324786324786,0.8784770784770783,-0.3149046078848115,-0.1455052206429271,0.045320898504925,1.3951299963246802,1.25114867573021,0.6546038144291418
Prrc2c,0.0147630147630147,0.2344988344988344,0.959129759129759,0.0029443042297995,0.0821599876988392,0.177679848945444,1.9373746804745824,2.048871278617915,0.6154164534652337
Slamf6,0.1604138863551888,0.6339972307873878,1.0,-0.045108959573807,0.10698628800239,0.4918435490473658,1.2648066358756949,1.3588459734232123,0.7756898212898211
Hnrnpu,0.0069519576779363,0.1948717948717948,0.959129759129759,-0.0181527978746011,0.1511695822436584,0.3604266849112113,1.3097536346760987,1.45150884009902,0.5857040538604782
H3f3a,0.0498834498834498,0.5737373737373737,1.0,-0.0585566855385281,-0.0130027903626346,0.0303805673472046,2.502420237951875,2.4810039209165824,0.7756898212898211
Srp9,0.0354146352874263,0.3593635170698864,1.0,-30.021053584476785,-1.270567238128986,0.1962130739371511,1.0262957632804004,0.378648164026596,0.7398165383776893
Fam107b,0.3648813140419181,0.7898534698691263,1.0,-1.0971433523126777,0.0094251310796783,0.2163364694039286,1.15151060254633,1.167570883376,0.8044268673482156
Celf2,0.0046620046620046,0.1605283605283605,0.8784770784770783,0.0020278936148124,0.1627290496051314,0.3274972887125119,1.388854329819475,1.5606247120916223,0.5331127034830737
Atp5c1,0.0424886615917809,0.2202347585707377,0.7898534698691263,-30.1966942180942,-1.225879599312734,0.024918719993741,1.1752993254855613,0.4998787656378865,0.6154164534652337
Rpl7a,0.0206682206682206,0.3282051282051281,0.8804933954933936,-0.1420408268449734,-0.0687411821320088,-0.0080260777812717,2.454353877458733,2.34284210513181,0.6979223674875846
Set,0.0829836829836829,0.6362542681663956,1.0,-0.1958554182676043,0.0283777323588798,0.3484112113372091,1.2163575051731024,1.241368213218665,0.7756898212898211
Rpl12,0.0829836829836829,0.3822843822843822,0.959129759129759,0.0034301073871112,0.038103437017948,0.0693378069188743,3.9527276690088224,4.06448862406603,0.7398165383776893
Hspa5,0.1605283605283605,0.7209013209013208,1.0,-0.1193324012955297,0.0037559445107482,0.1598529261581905,1.8554197213095736,1.85886504478016,0.7756898212898211
Traf1,0.0288478471059736,0.2900470430093371,0.959129759129759,-1.441771792322616,-0.1648067534662444,0.133185445767485,1.1916451183630423,1.0927067597574949,0.6726090911164799
Rpl35,0.0649572649572649,0.3282051282051281,0.7984459984459983,-0.1476294541820314,-0.0954796916333016,-0.0445379364516566,2.7737934143481624,2.6031820711520326,0.6979223674875846
Cytip,0.0006216006216006,0.0104118104118104,0.0829836829836829,-0.4799853662616501,-0.3720127749386008,-0.2410541310818187,2.0964826381577124,1.615414235215765,0.30548084394238106
Ppig,0.024610569200446,0.2202347585707377,0.8293276535635627,-30.251883983703397,-1.004975743105342,0.1840316537793291,1.1506791317376526,0.56209229163947,0.6154164534652337
Ssb,0.0133130027638166,0.1235871323724041,0.5737373737373737,-1.214668246217887,-0.1984718927202065,0.0274289413598961,1.338117217271475,1.166875393998955,0.48711689545022857
Atp5g3,0.0133130027638166,0.187959068257727,0.95799832386793,-1.3646876993801436,-0.1586988634336082,0.0428077172745834,1.18402453302347,1.062940132388571,0.5857040538604782
Hnrnpa3,0.0498834498834498,0.3282051282051281,0.959129759129759,-0.0562881112688851,0.0772098813556123,0.1847037549150017,1.511890045256295,1.5961900687182475,0.6979223674875846
Nop10,0.1705220617263874,0.7058654396235203,1.0,-30.01414387749881,-0.9277870742288206,0.2226224143935351,1.0151008386342983,0.53524534994886,0.7756898212898211
Srp14,0.0053485092573125,0.1016558735526014,0.5623719669710694,-1.1514073338095234,-0.1769795995072437,-0.0059408777381989,1.3258127093460952,1.17853801905695,0.4625702166685769
Serf2,0.0498834498834498,0.2786324786324786,0.6453768453768453,-0.1605383836423095,-0.1162726810915914,-0.0747229499978936,2.414298622477628,2.229639467411495,0.6546038144291418
B2m,0.1048951048951048,0.5737373737373737,1.0,-0.0395068553446754,-0.0149557135937213,0.0137173647081563,3.401614339541105,3.36500035616776,0.7756898212898211
Eif2s2,0.0518570202911714,0.4418026418026417,1.0,-0.2293238461411018,-0.0732126618937613,0.0749370216599695,1.2582545746077989,1.1978352976116424,0.7742339455694504
Rbm39,0.1948717948717948,0.6453768453768453,1.0,-0.0169179699911561,0.0452707013799546,0.1129135246581775,2.165090433232129,2.2343075289714625,0.7756898212898211
Scand1,0.0325306307291984,0.2619562016970459,0.8715033902986823,-30.21932865724069,-14.724955731611695,0.0051990654073803,1.0844501446191526,0.1760054560085247,0.6546038144291418
Top1,0.0498834498834498,0.2786324786324786,0.959129759129759,0.0030989971443913,0.1683609449446525,0.3121121919737019,1.3553072965619426,1.529443040686563,0.6546038144291418
Stk4,0.0046620046620046,0.0649572649572649,0.5053613053613053,0.0491371657566672,0.160541831509876,0.3334027972916451,1.4529895301474114,1.61742875709552,0.4270473148618619
Gnas,0.1048951048951048,0.4418026418026417,0.959129759129759,-0.1709928141521041,-0.0815153751928065,0.0041088401422291,1.572824582791521,1.4886138543590124,0.7742339455694504
Atp5e,0.0147630147630147,0.1605283605283605,0.6453768453768453,-0.1833948939035317,-0.1199092637253007,-0.0484239377928342,2.0514530613773,1.885434201122525,0.5331127034830737
Psma7,0.0308276094320916,0.169000047821659,0.7123816042098661,-1.365785130467081,-0.2370094334902343,0.0124153823567362,1.2966624283479924,1.102497852430595,0.5544025959027594
Rps21,0.5037723387723388,0.8784770784770783,1.0,-0.0350950549285511,-0.0007151581198668,0.0305777531956489,3.857242093382768,3.858193491958645,0.8784770784770783
Rpl22l1,0.0206682206682206,0.1948717948717948,0.7228399378399359,0.0163292960880078,0.0600749370981152,0.1117154365132473,2.61127928836762,2.7198277743457,0.5857040538604782
Sec62,0.3404141987186221,0.7922976624962125,1.0,-0.8332581201499416,0.0641362273093946,0.2709841135387869,1.13327987522911,1.191266111852925,0.8044268673482156
Mbnl1,0.0029526029526029,0.0829836829836829,0.6453768453768453,0.0153325966795757,0.0933008123013579,0.1439780251503922,2.2583892373179224,2.41497536363026,0.4420318954972416
Pdcd10,0.0325306307291984,0.2976405854092169,0.955270926520046,-30.047591190380317,-15.232003821323447,-0.2440164377774998,0.9863935765677588,0.160491305482293,0.6785196396193165
Rps3a1,0.2775291375291375,0.7984459984459983,1.0,-0.0434864976812241,0.0079723029503418,0.0360328782649284,3.405936250453175,3.427584297915465,0.8044268673482156
Tpm3,0.0206682206682206,0.1275273133578452,0.4935627897033893,-0.360129741804459,-0.208003814292898,-0.0733346791778763,1.4849341899893211,1.2937683293604023,0.48711689545022857
Rps27,0.1303807303807303,0.4418026418026417,0.8784770784770783,-0.0218529670556535,0.0262306820515356,0.0700639370674357,4.294372674028023,4.366606734166172,0.7742339455694504
S100a11,0.0206682206682206,0.1948717948717948,0.7209013209013208,-0.2952500842815115,-0.17876680622976,-0.0608088499906338,1.85701255896036,1.6363730048531502,0.5857040538604782
S100a10,0.0047054670733129,0.0129063396350218,0.0518570202911714,-30.851387610084444,-1.1990713425716368,-0.5602301420187109,1.850114473412184,0.8142450874938515,0.30548084394238106
Mcl1,0.1948717948717948,0.7209013209013208,1.0,-0.1224862609165591,-0.0222327071580366,0.0804806516439053,1.474602712110625,1.44822313846819,0.7756898212898211
Cd2,0.1048951048951048,0.6453768453768453,1.0,-0.0634718110157892,0.0396441534322369,0.2088900470663413,1.822461711526468,1.87173168387593,0.7756898212898211
Csde1,0.044406322145509,0.4418026418026417,1.0,-0.0464299349766991,0.1791888350158751,0.6659866919436017,1.1446572280891538,1.3008246525546476,0.7742339455694504
Ptpn22,0.0147630147630147,0.2344988344988344,0.959129759129759,0.001289027514789,0.1356010116125206,0.241448547371793,1.5698325588988429,1.7296512261359451,0.6154164534652337
Rap1a,0.0498834498834498,0.4418026418026417,1.0,0.0156697827969085,0.1510683468443148,0.2948374064042857,1.3992183465743802,1.55578337348025,0.7742339455694504
Atp5f1,0.0095379523581334,0.1550343725091923,0.8743693658364476,-2.579219860975932,-0.1867078275938032,-0.0017827483568916,1.2429400674045674,1.0852624745603552,0.5331127034830737
Cd53,0.0069930069930069,0.1303807303807303,0.5755283605283589,0.0332345335587084,0.1235056204267741,0.2079559654444906,1.6674430205818775,1.8205734569436,0.48711689545022857
Rpl34,0.0649572649572649,0.3282051282051281,0.959129759129759,-0.045223310087723,-0.0214486138074462,-0.002317354286408,3.862868763731915,3.80772002470592,0.6979223674875846
Ube2d3,0.1948717948717948,0.7209013209013208,1.0,-0.0749704451458719,0.0096630359189457,0.1329329356921308,1.8350962330647336,1.8451649514861423,0.7756898212898211
H2afz,0.0829836829836829,0.412043512043512,0.959129759129759,-0.01627665856105,0.0686964968617541,0.134259359721593,2.4975230420699064,2.62081763620572,0.7742339455694504
Sh3glb1,0.0513398264234592,0.4239989896164244,1.0,-1.543847125361453,-0.2102394616052778,0.1248264440130992,1.1073328104545097,0.965996674461554,0.7742339455694504
Gng5,0.2786324786324786,0.7209013209013208,1.0,-0.0923560754897274,0.008067583832234,0.0829530172979841,1.8518496066102823,1.8649453865304149,0.7756898212898211
Srsf11,0.1146659128588798,0.6453768453768453,1.0,-0.2418603250278181,-0.0207322041766008,0.2398561055170525,1.224383257720465,1.206640812454965,0.7756898212898211
Rps20,0.2344988344988344,0.7209013209013208,1.0,-0.0383183072746372,-0.0146741080190327,0.0283046957997229,4.063850718750272,4.015521342363259,0.7756898212898211
Rab2a,0.0496329132677271,0.3514015705829848,0.9563151474800834,-29.981051351590875,-1.1996656598674007,0.542281865749017,0.9610127259277566,0.41927814124563,0.7398165383776893
Pnrc1,0.0006216006216006,0.0379176379176379,0.4418026418026417,0.0278616829737683,0.1144585742538253,0.209432352752451,1.7691470017512674,1.90929970617008,0.3815207781187986
Dnaja1,0.1048951048951048,0.4418026418026417,0.959129759129759,-0.036493887277689,0.0497959036863088,0.1358128629948196,1.558420238440585,1.60818448283841,0.7742339455694504
Tln1,0.1826944712149479,0.5967990595834041,1.0,-1.5469988699833968,-0.1095359712436639,0.2102150182358347,1.0755230379026626,1.005057773962605,0.7756898212898211
Anp32b,0.2236234260763643,0.672143970444527,1.0,-1.650342060811125,-0.2519923935198273,0.2374211720453443,1.15168655375476,0.965259396854979,0.7756898212898211
Sec61b,0.0147630147630147,0.1033079701313654,0.3282051282051281,-0.3227529819125799,-0.2017975838635403,-0.1099419613999338,1.4660963068796424,1.28240727780314,0.4625702166685769
Txn1,0.1948717948717948,0.7209013209013208,1.0,-0.1395639134560716,0.0056098062221184,0.1643964176606155,1.2687034697981212,1.2752209269646149,0.7756898212898211
Ptbp3,0.0513398264234592,0.4503513435848739,1.0,-0.8149085125228872,0.2106693898647633,1.0509165099462423,1.015606508186064,1.1795780278185977,0.7756898212898211
Atp6v1g1,0.0720770195258305,0.4935627897033893,1.0,-0.7636677161862149,0.2917730910355619,1.5182317564101175,0.9153905959399928,1.1612593665195852,0.7756898212898211
Tnfsf8,0.0649572649572649,0.4418026418026417,1.0,-0.0135841343975749,0.1184527678812468,0.2058080425713347,2.0198628189694725,2.206583574423065,0.7742339455694504
Rps6,0.0206682206682206,0.1303807303807303,0.5053613053613053,-0.0942993994051759,-0.0536827765329123,-0.0162969281116531,3.2658856598072523,3.14144778347612,0.48711689545022857
Jak1,0.0046620046620046,0.0649572649572649,0.5053613053613053,0.0535675114915895,0.1399924205437534,0.2760026231742852,1.382404793067756,1.5168069790687624,0.4270473148618619
Mier1,0.1149164463964125,0.6741981971505068,1.0,-0.1676031879486872,0.0579755947104899,0.3387416577491073,1.21975872978482,1.270425933980745,0.7756898212898211
Tut4,0.0649572649572649,0.3822843822843822,0.959129759129759,-0.0115983140315311,0.10177123554465,0.1999124280356083,1.495379805470901,1.60599889799817,0.7398165383776893
Uqcrh,0.0006216006216006,0.0069930069930069,0.1303807303807303,-0.2127207338288259,-0.133110063814731,-0.0597814620509826,2.2720475531704776,2.080426851905885,0.30548084394238106
Prdx1,0.0172872158825007,0.187959068257727,0.8345378388321095,-30.238852782132028,-0.3639951434454418,0.1104729525329793,1.221606738044125,0.9562879225722783,0.5857040538604782
Rps8,0.0069930069930069,0.2786324786324786,0.959129759129759,-0.046929062901468,-0.0254458560778908,0.0112514159618354,4.063416883454162,3.993154553102725,0.6546038144291418
Ybx1,0.0379176379176379,0.3822843822843822,0.959129759129759,-0.1778019511564471,-0.0648587026704082,0.0458426250599459,1.87372331710081,1.796749845866215,0.7398165383776893
Sfpq,0.0096538748156927,0.1057722078507525,0.6314395816467896,-30.085678418811067,-1.646079457501014,-0.0832922797966062,1.035997395061144,0.3466235977811395,0.4626459172658931
Lck,0.1303807303807303,0.6453768453768453,1.0,-0.1028955768515636,0.0205364866546457,0.1512416914898033,1.4707530687986012,1.487324265482415,0.7756898212898211
Khdrbs1,0.2344988344988344,0.6453768453768453,1.0,-0.1372579361288081,0.0235314110838804,0.1636325139078406,1.3330599083840775,1.355349174984715,0.7756898212898211
Ptp4a2,0.1043473193473193,0.6453768453768453,1.0,-0.0690193802735855,0.0207614666345878,0.115165229382645,2.010517211807048,2.03898871573574,0.7756898212898211
Laptm5,0.0104118104118104,0.1303807303807303,0.7209013209013208,-0.2140903276206504,-0.1320490282713228,-0.0390349227782978,2.061712848550235,1.8760366346889497,0.48711689545022857
Dnajc8,0.0163913508162683,0.2900470430093371,1.0,-30.09162760840096,-1.0317879053832129,0.0937281039001025,1.0817320045614525,0.52939569144135,0.6726090911164799
Zdhhc18,0.0550394824230302,0.3648813140419181,1.0,-30.08267915946489,-1.4342584491622592,0.6368796731036838,0.926110869952535,0.3668373159615835,0.7398165383776893
Cd52,0.0001554001554001,0.0006216006216006,0.0104118104118104,-0.3532187183489712,-0.2793426130122166,-0.2081370239366516,2.8014477628521925,2.310609146586355,0.1672105672105614
Sh3bgrl3,0.0001554001554001,0.0018648018648018,0.0147630147630147,-0.4889459179118852,-0.370768497713686,-0.2555458270433706,1.822932279317685,1.410660590298685,0.20065268065267367
Tmem50a,0.1311305028696508,0.6217687412649331,1.0,-29.937037241316755,-0.8182129758978568,28.651155032834467,0.7586917702733952,0.421263239782853,0.7756898212898211
Rsrp1,0.1303807303807303,0.3822843822843822,0.7984459984459983,-0.2882169225905063,-0.1903829014641428,-0.0787051789091654,1.64651405602583,1.4420627012517149,0.7398165383776893
Syf2,0.0640434571260127,0.4295368450634365,1.0,-0.6204162187361458,0.1657270074114074,0.5592739264041778,1.0041964651449709,1.13369323525493,0.7742339455694504
Srrm1,0.0658596267079394,0.5737373737373737,1.0,-0.1127211919450525,0.0928847965234578,0.3744609005148686,1.17502845416454,1.26040537351638,0.7756898212898211
Rpl11,0.0046620046620046,0.0281274281274281,0.1303807303807303,-0.0821078618076835,-0.0626458758212157,-0.0442148599351112,3.753433067760355,3.5949919933708347,0.3439217348308254
Cdc42,0.1048951048951048,0.461920478323797,1.0,-0.1900265332889676,-0.0812502086178462,0.0308396888372491,1.67958558738143,1.594449752217065,0.7756898212898211
Park7,0.2172187573017174,0.7090730856847203,1.0,-29.71412434144069,-0.1393545702571209,1.836222478406136,0.8294098383841275,0.56209229163947,0.7756898212898211
Rpl22,0.0006216006216006,0.0281274281274281,0.3282051282051281,-0.0868281945098577,-0.0576786490290704,-0.0306925350226471,3.2447122428021338,3.11983024174879,0.3439217348308254
Tnfrsf4,0.3282051282051281,0.792746526993248,1.0,-0.169100226282953,0.0103579560163875,0.1861340146671188,1.51169880832192,1.5153024684982723,0.8044268673482156
Sri,0.0343416738180014,0.2257768083327037,0.8744592481051268,-1.401001818617103,-0.1690473859376254,0.0581733645742472,1.3160009448581174,1.1716007677022051,0.6154164534652337
Rsbn1l,0.1953434107604242,0.7011912626598479,1.0,-29.97711411889922,-0.650742008425423,28.84199348927896,0.8473505097934078,0.481028894290162,0.7756898212898211
Kmt2e,0.0104118104118104,0.2344988344988344,0.959129759129759,-0.0129048363053064,0.1073330020539994,0.2190568272806171,1.3764444165254224,1.4841399205857275,0.6154164534652337
Tomm7,0.187959068257727,0.5737373737373737,1.0,-0.1970271285305764,-0.0407107695874845,0.1359765683765297,1.3787744795657138,1.341778414218795,0.7756898212898211
Dnajb6,0.1048951048951048,0.5737373737373737,1.0,-0.2049651122938431,-0.0862864987518252,0.0552065429038495,1.4566404192086475,1.372837612774185,0.7756898212898211
Ost4,0.2257768083327037,0.7111541697294341,1.0,-0.2792244168317246,-0.0141611005501279,0.2064240264804527,1.195115642984935,1.1835497300056952,0.7756898212898211
Mrpl33,0.0550394824230302,0.4109392401761573,0.956284952863831,-30.07915132689065,-1.1329317387753683,0.0415241795665416,1.06462180543031,0.4844521396311425,0.7742339455694504
Arap2,0.1889129885093625,0.7209013209013208,1.0,-0.1044953242953115,0.0580931920338782,0.2635170414095645,1.3458109153963824,1.3998345981015952,0.7756898212898211
Rpl9,0.0498834498834498,0.5737373737373737,1.0,-0.0319938092342376,-0.0079083858141101,0.018769095181254,3.70095858045008,3.679744231028085,0.7756898212898211
Rhoh,0.0424886615917809,0.2619562016970459,0.9141283452014198,-0.0794533746921619,2.0491113455649312,30.055842454906117,0.237434979321527,1.026808706047912,0.6546038144291418
Ythdc1,0.1825692954120889,0.7058654396235203,1.0,-29.90923080250402,-0.6952647538878605,2.629114883875973,0.8368065784336509,0.501076011240275,0.7756898212898211
Hnrnpd,0.1550343725091923,0.7111541697294341,1.0,-0.4603532459193801,0.0479602434338642,0.3372596954332946,1.099719782636535,1.1393074518587176,0.7756898212898211
Hnrnpdl,0.1501208222419232,0.5576726074341468,1.0,-0.0133012739447301,0.4418496171471717,1.49006628980587,0.8061047865960576,1.122997462283445,0.7756898212898211
Rpl5,0.0829836829836829,0.5737373737373737,1.0,-0.0395894817677963,-0.0142499015594205,0.0178708429191416,3.125623182523275,3.090288905800365,0.7756898212898211
Rplp0,0.0147630147630147,0.1048951048951048,0.4418026418026417,-0.0763495187224118,-0.0464778519646134,-0.020298907796004,3.5579773282625453,3.44652677196604,0.4625702166685769
Rpl6,0.001087801087801,0.0147630147630147,0.1303807303807303,-0.0961607587282908,-0.0637611720024714,-0.0337839109847325,3.438226521014612,3.2923244353957504,0.30548084394238106
Ppp1cc,0.0090090961446315,0.0984722781285988,0.3593635170698864,-30.208258685132066,-1.4993265878605049,-0.2126800875147932,1.0790477743437967,0.376495882989601,0.4625702166685769
Arpc3,0.1605283605283605,0.5053613053613053,0.959129759129759,-0.184860025447396,-0.0992967510740075,0.0002934532349348,1.8151901394175076,1.694589904760715,0.7756898212898211
Orai1,0.0590476624124287,0.2247435616597343,0.8693781812977219,0.0133032093462223,0.834360126070733,30.09458612373856,0.6416798122821559,1.149126351933305,0.6154164534652337
Rsrc2,0.0567389362798848,0.4239989896164244,1.0,-30.172696983382277,-0.2871621122886848,0.1250632871596964,1.161155888920185,0.958255145523748,0.7742339455694504
Vps37b,0.0785934912071024,0.483357294887874,1.0,-30.18733277153292,-0.9904476520574788,0.2361470288090425,1.1224620587960052,0.5593781852517775,0.7756898212898211
Tmed2,0.0053510343901815,0.0658827641887259,0.6355252498707458,-30.13865326680558,-0.3044108605481613,-0.0035913916098054,1.1707056974621826,0.9566641633465462,0.4270473148618619
Chchd2,0.0018648018648018,0.0379176379176379,0.2344988344988344,-0.181362682098487,-0.1210049712144351,-0.062369942659742,1.9643064837651951,1.8063239461786,0.3815207781187986
Fis1,0.1388637976716842,0.5606272147226752,1.0,-30.032026724515152,-0.7346686050173212,0.5183365351638208,0.9381945352018752,0.55111264971149,0.7756898212898211
Tsc22d4,0.1446069299211384,0.6217687412649331,1.0,-28.858769112310064,0.9750909423992644,30.009808324646723,0.4107800324988422,0.8459956112063033,0.7756898212898211
Actb,0.0046620046620046,0.0379176379176379,0.1303807303807303,-0.1372632436296672,-0.0877969345051132,-0.0506302552880998,3.5534859340318827,3.343529839401515,0.3815207781187986
Rac1,0.0829836829836829,0.6362542681663956,1.0,-0.2144968266362457,0.0368584530535641,0.2008157425736232,1.16999552908703,1.20484898544885,0.7756898212898211
Arpc1b,0.0029526029526029,0.0829836829836829,0.6453768453768453,-0.2213163894968271,-0.1306040130015506,-0.0388132124765569,1.7984709065357674,1.6412853359687452,0.4420318954972416
Atp5j2,0.065877786798536,0.3180689668505534,0.8335142129533152,-0.2639397967164581,-0.1267974919276453,-0.0042887157078829,1.467188008279019,1.34630268771331,0.6979223674875846
Rpl21,0.1303807303807303,0.5053613053613053,0.959129759129759,-0.0389872268082573,-0.0203401092853539,-0.0010765854114736,3.5233630947513013,3.4764704561628204,0.7756898212898211
Polr1d,0.0649572649572649,0.5053613053613053,1.0,-0.0862450960311399,0.0877979436031215,0.2359144109438098,1.5062286981663424,1.60475219890265,0.7756898212898211
Hmgb1,0.1605283605283605,0.7209013209013208,1.0,-0.1018922325964285,-0.0028811206153647,0.1028036671590835,1.8383070894068312,1.83264277089152,0.7756898212898211
Sem1,0.1048951048951048,0.6453768453768453,1.0,-0.1263433351661891,-0.0252155693448893,0.095310334547147,1.673148921079755,1.64745676118965,0.7756898212898211
Ndufa4,0.0069930069930069,0.0828964098822239,0.6453768453768453,-0.3147460787595422,-0.1735968033168743,-0.0390979912321976,1.5277371032019524,1.36333787416053,0.4420318954972416
Arf5,0.1303807303807303,0.6453768453768453,1.0,-0.1782654402395619,-0.0284758394435397,0.1584284881106805,1.3319667198273737,1.3078041041579875,0.7756898212898211
Atp6v1f,0.1603910108278813,0.7123816042098661,1.0,-0.2445057747418519,-0.0477278600735356,0.1961113373780406,1.2543092923418775,1.2109218830629,0.7756898212898211
Luc7l2,0.001087801087801,0.0649572649572649,0.5053613053613053,0.0657093539749294,0.2233081403698349,0.3252826430011349,1.3234723447860637,1.55011716589016,0.4270473148618619
Trbc1,0.1826944712149479,0.7090730856847203,1.0,-0.6099178712002725,-0.0400432724315026,1.0008913419386514,1.6462429327621475,1.5843605406386123,0.7756898212898211
Trbc2,0.0018648018648018,0.0379176379176379,0.3282051282051281,0.0289645694316418,0.0888750208053501,0.1688503206946631,2.505381867495745,2.6603321755448404,0.3815207781187986
Gimap4,0.3282051282051281,0.7984459984459983,1.0,-0.107983794455532,0.0044390849820835,0.1375477248401612,1.46517535362037,1.468726102128295,0.8044268673482156
Gimap6,0.0029526029526029,0.0281274281274281,0.1948717948717948,0.0993869287681853,0.1842979977513641,0.3384850184217998,1.9425277214507488,2.213472522583725,0.3439217348308254
Gimap1,0.0018648018648018,0.0404213463806162,0.461920478323797,0.0388567118377377,0.2033238901716111,0.4552093818002038,1.3082657441665877,1.5035746362444526,0.3815207781187986
Gimap3,0.0649572649572649,0.3822843822843822,0.959129759129759,-0.0200058838410811,0.0869523956191594,0.2177982359704133,1.8086161274847663,1.913910470353795,0.7398165383776893
Tra2a,0.0704615426471519,0.3883232289789247,0.956284952863831,-0.6938087102092074,0.841425049843832,30.01110265342363,0.4510957500658366,0.9316803191831688,0.7461353471095052
Hnrnpa2b1,0.0379176379176379,0.3282051282051281,0.8784770784770783,-0.0045046796796873,0.0651268917022501,0.1368035910550435,1.8598069468602936,1.94855123847349,0.6979223674875846
Tax1bp1,0.0498834498834498,0.5737373737373737,1.0,-0.1212772141604514,0.04860186566065,0.2082603593030255,1.46307291118172,1.5147137376447777,0.7756898212898211
Serbp1,0.0829836829836829,0.6453768453768453,1.0,-0.0797167934566622,0.0242210265837345,0.099352186374474,1.947099057425205,1.9849838377576876,0.7756898212898211
Igkc,0.1048951048951048,0.2344988344988344,0.4418026418026417,0.1478222180799203,0.2040574224409259,0.2723254901058776,2.2050044441278978,2.53532330450357,0.6154164534652337
Tgoln1,0.1501208222419232,0.5967990595834041,1.0,-29.700963573549437,-0.094064228645705,0.5873726499368438,0.9095594445138976,0.8819333141782513,0.7756898212898211
Tmsb10,0.1048951048951048,0.5053613053613053,1.0,-0.0575791917830438,-0.0136667125590288,0.0226465729115201,3.311261521408385,3.280710165374465,0.7756898212898211
Snrpg,0.0498834498834498,0.5053613053613053,1.0,-0.1178555481780003,-0.0173874376974934,0.0676581608483127,2.0111250702219574,1.9921708248644896,0.7756898212898211
Cnbp,0.0829836829836829,0.5737373737373737,1.0,-0.0889984854259625,0.047827805827598,0.1751899813341073,1.5248073862270823,1.57660791083926,0.7756898212898211
Rpl32,0.0046620046620046,0.0498834498834498,0.3282051282051281,-0.0713897568557405,-0.0417305836822087,-0.0105814206109764,3.95019008682489,3.835756530877755,0.3946661181955293
Hnrnpf,0.1605283605283605,0.7209013209013208,1.0,-0.0308481753427175,0.0753860131175137,0.1934343824860005,1.66749436950679,1.75493614986373,0.7756898212898211
Wnk1,0.1948717948717948,0.7209013209013208,1.0,-0.1163129356383782,0.0205634259156009,0.1605840236830263,1.604840666287635,1.635505275747393,0.7756898212898211
Cd4,0.3404141987186221,0.7922976624962125,1.0,-0.2938615481305202,-0.0166488359127191,0.1689947255224527,1.13212905584477,1.12145752739879,0.8044268673482156
Gapdh,0.0018648018648018,0.0379176379176379,0.3282051282051281,-0.2224468680633164,-0.1335271303571484,-0.0573944389627106,2.1348232362212625,1.948697001447215,0.3815207781187986
Clec2d,0.0379176379176379,0.2344988344988344,0.8784770784770783,0.0430072513015281,0.2032107233098027,0.3127304211148661,1.3993236193863223,1.6200741174739148,0.6154164534652337
Cdkn1b,0.0379176379176379,0.3282051282051281,0.959129759129759,-0.0185979752052415,0.0999724558462164,0.2228905575494219,1.2346673669817552,1.32190270273145,0.6979223674875846
H2afj,0.0829836829836829,0.534298966252224,1.0,-0.1657449975230085,-0.0357331724758188,0.0910373980702054,1.4219612151546723,1.3852299135200177,0.7756898212898211
Arhgdib,0.0147630147630147,0.1048951048951048,0.3822843822843822,-0.3191995959496466,-0.2038852604938267,-0.0864351705394868,1.821490066191115,1.578158500331035,0.4625702166685769
Aebp2,0.0281274281274281,0.3822843822843822,0.959129759129759,-0.0391766176752668,0.0748175733305868,0.1979418621890984,1.359982306284155,1.428760065693265,0.7398165383776893
Kras,0.0379176379176379,0.1303807303807303,0.4418026418026417,0.046606289956335,0.1743226466387302,0.3333484025177123,1.6681936725494262,1.885170615162905,0.48711689545022857
Rps9,0.0379176379176379,0.1948717948717948,0.6453768453768453,-0.0529867933088704,-0.0233930938360206,0.0037773819070599,3.841225394320675,3.7757548868273942,0.5857040538604782
Rpl28,0.0001554001554001,0.0104118104118104,0.1613869463869456,-0.109628075634352,-0.08378513109754,-0.0488066436532731,3.5602268720228127,3.358945049294385,0.30548084394238106
Rps5,0.0069930069930069,0.0829836829836829,0.5053613053613053,-0.073804984427756,-0.0475374787688927,-0.0139868195852621,3.698680529624515,3.575991089359235,0.4420318954972416
Selenow,0.0029526029526029,0.0649572649572649,0.4418026418026417,-0.2381495359496865,-0.1359929456514679,-0.042400406493451,1.513415518817045,1.37677119605792,0.4270473148618619
Snrpd2,0.2042192702898491,0.7111541697294341,1.0,-1.1085828912136533,-0.0472657272073743,0.4438055495452687,1.1586250855262177,1.12721721660797,0.7756898212898211
Rps19,0.326965811965812,0.7984459984459983,1.0,-0.0344166647533774,0.0018661359037583,0.0364788905874009,3.633525689800052,3.6401917527637626,0.8044268673482156
Rabac1,0.1956677425436415,0.7430135555886839,1.0,-29.772920026433106,-0.798182529956178,28.67935154807184,0.7607675907043105,0.429877852999805,0.7962973962285098
Rps16,0.1048951048951048,0.5737373737373737,1.0,-0.0141594780059873,0.012358278061957,0.0436084134401464,4.075815462203673,4.113205828226205,0.7756898212898211
Gmfg,0.0206682206682206,0.2786324786324786,0.8004467754467735,-0.2136463351581717,-0.1048872410337784,-0.0027771216813759,1.9068300059683,1.7710042810578674,0.6546038144291418
Rinl,0.195356873403271,0.7058654396235203,1.0,-29.925179612170226,-1.083341112152048,0.8686290650501689,0.7429470178100758,0.385169072766065,0.7756898212898211
Eif3k,0.000930972271575,0.0180440947460136,0.1948717948717948,-0.3348229319031703,-0.2091094744885868,-0.0852305410855141,1.48085883751554,1.27955608981998,0.3347490680467351
Hcst,0.1303807303807303,0.6453768453768453,1.0,-0.2217197915418825,-0.0557656868707025,0.1035088844990278,1.537256328138756,1.47350565360508,0.7756898212898211
Cox6b1,0.0404213463806162,0.2786324786324786,0.8784770784770783,-0.2215529051965788,-0.1034426236555698,0.0122912234603799,1.3966624901786735,1.302612411764215,0.6546038144291418
Fxyd5,0.0069930069930069,0.0829836829836829,0.5053613053613053,-0.3239168856340408,-0.1742606340040213,-0.0069801674807644,1.8664553864749676,1.65441897481683,0.4420318954972416
Rps11,0.0029526029526029,0.0281274281274281,0.1605283605283605,-0.0821930168905567,-0.0598010520856947,-0.0372460486156474,3.81009212784625,3.6567356180887423,0.3439217348308254
Rpl13a,0.0206682206682206,0.1605283605283605,0.7209013209013208,-0.0773865130031082,-0.0445391594970917,-0.0013439064500197,3.632642110924319,3.52082974248197,0.5331127034830737
Ftl1,0.1605283605283605,0.6453768453768453,1.0,-0.0224596582211573,0.0378694139904522,0.0891714922462369,2.274243266364095,2.336348525434535,0.7756898212898211
Rpl18,0.0069930069930069,0.116211209126475,0.6453768453768453,-0.0516588310939665,-0.0292252134243645,-0.0070067659742388,3.643835028349585,3.571045079278885,0.48711689545022857
Ldha,0.0180440947460136,0.1275273133578452,0.6362542681663956,-1.9004252027719732,-0.3138275800096828,-0.0055504924991728,1.3382765609699174,1.0863460451823077,0.48711689545022857
Chd2,0.0281274281274281,0.1718517022196694,0.7209013209013208,0.0460969873805801,0.1706316080752976,0.3432698506244588,1.3459356770740225,1.517644817912285,0.5603407017829221
1810026B05Rik,0.187959054083007,0.6945980769823016,1.0,-29.424735362379987,0.2739368966009782,28.855093318210677,0.5575710821290762,0.52939569144135,0.7756898212898211
Akap13,0.0006216006216006,0.0147630147630147,0.2786324786324786,-0.203519204658938,-0.1342031008282323,-0.0595756173200764,2.045072950288134,1.8630522911319447,0.30548084394238106
Iqgap1,0.0183903273346884,0.2444968573844136,0.9157395749897528,-30.09894148305531,-1.120346887713102,0.1087885351065694,1.059909962536365,0.4870029142426155,0.629374685515859
Rps17,0.1048951048951048,0.6453768453768453,1.0,-0.0753028518183507,-0.013263248000691,0.0617934678729853,2.59680882072252,2.571884449412055,0.7756898212898211
Rps3,0.0206682206682206,0.2344988344988344,0.8784770784770783,-0.0527966277874537,-0.0251331753620785,0.0001927662013096,3.504269417270895,3.4424600299226897,0.6154164534652337
Spcs2,0.0016625122099821,0.0177903286236667,0.187959068257727,-30.272747218104453,-1.4052968270924795,-0.1945001079598838,1.23017036185549,0.472982881518934,0.3347490680467351
Ucp2,0.0498834498834498,0.3282051282051281,0.8784770784770783,-0.2214283118548088,-0.077451760017143,0.0371051906810885,1.5221144706532626,1.4410070576110177,0.6979223674875846
Taf10,0.0399796029462569,0.293843814209277,0.8744592481051268,-1.4382342191590407,-0.1905344939172107,0.0492078247979181,1.21658276522348,1.07438749486341,0.6784891504059701
Eif3f,0.0379176379176379,0.1948717948717948,0.8784770784770783,-0.3031238721231701,-0.1656762728288966,-0.0184110802869917,1.8890359466655489,1.6877627728940474,0.5857040538604782
Rpl27a,0.0104118104118104,0.2786324786324786,0.959129759129759,-0.0452045360858776,-0.019796103266417,0.0047674206312109,4.0495774483571445,3.99543037966941,0.6546038144291418
Eif4g2,0.2257768083327037,0.7123816042098661,1.0,-0.4413614616153672,-0.0182129643298798,0.2499044937348219,1.1215611162963777,1.10999109188617,0.7756898212898211
Rps13,0.2344988344988344,0.7984459984459983,1.0,-0.0142099877442513,0.0051737447063358,0.0221270144423707,3.606068731522225,3.617971314559745,0.8044268673482156
Rps15a,0.0206682206682206,0.2344988344988344,0.8784770784770783,-0.0422795143521131,-0.0240658417831349,-0.001138984958079,4.073597763268055,4.005418850911493,0.6154164534652337
Lat,0.0649572649572649,0.5737373737373737,1.0,-0.0679165271261295,0.0404938112495075,0.2133309671666449,1.5310081721939164,1.5763676814422876,0.7756898212898211
Coro1a,0.0104118104118104,0.0829836829836829,0.5053613053613053,-0.3292160576206394,-0.1926872259654504,-0.0447360512328034,1.8299224739576263,1.5962774262487849,0.4420318954972416
Gdpd3,0.2687359373937462,0.7913911161280311,1.0,-0.2854631102917256,-0.052434602532231,0.2166139182988747,1.462169604833251,1.40461581341902,0.8044268673482156
Aldoa,0.187959068257727,0.7123816042098661,1.0,-0.3633736874468156,0.0968461518247905,0.407025902004308,1.0490326621487338,1.1414691824889251,0.7756898212898211
Sept1,0.0069930069930069,0.0829836829836829,0.5737373737373737,-0.3112767622137788,-0.1837363601282894,-0.0414909101681153,1.4994066208060235,1.31958185643092,0.4420318954972416
Fus,0.0003108003108003,0.0135184698402608,0.1303807303807303,0.1441039703109903,0.2432712807017383,0.4182859099129844,1.2276238528776338,1.445880685569045,0.30548084394238106
Rplp2,0.194013209013209,0.6453768453768453,1.0,-0.0182360034274638,0.012986677099874,0.0422530554493136,3.67550273599117,3.7088655087188247,0.7756898212898211
Nsd3,0.0485974356945255,0.3112018520843261,0.9167834040528562,-30.161016584536814,-0.8492545097019956,0.1826097151228007,1.1411561581531324,0.5974620043618475,0.6979223674875846
Leprotl1,0.0652774393287843,0.479722319664544,1.0,-1.545688234525403,-0.1871102069224803,0.1991186932336278,1.07552144049431,0.9644120075090216,0.7756898212898211
Saraf,0.1605283605283605,0.6453768453768453,1.0,-0.1479819335770161,-0.0223661637541133,0.1127009876472059,1.3811601914886211,1.357681552434425,0.7756898212898211
Hmgb2,0.1303807303807303,0.5737373737373737,1.0,-0.0099123247461014,0.0778858254095641,0.1727281920137528,2.0031862196766577,2.10694692123022,0.7756898212898211
Ndufa13,0.0014643616000969,0.0131325729425316,0.1562756599569991,-30.34878428994015,-1.3665115615016812,-0.1709800298920924,1.266463878496155,0.4870029142426155,0.30548084394238106
Uba52,0.1382498950445215,0.2900470430093371,0.55774647261636,-1.173031587703174,-0.9877954486102928,-0.1309203381340637,1.4259763984906,0.69680688375005,0.6726090911164799
Jund,0.001087801087801,0.0498834498834498,0.4418026418026417,0.0406973645724189,0.1120680783692423,0.202079093223488,2.2880889459653027,2.47131355555271,0.3946661181955293
Rpl18a,0.0649572649572649,0.4418026418026417,1.0,-0.0413626420966258,-0.0114201148457562,0.0182581004982135,3.82625581218325,3.794560103499645,0.7742339455694504
Smarca5,0.0591504362583107,0.3883232289789247,1.0,-0.8316205196436691,0.6191020210398184,30.00425926568381,0.6963045136006555,1.0769651905172473,0.7461353471095052
D8Ertd738e,0.0649572649572649,0.5737373737373737,1.0,-0.0777560922482439,0.0942286882304459,0.2384097472614688,1.30282405968019,1.3876317034146974,0.7756898212898211
Junb,0.0206682206682206,0.2344988344988344,0.8004467754467735,0.0147621258210091,0.1434730727917069,0.2923536351854111,1.63842518010248,1.815336267291265,0.6154164534652337
Maf,0.0018648018648018,0.0498834498834498,0.3448676138108178,0.1360308969380197,0.317083815037594,0.5011508483552185,1.2899596630823835,1.6130459450721726,0.3946661181955293
Cox4i1,0.0046620046620046,0.1048951048951048,0.5737373737373737,-0.1445006268046513,-0.0819359100651512,-0.0209400519549927,2.1951778048059776,2.071007680899175,0.4625702166685769
Map1lc3b,0.1948717948717948,0.7209013209013208,1.0,-0.1193943800865886,0.0192453304980115,0.153800441782062,1.5200356946427425,1.544578258501415,0.7756898212898211
Ankrd11,0.0379176379176379,0.3282051282051281,0.8784770784770783,0.0696806492383058,0.1776156569912969,0.2981749671153103,1.5725355944626398,1.7777849943525177,0.6979223674875846
Rpl13,0.2344988344988344,0.7209013209013208,1.0,-0.0256798309343645,0.002373954726771,0.0251374126603704,4.187035002463075,4.193737322125255,0.7756898212898211
Tcf25,0.3514015705829848,0.8292484591829462,1.0,-1.058831756877192,0.7201311432707325,29.78117914769245,0.4976102133165725,0.8633243998437695,0.8323426698515393
Irf2bp2,0.0424886615917809,0.2976405854092169,0.955270926520046,-30.230856498558595,-1.2498466578171767,-0.3025266708345113,1.15012519629474,0.501458255886715,0.6785196396193165
Tomm20,0.001087801087801,0.0498834498834498,0.5737373737373737,-0.2119860892919753,-0.1286900034104393,-0.0176994548221327,1.747500434192045,1.59645455805837,0.3946661181955293
Sesn3,0.0984722781285988,0.4675077652819017,1.0,-1.5579119866531348,-0.9284849813426024,0.1410167599293646,1.1041751712182246,0.57980081054536,0.7756898212898211
Ubl5,0.0206682206682206,0.1605283605283605,0.7209013209013208,-0.2981567011351537,-0.1782391563319823,-0.0360856861457776,1.88158722290656,1.66485614321536,0.5331127034830737
Sept7,0.0513398264234592,0.4295368450634365,1.0,-0.0551565611658442,0.1186986834758509,0.2924249520645749,1.1565028681623926,1.25966658860368,0.7742339455694504
Ets1,0.1948717948717948,0.7209013209013208,1.0,-0.0868965351053992,-0.0310655508289213,0.0410420534402207,2.407075902332715,2.349888786395835,0.7756898212898211
Hspa8,0.0104118104118104,0.1605283605283605,0.7209013209013208,-0.1713283357302739,-0.0637293723874088,0.0055434750900874,1.98928572957936,1.91126620382234,0.5331127034830737
Rps25,0.2344988344988344,0.7209013209013208,1.0,-0.0447811340978454,-0.0054315740938839,0.0510785150316729,3.009174283467522,2.9914099310604376,0.7756898212898211
Ddx6,0.0379176379176379,0.3822843822843822,1.0,-0.0284322400798342,0.1123408868372061,0.2696878469831307,1.2566372100733676,1.3519170615610752,0.7398165383776893
Atp5l,0.0006216006216006,0.0206682206682206,0.2344988344988344,-0.1845223272995415,-0.1048836029690943,-0.0422978864811793,1.970883293565545,1.8310266992812023,0.33695462786371766
Cd3g,0.0281274281274281,0.2344988344988344,0.7209013209013208,-0.2057842700790016,-0.1187605174977234,-0.0219862867250038,2.052340787585725,1.890964012498825,0.6154164534652337
Cd3d,0.1605283605283605,0.7209013209013208,1.0,-0.069638264165637,0.0152206322738191,0.0933472181745149,2.211484442156481,2.2327348300479524,0.7756898212898211
Cd3e,0.1948717948717948,0.6453768453768453,1.0,-0.1727841247947606,-0.0593104218079002,0.0701944438011658,1.93427715693302,1.8568673884673277,0.7756898212898211
Cox5a,0.0262329846413724,0.2444968573844136,0.9152124550092317,-1.4995233029717605,-0.1344675034712135,0.105835906327002,1.1910887697467023,1.10155470259236,0.629374685515859
Rplp1,0.0206682206682206,0.1303807303807303,0.4418026418026417,0.0195437354067026,0.0398367937808488,0.0603948156220888,4.344006462615587,4.46833628990723,0.48711689545022857
Rpl4,0.0206682206682206,0.1605283605283605,0.5737373737373737,-0.0855714040142068,-0.0570888794668613,-0.0254843028722267,2.7572127613777324,2.6492404741743174,0.5331127034830737
Ppib,0.0018453768453768,0.0498834498834498,0.4418026418026417,-0.2544359501853171,-0.1581169247877487,-0.0701597950453019,1.558784866409855,1.3995243162839426,0.3946661181955293
Rab8b,0.0829645118793997,0.5623719669710694,1.0,-0.1472025426840536,0.1759907533139056,0.5062754772233279,1.0812701186727025,1.2255170966544,0.7756898212898211
Rora,0.0104118104118104,0.1303807303807303,0.7209013209013208,-0.2570748280443593,-0.1436175888923758,0.0133445264012012,1.823627188057855,1.6478849037311925,0.48711689545022857
Eef1a1,0.001087801087801,0.0104118104118104,0.1303807303807303,-0.0633488896984894,-0.0427574846796346,-0.0217522637065588,4.203482316729885,4.080304325007402,0.30548084394238106
Bcl2a1b,0.1303807303807303,0.5737373737373737,1.0,-0.1318540282763757,-0.0166008526334624,0.1056929819287095,1.5733874452822474,1.55835714356229,0.7756898212898211
Morf4l1,0.0379176379176379,0.4418026418026417,1.0,-0.039425194685551,0.0575267593525025,0.1530117420995112,1.7551439380611975,1.83196581305546,0.7742339455694504
Rpl29,0.0229215547738114,0.2257768083327037,0.9157395749897528,-1.330257502689301,-0.1811867533737582,0.0752454484704852,1.2451079689961624,1.110592054095325,0.6154164534652337
Gnai2,0.0206682206682206,0.2786324786324786,0.8784770784770783,-0.2017194732825689,-0.1027218927591814,0.0225179141087963,1.582074244965235,1.4677723908622626,0.6546038144291418
Rhoa,0.1948717948717948,0.7209013209013208,1.0,-0.0619069623981787,0.0256496170819089,0.1174731888929697,1.3900149716218977,1.411410716853025,0.7756898212898211
Shisa5,0.0104118104118104,0.1303807303807303,0.7209013209013208,-0.002320319339726,0.0538360461405209,0.1227735243204167,2.1763304821041225,2.2612138664031,0.48711689545022857
Tma7,0.1048951048951048,0.5053613053613053,1.0,-0.1712736199226717,-0.067085207828433,0.0379985203334261,1.6585208181591276,1.5870020941091174,0.7756898212898211
Rps27rt,0.3593635170698864,0.7898534698691263,1.0,-0.994713945558773,-0.0469785711587305,0.7020136985778224,1.0964737073684272,1.0944477232952474,0.8044268673482156
Rpsa,0.0649572649572649,0.5053613053613053,0.959129759129759,-0.0511534508802685,-0.0194451584426329,0.007244340322799,3.996555385070221,3.945595909525005,0.7756898212898211
Rpl14,0.0104118104118104,0.1048951048951048,0.5070707070707055,-0.0919962168772128,-0.0533469441221377,-0.0195545389518976,2.773645179812674,2.67520755129189,0.4625702166685769
Nktr,0.1605283605283605,0.6362542681663956,1.0,-0.1682774010959292,0.0657075860843488,0.2794707976369469,1.149281897625625,1.20572922462746,0.7756898212898211
Utrn,0.0019325930854399,0.0658827641887259,0.4935627897033893,0.1669082192671162,0.3857749520347765,1.542016131506436,0.9769419826182212,1.273589826177595,0.4270473148618619
Abracl,0.024610569200446,0.1179173600517424,0.483357294887874,-30.147196514077955,-1.482237683681943,-0.0998040631725543,1.1066049790491,0.385169072766065,0.48711689545022857
Tnfaip3,0.1531983720915998,0.491634177169701,0.95799832386793,-1.1427211753090798,-0.9145376225596578,0.0001436248206022,1.252481237738475,0.662026026121335,0.7756898212898211
Ifngr1,0.0177903286236667,0.0904879299312675,0.187959068257727,-1.863155077863257,-0.6988706153259274,-0.4535322336008948,1.8552553112074324,1.1471841486711976,0.4625702166685769
Bclaf1,0.1775092803161707,0.7011912626598479,1.0,-29.74866207255269,-0.9037894167289934,28.851846961016403,0.6413243697799909,0.3466235977811395,0.7756898212898211
Rps12,0.0069930069930069,0.1048951048951048,0.5053613053613053,-0.06786873325404,-0.0374054749558772,-0.0041134919452337,3.817057024453355,3.717641320805575,0.4625702166685769
Fyn,0.0069930069930069,0.0404213463806162,0.2344988344988344,0.2123393846328261,0.3868526556562156,0.7653724800938265,1.2957781422655013,1.697967287319905,0.3815207781187986
Srgn,0.2344988344988344,0.7984459984459983,1.0,-0.0362166524144174,0.0175955123752946,0.0714937841780475,3.0884831293968724,3.1218696599754674,0.8044268673482156
Arid5b,0.0065616501031227,0.0219109698020534,0.1025458809789091,0.4027921175752814,1.3256970876921046,30.43732399126177,0.58192014345109,1.43851222994408,0.3439217348308254
Mif,0.0498834498834498,0.5737373737373737,1.0,-0.0417179006940403,0.065048992101338,0.2026815405085396,1.4138703694052324,1.4772709921031826,0.7756898212898211
Arhgap45,0.0164620142375873,0.2444968573844136,0.9157395749897528,-30.068870351684662,-0.3824897997459717,0.0667325728290292,1.1115784700339502,0.8501803694352175,0.629374685515859
Gpx4,0.1948717948717948,0.7509359138372155,1.0,-0.2653789583700037,0.0560523947633913,0.3532593699558785,1.2426197278446036,1.2992917461219151,0.8000069735533107
Atp5d,0.0829836829836829,0.461920478323797,1.0,-0.2190247083693437,-0.0630529983344258,0.0684211348078392,1.36288913634661,1.313366596698455,0.7756898212898211
Rps15,0.2344988344988344,0.7209013209013208,1.0,-0.0586453958654528,0.0114252802771652,0.0673137833654302,3.1071573611656023,3.13763440855538,0.7756898212898211
Oaz1,0.0046620046620046,0.0281274281274281,0.3282051282051281,-0.1507421650375941,-0.0926568640654825,-0.0381517840777096,2.445629545070495,2.296341369779325,0.3439217348308254
Eef2,0.0018648018648018,0.0829836829836829,0.7209013209013208,-0.2123320853841609,-0.1281876245033783,-0.0173203628105469,2.0698642117849086,1.89583189488866,0.4420318954972416
Tle5,0.0829836829836829,0.5053613053613053,0.959129759129759,-0.1640167646532486,-0.0608474211141235,0.0226687214308337,1.595362393672025,1.5256868857555623,0.7756898212898211
Slc25a3,0.1605283605283605,0.6453768453768453,1.0,-0.1286843886463065,-0.0253657495340568,0.076774053782219,1.5646775510569375,1.5345457895833774,0.7756898212898211
Eea1,0.0550394824230302,0.2172187573017174,0.7011912626598479,0.5924827591035062,2.821802896420589,30.33712856963832,0.193555846792101,1.251937055191565,0.6154164534652337
Btg1,0.0379176379176379,0.2786324786324786,0.959129759129759,0.0049065347412567,0.0504642437697783,0.0982266681466436,2.9854317610323298,3.0944826685319677,0.6546038144291418
Atp2b1,0.0059464771283815,0.0844690322532518,0.6314395816467896,-30.25409393689368,-1.5259784464096249,-0.0897530059365495,1.1207060154638138,0.4069639833321815,0.4455327387475438
Nap1l1,0.1148561948787632,0.5897737906589078,1.0,-0.6102816781432453,-0.1003148083470378,0.3163231605904583,1.2021244234275752,1.122692319979505,0.7756898212898211
Lyz2,0.2630105719268568,0.7700098143850915,1.0,-1.0218283869940297,0.0628617305754877,0.5817398873627083,0.9555114761440816,1.023364726359191,0.8044268673482156
Rap1b,0.0029526029526029,0.0498834498834498,0.3822843822843822,-0.3309807932574566,-0.183131246695256,-0.0577425376573278,1.453648033997775,1.284774870074175,0.3946661181955293
Naca,0.0645804195804195,0.4418026418026417,0.959129759129759,-0.0725610059044826,-0.0256351249343358,0.0186701477157708,2.678505190697796,2.627928756343845,0.7742339455694504
Ptges3,0.1297301265164504,0.6275008061114353,1.0,-30.015684991083692,-0.6729809113686619,0.5846505315518682,0.9476752299966577,0.554731091413025,0.7756898212898211
Atp5b,0.0637871207726935,0.4935627897033893,1.0,-0.2623373360750925,-0.0511278038887971,0.1050625768242529,1.28579151127766,1.239956850302635,0.7756898212898211
Myl6,0.0018648018648018,0.0281274281274281,0.1605283605283605,-0.2933179589553762,-0.1988952944810507,-0.1169365472179673,2.387567021593477,2.0766628191818324,0.3439217348308254
Rpl41,0.0379176379176379,0.1605283605283605,0.5737373737373737,-0.0695038484549234,-0.044660935131993,-0.0149937060035163,3.795339767878305,3.680405691043105,0.5331127034830737
Rps26,0.0018453768453768,0.0281274281274281,0.3282051282051281,-0.1062911759550268,-0.0690992038430773,-0.0379042731210601,3.499831478592242,3.336563957115685,0.3439217348308254
Uqcr10,0.0311904703243524,0.2687359373937462,0.7913911161280311,-1.234926311152824,-0.20743839208634,0.0040854216783865,1.2713095747844814,1.10260368665839,0.6546038144291418
Ppia,0.1948717948717948,0.6453768453768453,1.0,-0.0671794899505114,-0.0206847223604288,0.0220238316050768,3.0343370311147075,2.9843146829368603,0.7756898212898211
Ramp3,0.4109392401761573,0.8292484591829462,1.0,-0.8500227960644091,0.4792658979246111,1.755457742317022,0.8410645425040293,1.180525907707365,0.8323426698515393
Sec61g,0.001087801087801,0.0379176379176379,0.2344988344988344,-0.3233757226259458,-0.2214630541222762,-0.1172569322031153,1.7204650895351774,1.473747985391775,0.3815207781187986
Actr2,0.0399796029462569,0.397321419035571,0.9591388500210332,-30.05338243922448,-0.1754233844903122,0.1633308287122145,1.1387419023067324,0.9943230395833764,0.7607079126019118
Peli1,0.0308276094320916,0.2257768083327037,0.9157395749897528,-1.1281074618577789,-0.2014453644115255,0.0247169639183667,1.29057630695395,1.1252266690086752,0.6154164534652337
B3gnt2,0.1480106940237816,0.6536395693173636,1.0,-29.941285973246277,-0.3574131937098074,29.79144867015248,0.524771454314485,0.385169072766065,0.7756898212898211
Rel,0.0046620046620046,0.1948717948717948,0.8784770784770783,0.0388302749794988,0.1924383869056125,0.3231248875038668,1.2704014906766123,1.453604694019625,0.5857040538604782
Rps27a,0.0379176379176379,0.4418026418026417,1.0,-0.0396889072778024,-0.0117577024161949,0.0110964036257784,4.019752869553211,3.98897367755398,0.7742339455694504
Npm1,0.3282051282051281,0.7209013209013208,1.0,-0.0710623259067335,-0.0173214414596901,0.0576350115505284,2.3701151670919,2.344071849465805,0.7756898212898211
Clint1,0.1559493936014953,0.6741981971505068,1.0,-0.2286865960379464,0.0643767418187942,0.3696547215186846,1.1478346246273814,1.20822434034706,0.7756898212898211
Itk,0.0399796029462569,0.2219725367787513,0.6364224924276982,0.1058612342589296,0.3079176412388784,0.836932839277582,1.107352446761945,1.371832911727715,0.6154164534652337
Rack1,0.0029526029526029,0.0498834498834498,0.2344988344988344,-0.1026941269847203,-0.0616106501554055,-0.0257676045853868,3.31458068605613,3.17591747199414,0.3946661181955293
Ube2b,0.3822843822843822,0.7984459984459983,1.0,-0.1632665134954969,-0.0283720013592325,0.1278190073185433,1.6032717099386886,1.57505771395375,0.8044268673482156
Ppp2ca,0.1531214333453579,0.5606272147226752,1.0,-0.2521940963906433,0.1717852335658453,0.6505555064585744,1.0360348573555789,1.1766948126959424,0.7756898212898211
Tcf7,0.0649572649572649,0.4418026418026417,1.0,-0.0511448886073246,0.1184527476388121,0.2778817791432992,1.5360606103331025,1.6706451816383852,0.7742339455694504
Uqcrq,0.0072315213257339,0.0522595003179697,0.3593635170698864,-30.24154235319933,-1.625101990312403,-0.1888513300095675,1.1466665591292449,0.378648164026596,0.40165158815811
Hint1,0.0046620046620046,0.0829836829836829,0.5755283605283589,-0.2931740600840764,-0.1428682247558342,-0.0086063841569529,1.4391437162260226,1.3053777405977351,0.4420318954972416
Ncor1,0.3822843822843822,0.8335142129533152,1.0,-0.1241464874224526,0.04047300809501,0.2041644634960809,1.2606452581669876,1.29821570775391,0.8350663809476416
Ubb,0.1048951048951048,0.4418026418026417,0.959129759129759,0.0018990157141799,0.0456317243204641,0.1152948208938868,2.927693008836445,3.0246066775731952,0.7742339455694504
2410006H16Rik,0.0072324526252633,0.0498834498834498,0.3285246788345473,-0.6483176167629106,-0.3613846727905794,-0.1594967793365308,1.511890045256295,1.178459576689095,0.3946661181955293
Rpl26,0.1303807303807303,0.4418026418026417,0.960151515151514,-0.0446283037493953,-0.0230070294287795,0.0202786290841187,3.668034585745925,3.6085356994614073,0.7742339455694504
Eif4a1,0.1030415625933202,0.6453768453768453,1.0,-0.0500623781254249,0.0848335864243789,0.2140915076119854,1.33396393453863,1.41847934735491,0.7756898212898211
Eif5a,0.001087801087801,0.0498834498834498,0.5053613053613053,-0.2398970080277793,-0.1515826223682766,-0.0535187917935181,1.5776086453358775,1.4165051323264726,0.3946661181955293
Gabarap,0.0281274281274281,0.3822843822843822,0.959129759129759,-0.2224853913108693,-0.0737616209119127,0.0713146022573514,1.3215164328527675,1.2539515773664376,0.7398165383776893
Rnasek,0.2257251459990552,0.7129894874507409,1.0,-0.964532063569165,0.1262013488748194,0.5202626539528035,1.0400737245393294,1.15875020421413,0.7756898212898211
Pfn1,0.0046192696192696,0.1303807303807303,0.7209013209013208,-0.1438843237498427,-0.0822880859352803,-0.0090506375811947,2.608650225841872,2.46113160495519,0.48711689545022857
Pafah1b1,0.126572867159757,0.6355065570939342,1.0,-0.504688479077146,-0.0416460469848166,0.1505893209803383,1.16881311043472,1.143550847613695,0.7756898212898211
Ssh2,0.1008108135847823,0.5623719669710694,1.0,-0.0333856190229812,0.1553276913640701,0.365290271988714,1.206398061312205,1.34719609900646,0.7756898212898211
Rpl23a,0.0281274281274281,0.1948717948717948,0.6453768453768453,-0.1083673743686121,-0.064189655269681,-0.0280971741570943,2.9590159514940773,2.83058807522563,0.5857040538604782
Crlf3,0.1546882471302952,0.6453768453768453,1.0,-0.3003350658857062,-0.0167443719641139,0.2745245133416356,1.236841416718986,1.2172523533972277,0.7756898212898211
Slfn2,0.0147630147630147,0.2786324786324786,0.959129759129759,-0.2629226126042225,-0.0912151425901409,0.0172410776487743,1.59636655754024,1.50344405998011,0.6546038144291418
Vmp1,0.014920077200361,0.1826944712149479,0.7123816042098661,0.0313033051901468,0.4821934264572894,1.54059431567416,0.8983826052785447,1.266435604936965,0.5857040538604782
Supt4a,0.0829836829836829,0.6453768453768453,1.0,-0.132978729999529,0.0021786846825556,0.1212978510623163,1.616439984133045,1.6209838631760125,0.7756898212898211
Nme2,0.0003108003108003,0.0104118104118104,0.1605283605283605,-0.3882660563098291,-0.2525403179452544,-0.0999302230607044,1.8828847584564965,1.5794016512343,0.30548084394238106
Atp5g1,0.0164620142375873,0.1826944712149479,0.7922976624962125,-30.15609993638368,-0.4686669431334193,-0.0201305678122177,1.1913446146722977,0.862698279787117,0.5857040538604782
Skap1,0.0069930069930069,0.1048951048951048,0.6453768453768453,0.0194916085565244,0.1276396160998552,0.219068611350317,1.55929006049229,1.7085435823540451,0.4625702166685769
Rpl23,0.0206682206682206,0.1303807303807303,0.3822843822843822,-0.0371849104964395,-0.018311379724964,-0.0026500439397678,4.257690405321415,4.20488757993476,0.48711689545022857
Rpl19,0.0498834498834498,0.5737373737373737,1.0,-0.0278447351351521,-0.0067322805219461,0.0162652970035033,4.061703176649518,4.040642735513275,0.7756898212898211
Eif1,0.2786324786324786,0.7568239239472844,1.0,-0.0284737344206066,0.0001280341653552,0.0260036455452425,3.0321495077499145,3.0325417741081298,0.8030991540111223
Stat3,0.1038262693385791,0.476087344441214,1.0,-30.010582060948277,-1.218928578488409,0.9438894081098148,0.9597050738745267,0.429877852999805,0.7756898212898211
Rpl27,0.0069930069930069,0.1048951048951048,0.5737373737373737,-0.0663506578733656,-0.041589614883961,-0.0155337644144957,3.54848003794039,3.445949237687235,0.4625702166685769
Limd2,0.1303807303807303,0.6453768453768453,1.0,-0.1478048074415906,0.0063580080306252,0.1724267412378688,1.435834063388705,1.444359384737765,0.7756898212898211
Ddx5,0.0379176379176379,0.2344988344988344,0.5737373737373737,0.0314370770523113,0.0794248057430369,0.1344326678741913,2.748798732740372,2.901893867038672,0.6154164534652337
Gna13,0.0649572649572649,0.6362542681663956,1.0,-0.0981549127239261,0.0801354030772766,0.2772774982559891,1.434458802503655,1.5095171199047126,0.7756898212898211
Prkar1a,0.3169975086812533,0.7922976624962125,1.0,-0.1619870689326174,0.0455673955386295,0.2361273348366702,1.246322635665295,1.29697688312388,0.8044268673482156
Rpl38,0.3822843822843822,0.7984459984459983,1.0,-0.0525263132192393,-0.0113855097232597,0.0285407350645151,3.542617885019391,3.51623087789374,0.8044268673482156
Atp5h,0.0495843045843046,0.2786324786324786,0.7984459984459983,-0.1874220249812657,-0.0952134664717359,-0.0212589234126568,1.9052316010697363,1.7797975677158375,0.6546038144291418
Sumo2,0.0281274281274281,0.2786324786324786,0.959129759129759,-0.1602712686101946,-0.0742124668417289,0.0157101485387555,1.6555901465309038,1.57018344684439,0.6546038144291418
H3f3b,0.3822843822843822,0.7984459984459983,1.0,-0.0560557307850497,-0.0059608844613245,0.0417392516865442,2.8802730057021,2.865690345781675,0.8044268673482156
Ubald2,0.1605283605283605,0.5053613053613053,0.959129759129759,-0.0280994131529384,0.107801977286437,0.2659542069497903,1.5491507214223976,1.67601472695333,0.7756898212898211
Actg1,0.0018648018648018,0.0147630147630147,0.083531468531468,-0.3730828957364495,-0.282424096851473,-0.1884979275325819,2.5336277532720275,2.08457241400343,0.30548084394238106
Rps7,0.0104118104118104,0.1303807303807303,0.7984459984459983,-0.0508715356550788,-0.0251572566045373,0.0003615319267458,3.93859451020371,3.873332110758505,0.48711689545022857
Bzw2,0.0122413863708278,0.0820772977283139,0.4327605970492617,0.5285271795409904,2.5017673714095467,30.238083774940524,0.2064489104487717,1.1725843309822102,0.4420318954972416
Baz1a,0.1651999264393238,0.7011912626598479,1.0,-29.59540649987364,-0.1769485390256069,29.54538308034421,0.2881470724674775,0.3522176223456725,0.7756898212898211
Nfkbia,0.0100266559492814,0.0829836829836829,0.3834656938538575,-1.193427849092224,-0.3111361410425043,-0.1269236463013046,1.759022735155205,1.419444228434045,0.4420318954972416
Rps29,0.4418026418026417,0.7984459984459983,1.0,-0.0319410252656151,-0.0004131614824718,0.0359105405057784,4.368191829261805,4.36277093321538,0.8044268673482156
Rpl36al,0.0003108003108003,0.0206682206682206,0.2786324786324786,-0.1183302171099181,-0.0759939895929519,-0.037603155178546,2.404118146402925,2.2844196314289498,0.33695462786371766
Psma3,0.1947234362000748,0.7169454041760308,1.0,-0.2391149633545589,0.0660653949157852,0.2712657509169789,1.1672068251891123,1.243927428234,0.7756898212898211
Hif1a,0.0029526029526029,0.0281274281274281,0.1948717948717948,0.0517575327255725,0.1048555899006497,0.187454005214796,2.6518189722112187,2.8452376954822403,0.3439217348308254
Zfp36l1,0.0046620046620046,0.0649572649572649,0.4418026418026417,0.0505034135771047,0.1815099071430711,0.2843573890885457,1.6401971048822,1.856537233878035,0.4270473148618619
Srsf5,0.2687270796412216,0.7525377274994569,1.0,-0.177861947743718,0.0149019923988945,0.1623853676371534,1.2670236753004276,1.283315158988895,0.8001290462346003
Rbm25,0.0829836829836829,0.6453768453768453,1.0,-0.1670322629634281,-0.0069637454795725,0.1554301555704063,1.4494635600201775,1.4439599018479925,0.7756898212898211
Npc2,0.0014673378644344,0.0072324526252633,0.0822168388123539,-30.402827557878965,-1.6855285152214043,-0.3583145782675918,1.306894512009175,0.4050488923178765,0.30548084394238106
Batf,0.1048951048951048,0.5053613053613053,1.0,-0.0667735179838667,0.0863467808613182,0.2476037369761487,1.3860020509420423,1.4744519848993551,0.7756898212898211
Calm1,0.0147630147630147,0.0829836829836829,0.3822843822843822,-0.306764569268169,-0.209390969063769,-0.0893968965979863,2.113892237752127,1.8316549804078224,0.4420318954972416
Ndufb1-ps,0.065285648928054,0.2444968573844136,0.7923088841086383,-0.5374091861607866,-0.1903856989524188,0.0692823420525159,1.3168545031819523,1.18645909908196,0.629374685515859
Ddx24,0.0147630147630147,0.1605283605283605,0.7984459984459983,0.0162007680681277,0.1326815689500458,0.3286553094876839,1.5262359187143,1.656945247212,0.5331127034830737
Ifi27l2a,0.0069930069930069,0.1605283605283605,0.6453768453768453,-0.34650863902349,-0.2211000602679226,-0.0717528653855943,1.8355260821015151,1.5673675971243548,0.5331127034830737
Hsp90aa1,0.0038274908475047,0.0498834498834498,0.2786324786324786,0.0904070661259155,0.1966546590452585,0.294542364069333,1.5111799857596877,1.730201907708235,0.3946661181955293
Eif5,0.1605283605283605,0.7209013209013208,1.0,-0.1190564201648742,0.0228777667482296,0.2278486149839703,1.4845407475827126,1.5115952368442025,0.7756898212898211
Atp5mpl,0.0164620142375873,0.0997461502794499,0.3979883583000917,-30.317043382124528,-0.2902087659535071,-0.0664062212454093,1.313240293970825,1.105978076090605,0.4625702166685769
Igha,0.0829836829836829,0.3822843822843822,0.959129759129759,-0.0559007172516269,0.103530228462037,0.2621389194061636,1.4621107846315438,1.578391338980405,0.7398165383776893
Gdi2,0.1948717948717948,0.7209013209013208,1.0,-0.1293563454484675,0.0092444717766535,0.1727743979306387,1.4678309731670425,1.4776100149622349,0.7756898212898211
Klf6,0.0820772977283139,0.5498255885806054,1.0,-28.846267068783888,1.2579904072178163,29.970163165682195,0.2064489104487717,0.7421846226190858,0.7756898212898211
Psma2,0.0033731866908446,0.0399796029462569,0.4241374360025996,-30.30008588164837,-1.2473033412527466,-0.0820155957489316,1.2560510480685223,0.530752211747315,0.3815207781187986
Jarid2,0.1776874391005868,0.7011912626598479,1.0,-28.8040798184804,0.0807263284522133,1.4050323861530412,0.8158476311469625,0.619329181156915,0.7756898212898211
Hnrnpk,0.0829836829836829,0.6453768453768453,1.0,-0.0839624320746963,0.0118321410604087,0.1111020476346636,1.482097300422275,1.489716732353785,0.7756898212898211
Cox7c,0.0281274281274281,0.3822843822843822,0.959129759129759,-0.1390032771959727,-0.0377581743143989,0.0367808583126813,1.8128610332022077,1.764017838757585,0.7398165383776893
Rps23,0.1948717948717948,0.7209013209013208,1.0,-0.0195855197099527,0.0004946641297754,0.0251651902009271,4.0975241591500975,4.098421748576666,0.7756898212898211
Nsa2,0.0046620046620046,0.1048951048951048,0.6453768453768453,-0.2002078653219824,-0.1222491828470168,-0.0354941882133817,1.909074706495736,1.75218302358451,0.4625702166685769
Btf3,0.1605283605283605,0.7209013209013208,1.0,-0.0315615951509042,0.0206202615869756,0.0637080537337332,2.1366786365829853,2.167585331634915,0.7756898212898211
Gpbp1,0.3107534642427667,0.7922976624962125,1.0,-0.1676101559483937,0.009399208127211,0.1820781122350926,1.2564272470507525,1.25582610303263,0.8044268673482156
Emb,0.0649572649572649,0.3822843822843822,0.959129759129759,-0.2621190852005138,-0.10819371384337,0.0346345166246812,2.1595119254062025,2.008718957893375,0.7398165383776893
Rpl15,0.1048951048951048,0.3822843822843822,0.7984459984459983,-0.0679614126256858,-0.0414294475526607,-0.0143857951943813,3.2130847283936177,3.1219554567390477,0.7398165383776893
Rps24,0.1948717948717948,0.7209013209013208,1.0,-0.0127437652418658,3.634351691950442e-05,0.0137499100509515,4.652436694598849,4.652687242271273,0.7756898212898211
Arf4,0.0311904703243524,0.1649836223964053,0.5632366271431426,-30.180354004513923,-0.9591814785690806,-0.0537147894440166,1.21461522149725,0.600131975286775,0.544547170854393
Selenok,0.1303807303807303,0.6453768453768453,1.0,-0.1503654590669774,-0.0455544251996225,0.0482770103714214,1.4897263120204265,1.44461263527766,0.7756898212898211
Wapl,0.2442734089479052,0.7090730856847203,1.0,-29.75647915642152,-0.2142768971506565,1.737755064435153,0.8146108759157712,0.7798291328880476,0.7756898212898211
Trac,0.001087801087801,0.0104118104118104,0.1303807303807303,0.1099698116252218,0.1760992783302327,0.2414651349455158,1.99732022630785,2.255742966427155,0.30548084394238106
Dad1,0.1605283605283605,0.7209013209013208,1.0,-0.0755923537115581,0.0634133434417634,0.1971398339538137,1.2099354993704723,1.26758526584872,0.7756898212898211
Mrpl52,0.1117076503738006,0.6217687412649331,1.0,-0.908369247218404,0.577521851819523,30.14355537155096,0.6887485483911004,1.1688443249283051,0.7756898212898211
Psme1,0.0206682206682206,0.2786324786324786,0.959129759129759,-0.1888801835346816,-0.0830851554670591,0.0277974216109224,1.429586607569455,1.350614971501595,0.6546038144291418
Itm2b,0.0649572649572649,0.3822843822843822,1.0,-0.0176210318063469,0.0789851734827032,0.1721680998278392,2.1309408928878115,2.2534903945000897,0.7398165383776893
Lcp1,0.0046620046620046,0.0829836829836829,0.5737373737373737,-0.4074933752798221,-0.2338581082166092,-0.0612981437316403,1.4159070565072562,1.20603820726875,0.4420318954972416
Tpt1,0.0281274281274281,0.2344988344988344,0.8784770784770783,-0.0309287483792746,-0.0125347039964462,0.0021573132227734,4.810219456925409,4.769180882787939,0.6154164534652337
Elf1,0.0379176379176379,0.3822843822843822,0.959129759129759,0.0510500292676081,0.2347576525151811,0.4499014515275353,1.18146066757358,1.3887138522775402,0.7398165383776893
Tbc1d4,0.0073620625226393,0.0355562316423979,0.187959068257727,0.1723947296802613,0.4606190706425168,1.4259374384498535,1.186583544670965,1.61759708954132,0.3815207781187986
Gm10076,0.0399796029462569,0.2202347585707377,0.7090730856847203,-30.288266318566397,-1.06720826538281,-0.065421994953227,1.282322471674875,0.57327328652246,0.6154164534652337
Rpl37,0.0498834498834498,0.1605283605283605,0.5737373737373737,-0.059583893414946,-0.0330802850730592,-0.0093705421942009,3.73055054912393,3.6477861949806,0.5331127034830737
Fyb,0.001087801087801,0.0206682206682206,0.1303807303807303,0.0809272808640436,0.1549046125009618,0.213295226610842,2.210630269112837,2.4662584666317557,0.33695462786371766
Nipbl,0.0752002988766929,0.5606272147226752,1.0,-29.79306446036606,-0.0072616925787551,1.4227060268647669,0.9633268858627676,0.9534897692545896,0.7756898212898211
Sub1,0.0379176379176379,0.2344988344988344,0.7209013209013208,-0.2253740760964085,-0.1359183015258503,-0.0183969787158085,2.2250607466339147,2.01926945177675,0.6154164534652337
Rpl30,0.1948717948717948,0.7209013209013208,1.0,-0.0228833974708751,-0.0020824276579628,0.0281539519098204,3.9527087110949615,3.949028490468005,0.7756898212898211
Cox6c,0.1303807303807303,0.6453768453768453,1.0,-0.1353565288787686,-0.0293411944579842,0.0856155856422233,1.8273294221165424,1.78961846926744,0.7756898212898211
Rnf19a,0.0176463576656357,0.2976405854092169,1.0,-0.0247921930250901,0.5528930449981306,30.218492367899724,0.8178172483321957,1.209935918920415,0.6785196396193165
Pabpc1,0.2344988344988344,0.7984459984459983,1.0,-0.0737077273320497,-0.0283282535215909,0.0287160617594348,2.318050678393391,2.271682612424085,0.8044268673482156
Ywhaz,0.1605283605283605,0.6453768453768453,1.0,-0.0194942173467969,0.0650054843614651,0.1385090060974695,1.4702384787182052,1.5414766853315776,0.7756898212898211
Eif3e,0.0029526029526029,0.0649572649572649,0.4418026418026417,-0.2047219754840343,-0.1296343276535941,-0.0473627935788689,1.714068164910819,1.5667643044032848,0.4270473148618619
Eif3h,0.0069930069930069,0.0649572649572649,0.3282051282051281,-0.2976350463185167,-0.208383923166402,-0.1189395577880067,1.8462676292881677,1.6000682634145749,0.4270473148618619
Asap1,0.0513034170099589,0.3822843822843822,1.0,-0.0634692901677227,0.1037108479555933,0.6149623868485975,1.298557541088335,1.395391875338455,0.7398165383776893
Phf20l1,0.1117562988366049,0.6275008061114353,1.0,-30.021689182687087,-1.0475208482187388,0.619600431263024,0.9822218308984368,0.4699682883461855,0.7756898212898211
Sla,0.1388637976716842,0.6217687412649331,1.0,-30.019412451472743,-0.8391003048010907,0.5712319216055355,0.9875153193262244,0.531061571462285,0.7756898212898211
Ly6e,0.0104118104118104,0.1303807303807303,0.5053613053613053,-0.357002748290765,-0.2287767435233122,-0.0703629855529813,1.835644190447895,1.56195948416883,0.48711689545022857
Eef1d,0.2900470430093371,0.7913911161280311,1.0,-1.0205363103771152,-0.0192138835628982,0.4535690815781765,1.18489166030346,1.16100330970975,0.8044268673482156
Rpl8,0.1303807303807303,0.7209013209013208,1.0,-0.0347097377723571,-0.0087216477948004,0.0252625249957115,3.471724482967259,3.449354552850745,0.7756898212898211
Myh9,0.049646897295879,0.3822843822843822,0.959129759129759,-0.2032287686066546,-0.052118333022128,0.0702626294200826,1.3575586985801689,1.318059838326075,0.7398165383776893
Rac2,0.0069930069930069,0.0649572649572649,0.3282051282051281,-0.2862411578599711,-0.1871466420982402,-0.08550640214429,1.99364458719299,1.74812646511332,0.4270473148618619
Rpl3,0.2344988344988344,0.7209013209013208,1.0,-0.0531601516042353,0.0117672173015215,0.0753647897052154,3.0873337944081927,3.1211436541925077,0.7756898212898211
Tnrc6b,0.1221757823939265,0.5967990595834041,1.0,-29.610957159507844,0.211587777800343,1.3761530669622064,0.8404681753859611,0.9896442758814736,0.7756898212898211
Rbx1,0.1117562988366049,0.6662276454096188,1.0,-29.755242977364432,0.0306621022412591,2.042870472212233,0.944291763887914,0.9864431072930144,0.7756898212898211
Ndufa6,0.0652558332244787,0.461920478323797,1.0,-0.7553521535099724,-0.1067951460991018,0.0656564977410503,1.271052822339397,1.18343909265949,0.7756898212898211
Tspo,0.0206682206682206,0.1559493936014953,0.5737373737373737,-0.350484308703069,-0.1646180519319028,-0.0245523735050244,1.4698222634813174,1.31472898575812,0.5331127034830737
Pfdn5,0.0069930069930069,0.1948717948717948,0.8784770784770783,-0.1185164880452269,-0.0531819870129841,0.0300049063465943,2.125813571414426,2.04804414010381,0.5857040538604782
Prr13,0.1500043975229742,0.6339972307873878,1.0,-29.903817199507905,-0.1274303216125358,0.8568487590427083,0.9392582893752626,0.862679405424993,0.7756898212898211
Pcbp2,0.0829836829836829,0.5053613053613053,1.0,-0.0478782632119746,0.0999327139656653,0.2782080522401365,1.3010653578337965,1.4084371926565549,0.7756898212898211
Atp5g2,0.1605283605283605,0.6453768453768453,1.0,-0.1216577979044992,-0.006960902059882,0.1203378948362309,1.7788198928833738,1.766137837332105,0.7756898212898211
Hnrnpa1,0.1048951048951048,0.5737373737373737,1.0,-0.103521288170584,0.0036518642146692,0.1609104585410085,1.5245727057922136,1.5225071735043851,0.7756898212898211
Tra2b,0.0281274281274281,0.1948717948717948,0.5737373737373737,0.1167054962981867,0.249019818049317,0.4633674096180474,1.201800539426955,1.426121175767865,0.5857040538604782
Pak2,0.0018518890004552,0.0180440947460136,0.1275273133578452,0.1750972486865933,0.3011293995498926,0.6870937973822114,1.095443499801165,1.35688401097699,0.3347490680467351
Rpl35a,0.1948717948717948,0.7209013209013208,1.0,-0.0250607107143321,-0.0043968657603697,0.0215445439712801,3.880306746239582,3.866520360921015,0.7756898212898211
Cox17,0.0820772977283139,0.6275008061114353,1.0,-29.97715505439181,-1.1763202907397283,0.3785415028337922,0.8665822853310987,0.3668373159615835,0.7756898212898211
Rpl24,0.0069930069930069,0.0829836829836829,0.4418026418026417,-0.084624100032202,-0.061633302392228,-0.0364112769302308,3.4566372932081704,3.3085777800658,0.4420318954972416
Nrip1,0.042540179680975,0.4883708485316103,1.0,-30.08842923275888,-1.079418990805701,1.6071353424991155,0.8569509127574644,0.3810395523869435,0.7756898212898211
Atp5j,0.0262942089944858,0.11250638569044,0.5255516528137945,-1.4049583822321243,-0.2701172800702567,-0.0657090682905815,1.3028943095178076,1.08769419573056,0.48711689545022857
Son,0.1605283605283605,0.6453768453768453,1.0,-0.1630701429609987,-0.0527978072009691,0.0874281845991711,1.897172794861948,1.8345921967068972,0.7756898212898211
Ezr,0.187959068257727,0.7123816042098661,1.0,-0.7107753929000105,0.1939936735226086,0.6771157677885483,1.0289423655079482,1.181171895774785,0.7756898212898211
Psmb1,0.0645804195804195,0.4418026418026417,1.0,-0.2311281267304425,-0.0599813359733158,0.0634173059850964,1.4124434847434513,1.3538384075689374,0.7742339455694504
Srrm2,0.0046620046620046,0.0649572649572649,0.5053613053613053,0.0473100347713571,0.1541550166858079,0.2543557051581412,1.7676408861981674,1.9666204170174275,0.4270473148618619
Elob,0.0376728826728826,0.2344988344988344,0.5737373737373737,-0.2522905291932326,-0.1321184271971941,-0.0157976439307551,1.6405683156131787,1.500408390535695,0.6154164534652337
Atp6v0c,0.0923597245362179,0.5176341185833455,1.0,-29.42764176755284,0.5209209093896887,29.920659243564607,0.58094193540196,0.905891574430951,0.7756898212898211
Rps2,0.2786324786324786,0.6453768453768453,1.0,-0.103211224648145,-0.0260823077855679,0.0629568216225686,2.624634541866215,2.593032161682215,0.7756898212898211
Ube2i,0.0667792049996952,0.3593635170698864,0.9167532094366038,-30.081307438097262,-1.0031198644684278,0.0612014700170871,1.0751138859678888,0.52939569144135,0.7398165383776893
Atp6v0e,0.0065616501031227,0.0984722781285988,0.672143970444527,-30.226247947846428,-1.2510808641778437,0.0495018299106653,1.1504430257808549,0.472982881518934,0.4625702166685769
Rps10,0.0281274281274281,0.4418026418026417,0.959129759129759,-0.0435978855380711,-0.0249371794520292,0.0013552449936196,4.008187783645942,3.93800015067067,0.7742339455694504
Rpl10a,0.0147630147630147,0.1048951048951048,0.3822843822843822,-0.1247750238697,-0.0894314529207793,-0.0479218846801362,3.178866935346299,2.98588265042709,0.4625702166685769
Srsf3,0.2069347835833251,0.7209013209013208,1.0,-0.1065154881132779,0.0385664569619429,0.1783086496809895,1.3341230583587125,1.3729679071439,0.7756898212898211
Pim1,0.0073620625226393,0.0518570202911714,0.2269971464833067,-0.3883359588849877,-0.2169718017649886,-0.1064387789353603,1.5315287063507426,1.3198615337456574,0.40165158815811
Rps28,0.5053613053613053,0.7984459984459983,1.0,-0.062740684449784,-0.0248972115791795,0.0195039805336356,3.910073236406302,3.853733138293325,0.8044268673482156
Ndufa7,0.0131269171098439,0.0984722781285988,0.4589281861225893,-30.244444925720156,-1.285722080703812,-0.2122781755389393,1.1884751272056129,0.501076011240275,0.4625702166685769
Rps18,0.0495843045843046,0.3282051282051281,0.959129759129759,-0.0444168395523792,-0.0204959012862365,0.0077515052730494,3.801018873721,3.747235197696052,0.6979223674875846
H2-K1,0.3282051282051281,0.7209013209013208,1.0,-0.046180008221327,-0.007051494826019,0.0411155887769709,3.27794404077166,3.258401238410308,0.7756898212898211
Psmb8,0.0069930069930069,0.0829836829836829,0.3822843822843822,-0.2783430389237089,-0.1581720146512129,-0.0602930322675001,1.584556647833995,1.4257182835380249,0.4420318954972416
Clic1,0.0649572649572649,0.5737373737373737,1.0,-0.2097109912441933,-0.050570549129821,0.0768447808370721,1.4980551368279813,1.4463966236239552,0.7756898212898211
Ltb,0.0029526029526029,0.0829836829836829,0.7928890137795667,-0.3263159094233251,-0.1644124051249568,-0.0207509107019119,1.72042688061341,1.53903025189656,0.4420318954972416
H2-D1,0.194013209013209,0.7209013209013208,1.0,-0.0433742255934036,0.0027585678456111,0.0383340660207295,2.961209281051186,2.9655671900792826,0.7756898212898211
H2-Q6,0.0025509520851306,0.0404213463806162,0.461920478323797,0.1038970119194217,0.5103958592796861,1.8860014811858783,0.8972343751687728,1.281951358510525,0.3815207781187986
H2-Q7,0.0046620046620046,0.1303807303807303,0.6472649572649555,-0.0046225813645496,0.0667451529319736,0.1142118019862553,2.408417474652768,2.52148277950515,0.48711689545022857
H2-T23,0.0443081504947016,0.3112018520843261,0.956284952863831,-30.088032872547583,-1.013910800274425,0.034889510916432,1.135630671026305,0.566406542376945,0.6979223674875846
H2-T22,0.3108628204174484,0.7413931041823126,1.0,-29.99695278834469,-0.9992196106808144,1.1009787866569394,0.9403843145268156,0.4381781798761155,0.796146686726715
Gm42418,0.4932010834669481,0.7209013209013208,1.0,-0.0150334949201459,0.0223357318805072,0.0670482559239784,3.2807187437139262,3.32010521025753,0.7756898212898211
AY036118,0.4418026418026417,0.7984459984459983,1.0,-0.0360846379731788,0.0637024722140886,0.1426245393924112,1.974043095077045,2.065352620399705,0.8044268673482156
Hsp90ab1,0.1948717948717948,0.7209013209013208,1.0,-0.0603782292140616,0.0133210451534712,0.077801068088248,2.5677426674969386,2.5947547270368103,0.7756898212898211
Satb1,0.1605283605283605,0.6453768453768453,1.0,-0.1497021569872221,-0.027231560313489,0.0887604717625998,2.051646242889709,2.0131127793071224,0.7756898212898211
Rpl36,0.1948717948717948,0.5737373737373737,1.0,-0.0016537938611558,0.0334580341093799,0.0624444897270685,3.427243243342793,3.509401852382162,0.7756898212898211
Ankrd12,0.0206682206682206,0.4418026418026417,0.959129759129759,-0.0591469969088909,0.0873582516488987,0.2272326010124356,1.3678152978091775,1.4577876420934477,0.7742339455694504
Myl12b,0.1303807303807303,0.5737373737373737,1.0,-0.1284997009420801,-0.0383514702434645,0.0368490488842564,1.9575588317147523,1.91168748971481,0.7756898212898211
Myl12a,0.002566807444097,0.0229215547738114,0.1893194935601652,-30.317307979872304,-0.35878467463843,-0.1197503530339801,1.3722283770920751,1.079580530316568,0.3439217348308254
Smchd1,0.0567389362798848,0.4935627897033893,1.0,-1.0845201680796486,0.3440039246950274,3.1768898047308127,0.8046551832268825,1.0360047420898928,0.7756898212898211
Srsf7,0.0311229657917358,0.3282051282051281,1.0,-0.0208908426488929,0.1482927704791002,0.289654835928093,1.235589998921251,1.37413545352362,0.6979223674875846
Cox7a2l,0.1303807303807303,0.7209013209013208,1.0,-0.1167409263724207,-0.0103840968836262,0.1275382810823213,1.575869869555365,1.5627195671682077,0.7756898212898211
Zfp36l2,0.0001554001554001,0.0053510343901815,0.0741962824979344,0.1874081946566621,0.3645578601383339,0.5962011167512031,1.1507345029761802,1.475302269417665,0.30548084394238106
Calm2,0.0649572649572649,0.5053613053613053,1.0,-0.0835853977218811,0.0603482507160127,0.1707049229965166,1.4024772946790551,1.4637163544776448,0.7756898212898211
Wac,0.2976405854092169,0.7840226582999281,1.0,-29.89240549685669,-1.010041647307959,28.85944268194024,0.5337766203875975,0.3810395523869435,0.8044268673482156
Rock1,0.0237658095149077,0.2257768083327037,0.8744592481051268,0.0368008055154406,0.1606550931127957,0.2847703375682532,1.2022035578099373,1.3503050464303623,0.6154164534652337
Paip2,0.3706183398171955,0.792746526993248,1.0,-0.048170450451814,0.032615092200307,0.1139943452462505,1.2956666512614925,1.3268642269689677,0.8044268673482156
Ube2d2a,0.0404669597840363,0.5255516528137945,1.0,-29.881981567637016,-0.985080486539962,0.5644810001726063,0.92224464519559,0.453105299543378,0.7756898212898211
Ndufa2,0.0828964098822239,0.561354912379061,1.0,-0.1871325405295951,-0.0523828600378259,0.0873447440875523,1.2651806547213975,1.22077152205188,0.7756898212898211
Ndfip1,0.1605283605283605,0.7209013209013208,1.0,-0.1211472048730653,-0.0164806894123422,0.1017035548318374,1.6610102837345648,1.64175487789946,0.7756898212898211
Tnfaip8,0.0009068567509923,0.0073620625226393,0.0658827641887259,0.1815288471673396,0.3544282030019082,0.8826837803105889,1.1809002692823831,1.50469213489617,0.30548084394238106
Gramd3,0.0095379523581334,0.1010200224303009,0.4945189922275712,-30.39074312823216,-0.8094104227732106,-0.1264511057882339,1.3762960349349749,0.812012875650058,0.4625702166685769
Rps14,0.0379176379176379,0.2344988344988344,0.7209013209013208,-0.0529501920004785,-0.0264882975277726,-0.0031690471533275,4.017797601045958,3.945167110841025,0.6154164534652337
Cd74,0.2630105719268568,0.7463178799324552,1.0,-0.9982136707986656,0.1336854255842365,1.2635788481231396,0.8857154795180928,0.974441137405649,0.7982485475221888
Csnk1a1,0.1303807303807303,0.6453768453768453,1.0,-0.1299416577588094,-0.0183462129095276,0.1252744061964015,1.3674962471264387,1.35005540727501,0.7756898212898211
Malt1,0.0001554001554001,0.0038499238704509,0.065503273385048,0.2579723579872465,0.5949673870633018,1.763077948711318,0.9786078823554556,1.4881543667838375,0.2958941489003692
Mbd2,0.1718194368572762,0.7123816042098661,1.0,-1.162013045425651,-0.0049787068431058,0.4096546850556113,1.1055168354514182,1.1107123954601223,0.7756898212898211
Rpl17,0.1048951048951048,0.5053613053613053,1.0,-0.0425665034957391,-0.0178258458151098,0.0139046364915041,4.0064151364068525,3.95560585465167,0.7756898212898211
Atp5a1,0.009862424592123,0.2687359373937462,1.0,-0.0347148308692421,0.2173295833827961,1.1316626008018436,1.0367744218325334,1.1994482631033725,0.6546038144291418
Cdk2ap2,0.0984722781285988,0.4935627897033893,1.0,-30.087464561783108,-1.0003941167418775,0.0493508963649642,1.1565606066735714,0.58229138233421,0.7756898212898211
Cfl1,0.0206682206682206,0.2786324786324786,0.8784770784770783,-0.2458533183548032,-0.1478180324448972,-0.0423355722752105,2.084468285003328,1.8820148339033675,0.6546038144291418
Malat1,0.0001554001554001,0.0006216006216006,0.0104118104118104,0.0498434070288611,0.0842459715600869,0.1110529573207545,5.409300274065357,5.733521338340966,0.1672105672105614
Fau,0.0147630147630147,0.1048951048951048,0.3822843822843822,-0.0491618036896645,-0.0322668135761576,-0.0129213434314341,4.425288661155054,4.328355282857448,0.4625702166685769
Cox8a,0.0379176379176379,0.3282051282051281,1.0,-0.1453699599253499,-0.0760024204834504,0.0151043555095785,2.1765786850920925,2.061513632228455,0.6979223674875846
Eef1g,0.0007853381460163,0.0095379523581334,0.1266856129229834,-1.7502471323699018,-0.2818939596128631,-0.1193006378052133,1.41632386399269,1.170377877676105,0.30548084394238106
Fth1,0.0206682206682206,0.2786324786324786,0.959129759129759,-0.0710227049777677,-0.0345814981394853,0.00399912330124,3.363620442625594,3.283477027695457,0.6546038144291418
Tmem258,0.0214681709862187,0.1388637976716842,0.7091251127858381,-30.182283799288477,-1.3868772578226394,-0.0816380008913385,1.10173324741405,0.429877852999805,0.5152325734301111
Cd5,0.0498834498834498,0.3684845482829788,0.959129759129759,0.0127720408639025,0.2869943210933188,0.6605939175295267,1.0221751376748287,1.25201960276921,0.7398165383776893
Cd6,0.0027417331272205,0.1411893573533081,0.95799832386793,-9.687828686838384e-05,0.2573692405076776,0.8425382275580381,1.0783590103483016,1.292436881842935,0.520273111343012
AW112010,0.0018648018648018,0.0649572649572649,0.4418026418026417,-0.2647359190409436,-0.1609679981012794,-0.0628065328193915,2.229827401752325,1.998448930199615,0.4270473148618619
Ms4a4b,0.1303807303807303,0.6453768453768453,1.0,-0.1238219140586363,0.0500540540853428,0.3386256468853244,1.4360534743625637,1.48545297502515,0.7756898212898211
Gm8369,0.187959068257727,0.7129894874507409,1.0,-0.9404517690620618,0.0902457779907705,0.6199244082173708,1.05080871653549,1.159258390447535,0.7756898212898211
Ms4a6b,0.0649572649572649,0.3822843822843822,0.959129759129759,-0.0393173021152618,0.0912892648663286,0.2614724826155624,1.394377386291515,1.486689866912355,0.7398165383776893
Zfp91,0.0703694842059654,0.5176341185833455,1.0,-29.98088380819597,-1.1698082992992238,0.5534067084242762,0.8987195448460092,0.429877852999805,0.7756898212898211
Ostf1,0.0180440947460136,0.1303807303807303,0.560670833528885,-0.554843249982079,-0.2900570296860827,-0.0938314728408973,1.4969319153078875,1.22761494319236,0.48711689545022857
Jak2,0.2697960790058185,0.7898534698691263,1.0,-0.2343049882551108,0.0330061963076223,0.2396564780835722,1.2059585062740652,1.24645098949973,0.8044268673482156
Tm9sf3,0.1178769474164996,0.630370340526184,1.0,-29.738335521143803,-0.0237569386953437,29.639015482231454,0.3580774300568717,0.3518818462684545,0.7756898212898211
Atp5md,0.3180689668505534,0.792746526993248,1.0,-0.1171995556527418,0.0806097578669259,0.2316912059147461,1.3067007501622498,1.3831131118970852,0.8044268673482156
Pdcd4,0.3107534642427667,0.7509359138372155,1.0,-0.9876090687935746,-0.0440893290419257,0.2675945633394573,1.2188655557164825,1.1733540008250052,0.8000069735533107
Eif3a,0.0498834498834498,0.5053613053613053,1.0,-0.0738234215722379,0.0472478228139238,0.4135999565043698,1.281407871657455,1.322694617031585,0.7756898212898211
Rbm3,0.3282051282051281,0.7984459984459983,1.0,-0.0607525154481961,0.0017536764141612,0.0713327412273567,2.118622888664677,2.123618376196375,0.8044268673482156
Ndufb11,0.0513398264234592,0.4935627897033893,1.0,-0.1145241721960774,0.1841290258850201,1.1388677836572287,1.0064604122082144,1.1325153816990476,0.7756898212898211
Slc25a5,0.0828964098822239,0.4295368450634365,0.959129759129759,-0.2140678334119478,-0.0683388139888657,0.0770945619814001,1.2885487399911848,1.232618379854685,0.7742339455694504
Rpl39,0.1605283605283605,0.6453768453768453,1.0,-0.0497301116432417,-0.0072094055171445,0.0289951809929101,3.9857582254609527,3.97374475801963,0.7756898212898211
Ndufa1,0.0550394824230302,0.4935627897033893,1.0,-29.933676935719195,-0.9364818387547728,0.6994664744496842,0.9465971483861536,0.4806295784088145,0.7756898212898211
Sh2d1a,0.0009068567509923,0.0133130027638166,0.0831712891573724,0.2071291260603018,0.5132494964050822,1.515026922272917,1.05850734977493,1.50882495123631,0.30548084394238106
Ssr4,0.0018009239483905,0.0288663193874748,0.3057800460879361,-30.355149972449908,-1.4399209178114498,-0.170168364264086,1.24501106211339,0.4584005177579445,0.34511288512136534
Rpl10,0.1948717948717948,0.5737373737373737,1.0,-0.0751122406970552,-0.0344251240280399,0.0069810154671045,3.150274618679706,3.079773543837415,0.7756898212898211
Msn,0.0495843045843046,0.5053613053613053,1.0,-0.1812590465051643,-0.0959235355722432,-0.0039602430316941,1.5086319380378064,1.4138779938965425,0.7756898212898211
Il2rg,0.1275273133578452,0.4935627897033893,0.959129759129759,-0.9907653292209028,-0.0781882054982189,0.1212513330810161,1.2887688783668088,1.2196557608876526,0.7756898212898211
Ogt,0.0310325195001449,0.2175908568701323,0.7509359138372155,-30.146078324710928,-1.7733915816187102,-0.1182539213121938,1.1044154931844388,0.341066060164634,0.6154164534652337
Rps4x,0.0379176379176379,0.3822843822843822,1.0,-0.0446301300442267,-0.0144371929589052,0.0162553967963623,3.86449613687562,3.82549308744852,0.7398165383776893
Xist,0.0069930069930069,0.0829836829836829,0.3822843822843822,0.0452417117648361,0.1329012723019093,0.214713165417243,2.625337665580515,2.8728226819687546,0.4420318954972416
Atrx,0.138855863107365,0.6339972307873878,1.0,-30.02997712307922,-0.2811364874059366,0.4025127617805806,1.0586810398797877,0.8792462738844057,0.7756898212898211
Cox7b,0.0262942089944858,0.1859940458034531,0.7123816042098661,-1.302710040568576,-0.1644260044651289,0.0075785068465031,1.30905687490043,1.175292996774225,0.5857040538604782
P2ry10,0.1057722078507525,0.5863822017886644,1.0,-30.00762900758042,-1.1835765510332834,1.0722957022090338,0.7906721132027992,0.4217787104773572,0.7756898212898211
Rpl36a,0.0498834498834498,0.4418026418026417,1.0,-0.0743845659209599,-0.0300097406083865,0.013614870958463,2.8275051668650253,2.773361731361475,0.7742339455694504
Tmsb4x,0.0281274281274281,0.1605283605283605,0.4418026418026417,-0.0941770188520663,-0.064419485162137,-0.034443682463738,4.796514650125878,4.5868957374482,0.5331127034830737
mt-Nd1,0.0018648018648018,0.0147630147630147,0.0829836829836829,0.0912764215970429,0.1458868436739706,0.1974152868668928,2.8198539877618174,3.110769641931665,0.30548084394238106
mt-Nd2,0.0001554001554001,0.001087801087801,0.0147630147630147,0.0973912074416342,0.166110828565117,0.2227743279726247,2.7311201192021546,3.0633994076108326,0.19507899507897933
mt-Co1,0.1303807303807303,0.5737373737373737,1.0,-0.007031526442237,0.013673302351391,0.0364856911808628,4.249800873380786,4.29032249724061,0.7756898212898211
mt-Co2,0.1303807303807303,0.5053613053613053,0.8784770784770783,0.0226017634197926,0.0410168287240169,0.0564309325645849,4.204548478684306,4.326015337129505,0.7756898212898211
mt-Atp6,0.0103263403263403,0.0649572649572649,0.1948717948717948,0.0484744451466006,0.0665255417646099,0.0834574180991107,4.351371438086509,4.554090866523925,0.4270473148618619
mt-Co3,0.0018648018648018,0.0281274281274281,0.1605283605283605,0.0170145199983065,0.0468189763407025,0.0724889414508,4.100116205959043,4.2332925025347645,0.3439217348308254
mt-Nd3,0.0206682206682206,0.1303807303807303,0.5053613053613053,0.0044394404420015,0.147006608323977,0.3038319294226602,1.4352429898347174,1.58634878463055,0.48711689545022857
mt-Nd4l,0.0649572649572649,0.1605283605283605,0.461920478323797,0.1791274498881941,0.3457261352931163,0.544088055680657,1.1667097582079826,1.474789624663845,0.5331127034830737
mt-Nd4,0.001087801087801,0.0104118104118104,0.0498834498834498,0.0699959279915254,0.1043650121447172,0.1413792604941706,2.9019934963649634,3.119133506239715,0.30548084394238106
mt-Nd5,0.0146542346542346,0.1048951048951048,0.7209013209013208,0.026062275894191,0.1648075022409774,0.3484034785358688,1.6781639009578275,1.88320250659024,0.4625702166685769
mt-Cytb,0.0018648018648018,0.0206682206682206,0.1048951048951048,0.0536950579851697,0.0887189039145237,0.1175786913573564,3.2943379011467977,3.506057333271275,0.33695462786371766
