gene,pval_lower,pval_median,pval_upper,log2fc_lower,log2fc_median,log2fc_upper,median_Salmonella_infTLSwk3_median,median_IL10_KOTLS_median,FDR_BH
Rpl7,0.0004763038818766,0.038707628800508,0.4268635389378423,-0.0950469577899204,-0.0473714526313704,-0.0099795439887379,3.3283557796555385,3.22144495714507,0.14177528629786287
Ptpn18,0.0010637453361911,0.0473446058585377,0.3441601174882899,-0.2736763765746327,-0.1793151378489693,-0.0817132870875118,1.6953190956370026,1.4973000351326513,0.15529223688633884
Cox5b,0.0061292096419454,0.1152655394141462,0.7920774787647853,-0.2475939655030415,-0.0978470345507412,0.015584909411604,1.34806832141898,1.2623127602023538,0.2597316821465428
Eif5b,0.2640489958279089,0.7675494509693419,1.0,-29.65761283604687,-0.2427041285643864,29.096918424338416,0.4231440357252937,0.354246375117303,0.7767416599629867
Rpl31,0.0003016591251885,0.0021592442645074,0.015860919266492,-0.2411249297261794,-0.181595798763176,-0.1230460874207937,2.5607318307969376,2.25708473615859,0.025458996328029112
Il18r1,0.1818309083777154,0.5768654408307012,1.0,-0.0283258492779796,1.0126761694782236,30.23244076384707,0.595460130230545,1.225023453939666,0.7030547560124172
Stat4,0.1349368897356513,0.6784313725490196,1.0,-0.0897937923696492,0.0059769469232163,0.150442558161003,1.4595444406120626,1.463635411102055,0.7241362229102167
Gls,0.0065360274816589,0.0802713616470359,0.4821584291658949,0.3012991031075225,1.7191239736515749,30.08198313190428,0.3225702534320717,1.094553072600015,0.21123932826719183
Stk17b,0.1349368897356513,0.5713582599031516,1.0,-0.0941369104707222,-0.0131197699985989,0.0570173425782561,1.884712711600324,1.8663238769800077,0.699706854519077
Sf3b1,0.0824958323410335,0.5713582599031516,1.0,-0.0782681550707949,0.0145332502085655,0.1510926923411879,1.5264980570980948,1.5428796638297062,0.699706854519077
Hspe1,0.1344451059776137,0.633591367193546,1.0,-0.1105584347330228,-0.0054528992565169,0.0990616841592998,1.3078255945047674,1.301524763838246,0.7186371882933509
Clk1,0.015860919266492,0.3837421608319441,0.9699293482575216,-0.2355766720525707,-0.0760399851611063,0.0717520033400154,1.5070071548256476,1.4275054209357476,0.5756132412479162
Sumo1,0.1813447646264983,0.6784313725490196,1.0,-0.1090673767004591,-0.0263766800581652,0.0958798978140129,1.30610135588869,1.282566825100655,0.7241362229102167
Cd28,0.0004763038818766,0.0314201794077955,0.3837421608319441,0.0292069397768112,0.1250036977798563,0.236445588733509,1.53575627710522,1.676787899138929,0.12543331464371904
Ctla4,0.0001111375724378,0.0054933714376438,0.0690958164642375,0.3117673777842926,0.5676858043457266,1.081066738418787,1.1285113422516428,1.6652641415410674,0.04886209331377906
Icos,0.0252441057394617,0.2082876875446535,0.910105580693816,-0.0150369484143498,0.0954070514535115,0.2200300100848349,2.050140552516526,2.190567678855565,0.3826154260331135
Eef1b2,0.0001905215527506,0.0201317774073192,0.2379772961816305,-0.1043654905677559,-0.0690137018351127,-0.0298061652348345,2.864971832295045,2.733425311564371,0.09629067118406447
Rpl37a,0.0201317774073192,0.1813447646264983,0.6784313725490196,-0.0552502485968301,-0.0398952302266756,-0.0247624479400248,4.073815525901296,3.9631256196704814,0.34435129462784503
Arpc2,0.1349368897356513,0.64330403310901,1.0,-0.0160486978226701,0.0202409388721604,0.0641014192052956,2.2836385639615173,2.3166387986064065,0.723182139215672
Ncl,0.004096213384139,0.0824958323410335,0.343145193299992,0.0962081233044491,0.1670405070856682,0.2423689814478184,1.8485537492345188,2.0749394465256,0.21123932826719183
Ptma,0.0690958164642375,0.343145193299992,0.9699293482575216,-0.0035082559476331,0.0512027979228963,0.0896950744720326,2.778102251332905,2.8812806941086064,0.5488158138898925
Actr3,0.0061455131856455,0.1152655394141462,0.6784313725490196,-0.2478674235043123,-0.1573740917540185,-0.0456959108849888,1.3730315840880225,1.2292169439071474,0.2597316821465428
Snrpe,0.0252441057394617,0.343145193299992,0.9699293482575216,0.002918788926437,0.0960539122894181,0.200389470638926,1.3997072815189373,1.4938086221178513,0.5488158138898925
Btg2,0.1349368897356513,0.5713582599031516,1.0,-0.1441372712113691,0.0691143061773454,0.2419632421839339,1.2243062593498777,1.2848005293885938,0.699706854519077
Ptprc,0.0073033261887751,0.0473446058585377,0.1349368897356513,-0.2701061920549247,-0.2204107706124892,-0.1820137982568957,2.958228173404588,2.5405781962176475,0.15529223688633884
Rgs1,0.0802713616470359,0.2453774716711445,0.638981086850574,0.2076626810376881,2.00290994047144,30.39959020161094,0.3492702373568775,1.345944149675495,0.426049240196131
Tpr,0.0029848376597602,0.015860919266492,0.1349368897356513,-0.2899911338204668,-0.1952003245762565,-0.096239317272773,1.783855911470455,1.5532234334114965,0.0874074572620809
Arpc5,0.0573787409700722,0.5713582599031516,1.0,-0.0766522534486656,0.0860333902501058,0.2376612848955105,1.2885691294098849,1.3653893040343523,0.699706854519077
Gas5,0.0095014686036357,0.1349368897356513,0.6798328967214403,0.0028725136375537,0.1372504961117518,0.2719117802179832,1.4854677447618625,1.6385730526219375,0.28866246032057047
Prdx6,0.0123997777248551,0.2082876875446535,0.6238787012780821,0.0908769634942623,0.1782031883990281,0.3415915748965671,1.38879915700325,1.568638390444426,0.3826154260331135
Prrc2c,0.0252441057394617,0.3837421608319441,0.9699293482575216,-0.0214890477761618,0.0495317774118215,0.1380607941494608,1.936678070780275,2.004545344109715,0.5756132412479162
Hnrnpu,0.015860919266492,0.3837421608319441,0.9699293482575216,-0.0722089546488653,0.0885241222607051,0.2790239252677096,1.3076545187543125,1.3895717829901,0.5756132412479162
H3f3a,0.0824958323410335,0.6238787012780821,1.0,-0.047206133347186,-0.0080276192638743,0.0281449270972055,2.5024040514245787,2.488469624129375,0.7108011270741295
Srp9,0.0946475624588327,0.5095606674005999,1.0,0.0145931031964361,0.1739547430632967,0.9144451921160194,1.0263147989859678,1.1523993386166027,0.6858413413212175
Fam107b,0.022796347982707,0.297075943320475,0.9078340000264986,-0.0154311844793224,0.1125315645152712,0.2686125563612083,1.1525673127503246,1.24958499696204,0.4922140629525517
Celf2,0.0004763038818766,0.0824958323410335,0.7934504609000155,0.0340524244947336,0.1778621481996495,0.3275165981943053,1.3927835390306735,1.575984270388186,0.21123932826719183
Edf1,0.025852082762503,0.1996030161831719,0.8450263631423363,-30.12330196067706,-1.1373518676959726,0.2638225738716467,1.0157731209490304,0.4620380554204937,0.37481010816617827
Rpl7a,0.1813447646264983,0.5713582599031516,1.0,-0.0359748688713921,0.02949412115163,0.0807134976747108,2.4517948035642565,2.504372374386014,0.699706854519077
Set,0.0687713300173633,0.615497508592667,1.0,-0.1431481682406127,0.0243419122088227,0.3577274032957376,1.2195073051335752,1.2407830406950564,0.7108011270741295
Rpl12,0.0015241724220052,0.0690958164642375,0.3837421608319441,-0.0814347350699341,-0.0516622662421634,-0.0258248923614603,3.952168980126715,3.814112313295146,0.18535226956279582
Hspa5,0.0252441057394617,0.1813447646264983,0.6784313725490196,-0.2682932214678382,-0.1538589115478482,-0.0162714078353478,1.85394120888375,1.6641769995391575,0.34435129462784503
Traf1,0.0020123814286729,0.0382688146348018,0.3330233645922859,-30.254848224860684,-0.7666115348283735,-0.1544616378630577,1.2030286590903023,0.7153013008737414,0.14177528629786287
Rpl35,0.0021592442645074,0.038707628800508,0.1813447646264983,-0.2008807077316883,-0.154107591681314,-0.1094909546482299,2.7743062083883814,2.494585409952597,0.14177528629786287
Cytip,0.1813447646264983,0.6784313725490196,1.0,-0.0496584235300241,0.036498948135819,0.148156988705958,2.0964826381577124,2.149113959597874,0.7241362229102167
Ssb,0.2082876875446535,0.7344923394458999,1.0,-0.1163486836365479,0.0134613896868156,0.1897145517072461,1.33765886632112,1.3477044257007873,0.7462677677336097
Atp5g3,0.0690958164642375,0.615497508592667,1.0,-0.1695417034142254,-0.0045120472874249,0.1038906830669183,1.1835976465795388,1.1821997204939088,0.7108011270741295
Hnrnpa3,0.0688028895768834,0.5713582599031516,1.0,-0.0634792931999524,0.0262989283535377,0.1054139565021268,1.5109444156788725,1.5367061030567688,0.699706854519077
Eif3m,0.0177045992149645,0.2153107493499366,0.9071710289327192,-1.5765909142665966,-0.1822309901258181,0.1798334600193838,1.077572631728775,0.949925085005904,0.3911379327203338
Nop10,0.0160711619837876,0.1884383173875887,0.8733381708570462,-30.00368578043754,-1.161859389822618,0.0738753034775967,1.011241491750407,0.4470392777204344,0.3564859213265204
Srp14,0.0015241724220052,0.0482901904027378,0.5212098995846498,-0.3129625634256937,-0.1632256219320005,-0.0029181748745131,1.3257866931186677,1.187014359757656,0.15694311880889783
Pdia3,0.1736964858864386,0.6708558092938122,1.0,-0.1921661056319003,0.0802471229295085,0.6481407758078155,1.0157746668030754,1.0711589797540904,0.7241362229102167
Serf2,0.038707628800508,0.2082876875446535,0.4268635389378423,-0.1460342119886875,-0.1099037626476886,-0.0746520566410631,2.416298181248317,2.2388008399590937,0.3826154260331135
B2m,0.047128681432087,0.1568627450980392,0.428008652853853,-0.065000853814112,-0.0417881425311117,-0.0186233822243028,3.4029548640657525,3.3049980724039587,0.31822479515828606
Snrpb,0.0794960921881719,0.595566020051665,1.0,-29.80796047002364,-1.2221834549914052,28.41248375607689,0.6593522049574165,0.2200139551595042,0.7108011270741295
Eif2s2,0.0002988806858775,0.0473446058585377,0.5208065412399778,0.068267693425729,0.1644247820083483,0.2860033203098235,1.25673643580912,1.41000725672589,0.15529223688633884
Rbm39,0.0007144558228149,0.0314201794077955,0.343145193299992,0.0834365419195067,0.1481936719728431,0.2072370862877613,2.164659635967415,2.400042720679528,0.12543331464371904
Top1,0.0824958323410335,0.5713582599031516,1.0,-0.0818854153186121,0.0655972435497716,0.2077527640950871,1.3553072965619426,1.42062677601285,0.699706854519077
Stk4,0.0054933714376438,0.1152655394141462,0.8506311026434865,0.0049245508172155,0.1090657666581182,0.2899037599406556,1.449136560039435,1.56206860738341,0.2597316821465428
Gnas,0.2702706993728666,0.7344923394458999,1.0,-0.0959942357368665,-0.0081783133696969,0.0766129568882304,1.5730528243173223,1.5634157907187651,0.7462677677336097
Atp5e,0.1807327141382869,0.7344923394458999,1.0,-0.0668667395385634,-0.0070426183158099,0.0556777306178419,2.0491869102061986,2.039197687723159,0.7462677677336097
Psma7,0.0252441057394617,0.1894959005389581,0.8773247938899854,-0.2648051432490622,-0.1470508356322578,0.0437566079589148,1.2977852774858725,1.17482309520582,0.35715398354368677
Rps21,0.0385254425656902,0.3837421608319441,0.9699293482575216,-0.0611979548355057,-0.030876696240922,-0.0051026676996987,3.8564795560785328,3.7763991688085374,0.5756132412479162
Rpl22l1,0.0073033261887751,0.1813447646264983,0.910105580693816,-0.0923152753632366,-0.0525944559649744,-0.0068318858794055,2.61127928836762,2.515373786452329,0.34435129462784503
Sec62,0.0095578312296578,0.1813447646264983,0.7344923394458999,0.0330671253559219,0.2230701343926216,0.3673235927162916,1.128833854872495,1.3163623374577271,0.34435129462784503
Mbnl1,0.1349368897356513,0.5208065412399778,0.9699293482575216,-0.126124660817678,-0.0516725860248403,-0.0156304815571327,2.261928058931206,2.1844784551147622,0.6858413413212175
Rps3a1,3.175359212510915e-05,0.0004763038818766,0.0202595856156226,0.0962164201611666,0.1409791677730951,0.1674854815210906,3.406547181491874,3.7559948153955647,0.011499336576735056
Tpm3,0.1348714179394879,0.5713582599031516,0.9699293482575216,-0.0272175289992681,0.0800346469649862,0.1894577570349513,1.4835218121003937,1.570575520505105,0.699706854519077
Rps27,0.0201317774073192,0.0978804477256489,0.3441601174882899,-0.123531198435505,-0.0752253932191267,-0.036598975381006,4.290912303599346,4.069564314885072,0.24207505852148287
S100a11,0.0573787409700722,0.5208065412399778,0.970681114551083,-0.0664940018600833,0.0415048950206127,0.1474626393480486,1.85701255896036,1.9123834604526389,0.6858413413212175
S100a10,0.3053901722632373,0.4726680955783123,0.7344923394458999,0.0093201940663475,0.1599599325712637,0.2524239514024231,1.8468504356959128,2.0684728197897737,0.6529774508397937
Mcl1,0.0015126617448598,0.0473446058585377,0.3348776756537789,-0.2656765363369249,-0.1768798488993777,-0.0933784796724135,1.4729130293024826,1.30057045922401,0.15529223688633884
Cd2,0.0029848376597602,0.038707628800508,0.4726680955783123,-0.3307951773386824,-0.2426171785941508,-0.0914773752354314,1.82000817174757,1.5364520217366375,0.14177528629786287
Csde1,0.1996030161831719,0.6708558092938122,1.0,-0.1085108042694331,0.0182689575084194,0.5257539086499322,1.146951151224695,1.16406141265733,0.7241362229102167
Ptpn22,0.0385254425656902,0.5713582599031516,1.0,-0.0680882888650067,0.0390237077472475,0.1210181338663059,1.56550232522519,1.6116623936193677,0.699706854519077
Rap1a,0.0473446058585377,0.6238787012780821,1.0,-0.1804811569027155,-0.0334991883598781,0.098830991849629,1.3995861815437012,1.365458491632685,0.7108011270741295
Atp5f1,0.0471816514623035,0.4177118661563722,0.9699293482575216,-0.1996963249518743,-0.0792120639028433,0.042155833312447,1.241615198012475,1.17626204520947,0.6120806824892505
Cd53,0.0003016591251885,0.0123997777248551,0.2082876875446535,0.0554235431885729,0.1377521050543815,0.214705163887189,1.6717228938654225,1.8375926903029924,0.07310101519187832
Rpl34,0.0095578312296578,0.1349368897356513,0.6784313725490196,-0.0354841556384857,-0.0191896500933102,-0.0070487880492521,3.86289156501376,3.812230997010482,0.28866246032057047
Ube2d3,0.038707628800508,0.4726680955783123,1.0,-0.1301714368429706,-0.050966956457085,0.0636468980488612,1.838971744661795,1.7751559520076077,0.6529774508397937
Nfkb1,0.0289247734264819,0.1569155794666105,0.5543742897628018,0.3010364250065018,2.379540105643936,30.13629804754742,0.2200552531061527,1.1196033775991774,0.31822479515828606
H2afz,3.175359212510915e-05,0.0004763038818766,0.0054933714376438,0.1738026917439131,0.2465926669146351,0.2980403435188248,2.497621990690085,2.9705231309721,0.011499336576735056
Sh3glb1,0.038707628800508,0.3958881626528012,0.9699293482575216,0.0414506436669412,0.2018880412355937,0.4243410521234475,1.099822819125095,1.2672029771695152,0.5886079133870094
Gng5,0.0690958164642375,0.1349368897356513,0.5208065412399778,0.0431730363791185,0.1233051199313114,0.18534357385983,1.8531970706549312,2.016198013899559,0.28866246032057047
Srsf11,0.0573787409700722,0.5622453293122838,1.0,-0.1581437934357513,-0.0441903294222678,0.1715199072723062,1.224383257720465,1.1938243576415402,0.699706854519077
Rps20,0.0007085020242914,0.0314201794077955,0.271148686195125,-0.087522563781379,-0.0707500410406625,-0.027246000615909,4.073000904608813,3.870031313182048,0.12543331464371904
Rab2a,0.0029316408379423,0.0278317489826975,0.262563069983979,0.149461603518895,0.3554023091039457,1.7227987581777275,0.9584311169748706,1.2253230469219023,0.11857728348090447
Pnrc1,0.0007144558228149,0.0123997777248551,0.0824958323410335,0.1136231732248037,0.1779587365772941,0.2510493053385386,1.7713448282279511,2.00098472201546,0.07310101519187832
Dnaja1,0.0021592442645074,0.0573787409700722,0.3053901722632373,0.068213937182457,0.1278184937181105,0.196163514719621,1.5545479475801265,1.70041264680042,0.1711236568930977
Clta,0.0065360274816589,0.0474759304090385,0.389755717262383,0.26977572793083,1.4485189577924735,30.131191564121067,0.41380817551147,1.146430746719655,0.15529223688633884
Sec61b,0.343145193299992,0.7920774787647853,1.0,-0.0809802893967598,-0.0128470583316095,0.0611828785001785,1.4722829740021974,1.4566827372681224,0.7967922256621948
Txn1,0.0473446058585377,0.2702706993728666,0.7920774787647853,0.0405991968942273,0.1640312235718767,0.3015695768925628,1.2701984984223675,1.422671833330365,0.4537325979537859
Ptbp3,0.0029316408379423,0.0584916617497321,0.4878664499608851,0.126782072769775,0.3091735321284055,1.1421262833506718,1.0176279021403247,1.258081823813195,0.17141776015672933
Tnfsf8,0.0201317774073192,0.3837421608319441,0.910105580693816,-0.2073481222268932,-0.082176806011417,-0.0040034619604071,2.01842786497736,1.9170324923781423,0.5756132412479162
Rps6,0.0001905215527506,0.0073033261887751,0.0690958164642375,-0.1093633249938002,-0.0828118099207493,-0.0558444279044663,3.264350735579365,3.0812746759902088,0.05366357069143443
Jak1,0.0251162975311582,0.3294188368214322,0.9699293482575216,-0.0268479710161883,0.0469486429650252,0.1800258644660567,1.3831080020843576,1.425173002765505,0.5405027516778839
Mier1,1.5876796062554575e-05,0.0010374103461443,0.0123997777248551,0.1816181273262016,0.365073395128962,0.61511626976041,1.2178922853801213,1.56580128920117,0.01739738340157702
Tut4,0.0473446058585377,0.5208065412399778,1.0,-0.0362309367238143,0.0617042850415169,0.1457102906553025,1.4960805713923464,1.5604104567426376,0.6858413413212175
Uqcrh,0.0473446058585377,0.3837421608319441,0.9699293482575216,-0.0865629065478943,-0.0263145952703799,0.0192152001975887,2.27576798072529,2.2384225147740624,0.5756132412479162
Prdx1,0.0385848971333692,0.2453774716711445,0.9077328576334536,-0.2839917336633937,-0.1169832067851434,0.1140155411271299,1.2237033016073249,1.1236086129788512,0.426049240196131
Rps8,0.0003016591251885,0.0123997777248551,0.2082876875446535,-0.0779695598155742,-0.0564650541691783,-0.0242912194405286,4.06263554776542,3.905938057850981,0.07310101519187832
Ybx1,0.0571278875922839,0.1568627450980392,0.7920774787647853,0.0356401375294167,0.1428507297943379,0.2330163187694529,1.880525863605213,2.076274366866381,0.31822479515828606
Sfpq,6.35071842502183e-05,0.0010637453361911,0.0201317774073192,0.2748048953888165,0.4371755191169526,0.6492326817040279,1.0395878021870275,1.41093964734377,0.01739738340157702
Lck,0.0004386095771341,0.0037806282899225,0.0441437484607349,-0.5523392608339599,-0.4310705291432399,-0.2785126170373867,1.4651573873848651,1.0854442959527923,0.03911792944878995
Khdrbs1,0.0819615095086737,0.2702706993728666,0.9077328576334536,-0.2210648602639862,-0.1254051630168969,-0.0061233467639829,1.3352255628638012,1.2246463640947365,0.4537325979537859
Ptp4a2,0.0007144558228149,0.0201317774073192,0.1813447646264983,-0.2304974061590042,-0.1566257490512107,-0.0705920552586855,2.01077282921707,1.8036887206990528,0.09629067118406447
Laptm5,0.015860919266492,0.1568627450980392,0.910105580693816,-0.1613675612548354,-0.106012304091313,-0.0265974034903597,2.063001977668999,1.91517349600611,0.31822479515828606
Cd52,0.0690958164642375,0.343145193299992,0.910105580693816,-0.1181526931261996,-0.0555098619428799,-0.0030082882418473,2.799670685558042,2.699560811635528,0.5488158138898925
Sh3bgrl3,0.0252441057394617,0.343145193299992,0.9699293482575216,-0.0173174310753329,0.0791752777060312,0.1702000685079426,1.82914536907932,1.92846373819435,0.5488158138898925
Rsrp1,0.1813447646264983,0.5208065412399778,0.9699293482575216,-0.2075465364642752,-0.1134140501218511,-0.0151958118916593,1.6441695101832523,1.5225528526506,0.6858413413212175
Syf2,0.0638927335754213,0.4629209642261225,1.0,-0.0946412803247503,0.10738063331263,0.4866596047562589,1.0099254863187617,1.091381948485505,0.6529774508397937
Srrm1,0.0335975653949324,0.3742280472974733,0.969182212422568,-0.2639493789172828,-0.0953802054871933,0.1808836929946174,1.1756989501130723,1.1018044975346326,0.5756132412479162
Rpl11,0.0021592442645074,0.0201317774073192,0.0978804477256489,-0.0676902644117998,-0.0526222768596861,-0.0357314959053013,3.753260742916223,3.6185742892049815,0.09629067118406447
Cdc42,6.35071842502183e-05,0.0252441057394617,0.1820183376994516,0.083617201443647,0.1887163638097532,0.2913311803744269,1.693036005657301,1.9248231941348115,0.11129357921658332
Micos10,0.0354712731273732,0.3646530466961222,0.967739567973502,-29.93978706412512,-1.36467776293493,0.7099890566951487,0.9348950586176568,0.3571757880148595,0.5756132412479162
Rpl22,0.0095578312296578,0.1568627450980392,0.7359319679288707,-0.0632380108968942,-0.0412525679186296,-0.0177741681171029,3.2446682279555388,3.154659089727855,0.31822479515828606
Tnfrsf4,0.0031156560380675,0.0162040469252918,0.0728974338943783,-30.610342094829026,-2.791772052962303,-0.5974904473865388,1.5153476027227226,0.2192734010026542,0.08833819130239724
Sri,0.0132051666645675,0.1214136242215987,0.5622453293122838,-0.3094558806324424,-0.1656138012566582,-0.0054919846737861,1.316130733738155,1.1778023457173288,0.27237481185995815
Kmt2e,0.0824958323410335,0.64330403310901,1.0,-0.0406046668689333,0.0521689525326315,0.1430994269731872,1.3772294776880225,1.4253428876125314,0.723182139215672
Tomm7,0.1349368897356513,0.7344923394458999,1.0,-0.0915474745493406,0.0364638257648736,0.1994226826123306,1.378399215874095,1.4121784757125049,0.7462677677336097
Dnajb6,0.015860919266492,0.1349368897356513,0.6784313725490196,0.0285736792748191,0.1373255435774524,0.2715752341167081,1.45692140107289,1.60434747604617,0.28866246032057047
Ost4,0.0660957349173372,0.3140483223727142,0.9071797966467664,-0.2373039935637108,-0.0854013295282055,0.1161514956966623,1.1942189954245677,1.1277801953225488,0.5169561670226172
Arap2,0.1349368897356513,0.6238787012780821,1.0,-0.163990718660181,-0.0056349328464393,0.1942634452033179,1.3409606771976164,1.33741044435453,0.7108011270741295
Rpl9,0.1152655394141462,0.6784313725490196,1.0,-0.0259955938289833,-0.0042527531164481,0.0204253177041855,3.695955086192445,3.685529327245465,0.7241362229102167
Hnrnpdl,0.0391489942439858,0.2838788176757985,0.9016371476502788,-30.020127212813158,-2.143244428797642,0.6744344222174303,0.8699126093317073,0.1925377967933297,0.47344263342641396
Rpl5,0.0003016591251885,0.0095578312296578,0.1152655394141462,-0.1026749150588043,-0.0808985386053043,-0.0535526412125131,3.1242273744505087,2.952727243927581,0.0621259029927757
Rplp0,0.0040684289910296,0.0573787409700722,0.343145193299992,-0.075114531934497,-0.0496000501015619,-0.0259507601111007,3.5579773282625453,3.4364852967348125,0.1711236568930977
Rpl6,0.0007144558228149,0.0073033261887751,0.0473446058585377,-0.1097768909889796,-0.081941481520787,-0.0559131248693782,3.4398847418781924,3.2513218365140752,0.05366357069143443
Ppp1cc,0.0004763038818766,0.0123997777248551,0.1152655394141462,0.2473374783132365,0.486635981542954,0.7776476539905441,1.075118212483643,1.510417285303015,0.07310101519187832
Arpc3,0.0007144558228149,0.0029848376597602,0.038707628800508,0.2629742629887653,0.3111495172239824,0.3700878515764462,1.8170586085753389,2.255057656329739,0.03289810203257438
Orai1,0.2403744156702875,0.715864503000013,1.0,-29.79873867839163,-0.882426840322265,28.686923584749167,0.6360085406442801,0.4048910212876975,0.7462677677336097
Rsrc2,0.1318917059272425,0.6784313725490196,1.0,-0.1555339127331468,0.0110854511903657,0.1556266213852137,1.16392108922183,1.1766740120664487,0.7241362229102167
Vps37b,0.0001111375724378,0.0005851107704714,0.0023146375982845,0.3494502487238671,0.6275241943231016,1.4008059511293445,1.117634051341232,1.7170674367346723,0.013484143664954536
Tmed2,0.0043055053740066,0.042065641372109,0.2457344130928771,-1.37698260415011,-0.2681126486991457,-0.0680293603161004,1.1658306051874523,0.9802126646766992,0.14914181941020463
Ran,0.0400550840598691,0.4171856441993936,1.0,-0.0049017658060009,0.1091729382931338,0.7376317675401092,1.0852534118403137,1.1753603562488837,0.6120806824892505
Chchd2,0.0021592442645074,0.0690958164642375,0.5208065412399778,0.0262796443469859,0.0824075608690953,0.139735466213061,1.9648924836035548,2.078938212466956,0.18535226956279582
Actb,1.5876796062554575e-05,1.5876796062554575e-05,0.0003016591251885,-0.282544841880769,-0.2370036498865583,-0.202445595545332,3.550421851574516,3.0120700255497828,0.004024767801857585
Rac1,0.004096213384139,0.0201317774073192,0.1349368897356513,0.1158370059203724,0.2123937438084248,0.3071482169561086,1.1689070932344323,1.3555343563575712,0.09629067118406447
Arpc1b,1.5876796062554575e-05,6.35071842502183e-05,0.0029848376597602,-0.4054951532194603,-0.3183664655802601,-0.2261929931922949,1.8040217328010923,1.4492203471254264,0.004599734630694382
Atp5j2,0.0824958323410335,0.5713582599031516,1.0,-0.1477112014972322,-0.0470910137626827,0.0420010148567272,1.4652424133993336,1.4193014622083877,0.699706854519077
Rpl21,0.0003016591251885,0.0095578312296578,0.0573787409700722,-0.0933381102683904,-0.0735500592534357,-0.0547605653818839,3.5245549036451727,3.3489084152328963,0.0621259029927757
Polr1d,0.0824958323410335,0.5208065412399778,1.0,-0.1040248546227618,0.0476784429533402,0.1842962495725594,1.5034042660810925,1.55375318108554,0.6858413413212175
Hmgb1,0.0029848376597602,0.0690958164642375,0.5208065412399778,-0.2016719691154252,-0.1224278135876884,-0.03383464576458,1.835704985129625,1.6866227035669998,0.18535226956279582
Sem1,0.0688028895768834,0.6238787012780821,1.0,-0.0906317697268661,0.0051230109594315,0.1137511588461011,1.6710206723672087,1.6793112447149126,0.7108011270741295
Ndufa4,0.0123997777248551,0.4726680955783123,0.970681114551083,-0.0648132646712648,0.0563660501856309,0.158941949891382,1.5277021118519274,1.5921586601732465,0.6529774508397937
Capza2,0.0883516357539666,0.5063113778682997,1.0,-0.3020275788383916,-0.0646622751054977,0.2525670618910461,1.0960722650044925,1.0510595148581623,0.6858413413212175
Arf5,0.0123997777248551,0.2315792029737146,0.910105580693816,-0.2362289183537432,-0.1054033138853502,0.0645744738317138,1.3317728303312824,1.2341762637328313,0.4148786427832979
Atp6v1f,0.0488002359715315,0.5208065412399778,1.0,-0.0894506468489505,0.0408644636224451,0.2564646357948782,1.2529235456978671,1.2855891404394275,0.6858413413212175
Zc3hav1,0.0040114305565442,0.0534444192530722,0.3646530466961222,0.2507644089308686,1.548764059263362,30.015969460542586,0.354744250801683,1.0284564261396,0.1711236568930977
Luc7l2,0.0978804477256489,0.6238787012780821,1.0,-0.1650795993033,-0.0078733421375741,0.085249393343679,1.3225287014586486,1.3159435430684423,0.7108011270741295
Trbc1,0.0527220252589149,0.3685705775343052,0.968559887123876,-0.6271292223333332,-0.1826027443581477,0.9060001677278512,1.649447233382244,1.448857311181085,0.5756132412479162
Trbc2,0.0054933714376438,0.1152655394141462,0.6238787012780821,-0.1413686061310502,-0.0779978432845244,-0.0071472310732214,2.501455784844458,2.366458172801045,0.2597316821465428
Gimap4,0.0076818062802948,0.0639774891491002,0.3053901722632373,-0.3638308180317207,-0.2588824027785447,-0.1587578597571685,1.462952336839955,1.224267606450645,0.18325755366437177
Gimap6,0.0040684289910296,0.038707628800508,0.3053901722632373,-0.3431696285344552,-0.2210017951031378,-0.0609088562698665,1.9386659446303829,1.66344735203949,0.14177528629786287
Gimap1,0.1894959005389581,0.5622453293122838,1.0,-0.212050209192465,-0.0479641481716427,0.1745268277691934,1.2890104256408077,1.2559363401583523,0.699706854519077
Gimap3,0.0015241724220052,0.0473446058585377,0.5208065412399778,-0.2959523031299061,-0.1697327137016914,-0.016140722281455,1.8129154362145607,1.610285828422941,0.15529223688633884
Hnrnpa2b1,0.015860919266492,0.2379772961816305,0.8506311026434865,0.0095298704122546,0.0718231658911186,0.1308017436774478,1.8637467419129825,1.95879228255662,0.4174895818826528
Tax1bp1,3.175359212510915e-05,0.0573787409700722,0.7920774787647853,0.0339035656228736,0.1775603561155113,0.3131168264952811,1.4666064433467814,1.6618015920160876,0.1711236568930977
Serbp1,0.0021592442645074,0.0824958323410335,0.6784313725490196,-0.1623624030123624,-0.0675056139391162,-0.003832787013823,1.9470934319587725,1.8599136246897008,0.21123932826719183
Igkc,0.2082876875446535,0.4268635389378423,0.7344923394458999,0.038988476964993,0.0886280465873975,0.1442585786053701,2.2076053077197173,2.348359736174868,0.6165806673546611
Tmsb10,0.0123997777248551,0.2379772961816305,0.910105580693816,-0.0595226401839518,-0.0222063782877974,0.006954226797668,3.31386737884372,3.2615325552336776,0.4174895818826528
Snrpg,0.0690958164642375,0.5713582599031516,1.0,-0.0458097604972788,0.0265111466717922,0.0966482925632202,2.0104849368055677,2.0465884773705474,0.699706854519077
Cnbp,1.5876796062554575e-05,0.0073033261887751,0.1813447646264983,0.0997127965786381,0.2185976184293923,0.3404501588752553,1.52800845147395,1.7771728965096023,0.05366357069143443
Bhlhe40,0.3646530466961222,0.8397467778155911,1.0,-0.7090226898976822,0.9648013473770898,30.052737518455828,0.5264995810080499,1.0410107247550324,0.8430725076287222
Rpl32,0.0015241724220052,0.0690958164642375,0.6238787012780821,-0.0558833972255153,-0.0317177519326651,-0.0081999054992538,3.950341379535285,3.8647161326212025,0.18535226956279582
Hnrnpf,0.0314201794077955,0.2702706993728666,0.7920774787647853,0.0192629166762898,0.1124333177551488,0.2241385446760887,1.66966511626734,1.8040136404168277,0.4537325979537859
Wnk1,0.0029641978248789,0.0362529954577324,0.4726680955783123,-0.3707983792065012,-0.2352248662397975,-0.1046774076535622,1.604840666287635,1.3641623071838676,0.14138668228515636
Cd4,0.001542396104861,0.0130238645462553,0.1007410500831178,-30.16157146042572,-3.122852450556121,-0.2990248890694656,1.1299712376427025,0.1346896282886287,0.0758976933902464
Gapdh,0.0312657775660871,0.3837421608319441,0.9699293482575216,-0.1100199750249015,-0.0390354650660024,0.0183658057328036,2.1363769006076927,2.082039791566517,0.5756132412479162
Clec2d,0.0177390308677953,0.0946475624588327,0.3942823566778916,-0.4090475750950711,-0.2310708394154114,-0.1006873050631104,1.39913468769512,1.1987803549757674,0.23993157083314087
Cdkn1b,0.0134915374815255,0.1050616947607938,0.5713582599031516,0.0577182735063725,0.1421382040072583,0.2377509839467538,1.2339708625250574,1.35964741681387,0.2573250205010747
H2afj,0.0003016591251885,0.0073033261887751,0.1813447646264983,-0.3047401848046785,-0.207910400355345,-0.1080503451632285,1.4262705978839776,1.2345264424341271,0.05366357069143443
Arhgdib,0.0021592442645074,0.015860919266492,0.0690958164642375,-0.418527377581971,-0.3229943049551145,-0.2323317213268572,1.821490066191115,1.4591425553087587,0.0874074572620809
Aebp2,1.5876796062554575e-05,0.004096213384139,0.0690958164642375,0.1621665439769878,0.2588480784857067,0.3807279297372353,1.3653033051442525,1.6330050431458487,0.03993808049535525
Kras,0.0473446058585377,0.4268635389378423,0.9699293482575216,-0.2278554680800527,-0.1045994293766549,0.0483466469391924,1.66635947802437,1.5516996140163724,0.6165806673546611
Rps9,0.0007144558228149,0.0201317774073192,0.0690958164642375,-0.0861011769717619,-0.0564892940150486,-0.0310558696753993,3.841225394320675,3.693095384089292,0.09629067118406447
Rpl28,1.5876796062554575e-05,0.0001905215527506,0.0054933714376438,-0.1447758642565668,-0.1186412419798559,-0.081351443345814,3.5598487271110377,3.277577985690442,0.00965944272445542
Rps5,0.0473446058585377,0.3634436770659681,0.9699293482575216,-0.038881531393195,-0.0161999246802132,0.0166236134304044,3.698674563403292,3.656056201919673,0.5756132412479162
Selenow,6.35071842502183e-05,0.0015241724220052,0.0252441057394617,-0.3223824865516299,-0.2486150295635615,-0.1586470180780601,1.514929241822696,1.2743357162980251,0.022078726227332465
Snrpd2,0.1110173717526384,0.5613582450978213,1.0,-0.2008034458914644,-0.0287576719048559,0.4180099010828688,1.1583590719929775,1.1372523672431951,0.699706854519077
Rps19,0.2702706993728666,0.7344923394458999,1.0,-0.0349260677568596,-0.0036994060627883,0.0284082858704891,3.640274147107431,3.632387856313615,0.7462677677336097
Rabac1,0.0059686693402117,0.0405991304587522,0.4183290272000608,0.2475661035935537,0.5811093796154998,30.107504240158946,0.781116068373144,1.1752503489392023,0.14495605029991104
Rps16,0.0252441057394617,0.2702706993728666,0.9699293482575216,-0.0355029777350659,-0.0131032837429851,0.013894166304551,4.075083408296886,4.039827115338452,0.4537325979537859
Gmfg,0.0004719377629594,0.0824958323410335,0.2082876875446535,-0.2925282363480207,-0.2045405082757834,-0.1233720972716586,1.9068277215013971,1.652902667944851,0.21123932826719183
Eif3k,0.0004763038818766,0.0201317774073192,0.2379772961816305,-0.2729621825851235,-0.1880165062390846,-0.0831895016640106,1.4797890870425738,1.2971420474593112,0.09629067118406447
Hcst,0.1568627450980392,0.6784313725490196,1.0,-0.1519706992485611,-0.0160044705779977,0.1370518752149627,1.5313301325463748,1.5198219775845612,0.7241362229102167
Cox6b1,0.0095578312296578,0.1568627450980392,0.8506311026434865,-0.2036853334974417,-0.0986584056273522,0.0108054777495796,1.4034681541198188,1.3104205959654098,0.31822479515828606
Fxyd5,0.2379772961816305,0.6784313725490196,1.0,-0.1416041028414625,-0.0271222588665313,0.1223958906149636,1.8743047456977335,1.83027514130867,0.7241362229102167
Rps11,0.0007085020242914,0.038707628800508,0.3837421608319441,-0.0609150821276119,-0.0453485614245184,-0.0263848579721203,3.80904824935911,3.690667095703852,0.14177528629786287
Rpl13a,0.0015241724220052,0.0252441057394617,0.2702706993728666,-0.0865713011833383,-0.057113589391169,-0.0158773864352612,3.63603891136175,3.492442927318326,0.11129357921658332
Ftl1,0.004096213384139,0.0073033261887751,0.0573787409700722,-0.2349544159773137,-0.1834484086923672,-0.1421678346116576,2.274243266364095,2.0042088762656687,0.05366357069143443
Rpl18,0.0004763038818766,0.038707628800508,0.4726680955783123,-0.046017401718078,-0.029602290658742,-0.0101470761430473,3.643835028349585,3.571269057344805,0.14177528629786287
Ldha,0.0123997777248551,0.2379772961816305,0.6784313725490196,0.0615299324388512,0.2029680490143398,0.4047372896736865,1.3368397261780811,1.538231460665715,0.4174895818826528
Chd2,0.0054933714376438,0.1152655394141462,0.7871838474924749,0.0158396015847539,0.1363543231662878,0.3063404176371145,1.3459356770740225,1.482168647619826,0.2597316821465428
Akap13,0.0978804477256489,0.6238787012780821,1.0,-0.0781255069660706,-0.0060545403855214,0.0590527772588336,2.0467658043984365,2.0348350819107788,0.7108011270741295
Iqgap1,0.2974397791804603,0.7567332360489443,1.0,-0.1628761410569341,0.0496580700407532,0.2456049683816067,1.0625755556598704,1.1062753211013951,0.7673275013536295
Rps17,0.0073033261887751,0.1152655394141462,0.7920774787647853,-0.1372109036888532,-0.0805424071975848,-0.0047620700505191,2.596883470373916,2.4538870687944687,0.2597316821465428
Rps3,0.2082876875446535,0.6784313725490196,1.0,-0.0226851062404498,-0.0050064617192409,0.0134071316415111,3.504556445049308,3.488762705751969,0.7241362229102167
Spcs2,0.0690958164642375,0.5713582599031516,1.0,-0.1698609858807607,-0.028878543860779,0.1583617410599754,1.2341142362487512,1.20779040120027,0.699706854519077
Ucp2,6.35071842502183e-05,0.0007761696331711,0.0185720504973171,-0.4958479439362533,-0.3432297692773171,-0.2320359391010566,1.51947308345262,1.1982077183073776,0.015740720160709907
Eif3f,0.0095578312296578,0.0690958164642375,0.5208065412399778,-0.3309653353456244,-0.2202060791202947,-0.067069957025238,1.8954424203430824,1.6312112338515248,0.18535226956279582
Rpl27a,0.0007144558228149,0.0824958323410335,0.7344923394458999,-0.0450057276069233,-0.0233679890431449,-0.0020722616958844,4.05016259086372,3.9857553016895513,0.21123932826719183
Eif4g2,0.0022981611596437,0.0613057863549843,0.2958397012671105,0.1240021637010545,0.2636262549562016,0.4734661027273197,1.11690512702586,1.3428660283615113,0.17863237748262667
Rps13,1.5876796062554575e-05,0.0001111375724378,0.004096213384139,0.0549848426134938,0.0711050188465417,0.0853898862571524,3.606528643453528,3.787947346763655,0.007043343653245575
Rps15a,0.0123997777248551,0.2082876875446535,0.8506311026434865,-0.0005987855856356,0.014507348616541,0.0286213167386379,4.0738455436448255,4.113363136963902,0.3826154260331135
Arl6ip1,0.1201027001322815,0.5063113778682997,1.0,-0.536843656007563,0.5754630002909131,29.831168139231984,0.6822772990156074,1.0441289533514129,0.6858413413212175
Lat,0.0010637453361911,0.0226430210233521,0.2379772961816305,-0.4334898001350133,-0.3298257655328445,-0.1761573094492952,1.5284687255027365,1.2212840074293476,0.1072898285872852
Coro1a,0.0001111375724378,0.0021592442645074,0.0573787409700722,-0.4287561744161244,-0.3309133720231155,-0.1947603098502622,1.8307670241595,1.4515903054784465,0.025458996328029112
Gdpd3,0.1318811298530948,0.6708558092938122,1.0,-0.1649212859519505,-0.0210023044390922,0.2331583681946626,1.457434351853074,1.4352567647105063,0.7241362229102167
Aldoa,0.1519040882997985,0.6427394277646983,1.0,-0.2333417817623826,0.0660603940997016,0.4201089766976942,1.0530690853093776,1.1138524905140288,0.723182139215672
Sept1,0.0001111375724378,0.0013600451325973,0.0408264300091681,-0.4544288754455931,-0.3513006791599179,-0.2219702976817762,1.4995714792583923,1.1731998336906737,0.02154821506958847
Fus,0.1813447646264983,0.6784313725490196,1.0,-0.0787205039609038,0.0089196442880403,0.1679506804469492,1.22490949123528,1.229913303362277,0.7241362229102167
Rplp2,0.0021433674684448,0.0690958164642375,0.5208065412399778,-0.0527414952464644,-0.0255269226007901,-0.0027893512242019,3.6725562245965215,3.6091586008741374,0.18535226956279582
Lsp1,0.0367103646724126,0.2408721217561525,0.8437706440141102,-30.178863351910007,-0.6219298287798535,0.2672798532915907,1.103033255430257,0.6706778739398005,0.4211109163116183
Nsd3,0.1630738137573272,0.6238787012780821,1.0,-0.1917996165339119,-0.0036372581889409,0.2392773863775527,1.1409896751247353,1.1407564154476613,0.7108011270741295
Leprotl1,0.0490365060375566,0.6150966618402355,1.0,-0.2163277174276664,0.0312330920581948,0.3614774185095735,1.064557716326621,1.092669718772039,0.7108011270741295
Saraf,0.0054933714376438,0.1152655394141462,0.5713582599031516,0.0567669435078195,0.1793156842415733,0.3326830347065297,1.38375726115349,1.5654092816825562,0.2597316821465428
Hmgb2,0.0824958323410335,0.4268635389378423,0.9699293482575216,0.0183214068274767,0.0845631751196946,0.1711111668755392,2.007193854773781,2.1260388356794757,0.6165806673546611
Ndufa13,0.0821176473869336,0.4161290067702085,1.0,-0.2440840232572985,-0.0889335821558848,0.0698048418486296,1.269411764908711,1.1894450322423575,0.6120806824892505
Uba52,0.033570939215794,0.1152655394141462,0.3140483223727142,-0.5343110393657321,-0.3843243591204666,-0.25522948803573,1.4268042343840237,1.0869572313981937,0.2597316821465428
Jund,0.0001905215527506,0.0021592442645074,0.015860919266492,-0.5924846511189399,-0.5184710126390396,-0.428952240523315,2.2871731123094112,1.5919446781877888,0.025458996328029112
Rpl18a,0.0473446058585377,0.4726680955783123,0.9699293482575216,-0.0404923108174891,-0.0164992878563401,0.0118215593076116,3.82625581218325,3.782212219651836,0.6529774508397937
Tpm4,0.0009971025540068,0.0148222169241975,0.1634338339212081,0.3788992365333657,2.048516893616388,30.18565556651491,0.2805911072579225,1.19059072029047,0.08443667393896778
Smarca5,0.0200474885286189,0.2217640684635702,0.936468000897405,0.0538267091650479,0.6705094638028835,30.08032989149249,0.6963045136006555,1.109722845832445,0.39870348479088685
D8Ertd738e,0.0029848376597602,0.1813447646264983,0.9699293482575216,-0.0399233071088575,0.0913057730209706,0.233291453462816,1.3036780219686324,1.3896188638765776,0.34435129462784503
Calr,0.0210742520191521,0.1006037656841813,0.4389787556638075,-30.035029194658144,-0.2748878882261458,-0.0386553539268656,1.11930499384409,0.9369738839283894,0.247602471853786
Junb,0.0010637453361911,0.015860919266492,0.1813447646264983,0.1157328860971306,0.2403348220516609,0.3627950377283194,1.62752555710878,1.9218853473273776,0.0874074572620809
Maf,3.175359212510915e-05,0.0001905215527506,0.0015241724220052,0.382825594968709,0.5543628456715509,0.7186520581694135,1.2814321515651377,1.886183470095505,0.00965944272445542
Cox4i1,0.0004763038818766,0.0690958164642375,0.6784313725490196,-0.1352441799652279,-0.0712144604143819,-0.022933531539352,2.19625682954308,2.0922228169445973,0.18535226956279582
Map1lc3b,0.0004763038818766,0.0690958164642375,0.5713582599031516,0.0553492391762791,0.1732280525752976,0.2714666603108068,1.5192421247160577,1.71555016715358,0.18535226956279582
Cyba,0.0120318597994687,0.1136029476053177,0.7287779449771542,-0.5272362211904033,-0.2184256526822367,-0.0345032577949916,1.2976343605633875,1.1194136156497074,0.2597316821465428
Ankrd11,0.0385254425656902,0.5713582599031516,1.0,-0.0572228034986133,0.0417489594682821,0.1400798893151191,1.5730089969101249,1.619358240951075,0.699706854519077
Rpl13,0.015860919266492,0.1349368897356513,0.6784313725490196,0.0006993924050185,0.0235042739412202,0.0441538420588698,4.189429648457625,4.258940279902882,0.28866246032057047
Tomm20,0.0252441057394617,0.2702706993728666,0.9699293482575216,-0.1448459867793776,-0.0633740487457494,0.0464743929968273,1.7483145920536276,1.6686138778993425,0.4537325979537859
Tmem123,0.2318338701841888,0.7227912249010906,1.0,-0.3770352845840995,0.2508799333076682,0.9314684060726311,0.9113059782507056,1.087759130623806,0.7462677677336097
Ubl5,0.0573787409700722,0.5208065412399778,1.0,-0.0506249755254734,0.0646356748804114,0.1772312274873657,1.8804210960005772,1.964795595961724,0.6858413413212175
Sept7,0.0218317488739345,0.3685705775343052,0.9699865729012168,-0.3274892234839447,-0.0913816620527946,0.0842023830952958,1.1494570802531476,1.0897833495182274,0.5756132412479162
Ets1,1.5876796062554575e-05,0.0004763038818766,0.015860919266492,0.0580957630683061,0.1052767450142717,0.171173795580722,2.4043589785343427,2.5864935789576298,0.011499336576735056
Hspa8,0.0157743907279511,0.1813447646264983,0.8506311026434865,-0.0089567512612414,0.0861721469171604,0.1317757611569383,1.98569939268486,2.113310938281525,0.34435129462784503
Rps25,0.2379772961816305,0.6784313725490196,1.0,-0.05374290655415,-0.0174092919507963,0.0428501886467266,3.0047931752664923,2.9675784953938726,0.7241362229102167
Ddx6,0.0120027257211606,0.1790742193217239,0.7926978841143436,-0.2966267058994701,-0.1693557696197796,-0.0024960787617573,1.2621865861288373,1.12619081641296,0.34435129462784503
Atp5l,0.0054933714376438,0.1152655394141462,0.5713582599031516,-0.1568464775627598,-0.0768162045592042,-0.0179906508400009,1.9708822574411824,1.86937605228129,0.2597316821465428
Cd3g,0.1152655394141462,0.3837421608319441,0.9699293482575216,-0.1249189212047588,-0.058850806976064,0.0077672039776214,2.05063651179528,1.96924660654991,0.5756132412479162
Cd3d,1.5876796062554575e-05,0.0054933714376438,0.1354850361197105,-0.2286086704135013,-0.1488594705620727,-0.0785041786040176,2.2091301750165098,1.9899420807204915,0.04886209331377906
Cd3e,0.0021592442645074,0.0690958164642375,0.7359319679288707,-0.2514807439162668,-0.1393153337003344,-0.0132460330689608,1.9336697751246412,1.75280707426609,0.18535226956279582
Cox5a,0.0201317774073192,0.3837421608319441,0.970681114551083,-0.0408219935829172,0.0909626669004079,0.2709017985193417,1.19187775165478,1.2687040041337363,0.5756132412479162
Rplp1,0.0029848376597602,0.0314201794077955,0.1813447646264983,-0.0525278254125307,-0.0382846876613306,-0.0195732085535143,4.34390775537321,4.231190323892697,0.12543331464371904
Rpl4,1.5876796062554575e-05,0.0004763038818766,0.0690958164642375,-0.1651265127061063,-0.1429946667494283,-0.1127236043778966,2.75632932884838,2.49821343347955,0.011499336576735056
Ppib,0.004096213384139,0.1349368897356513,0.6238787012780821,-0.2405928559097272,-0.1594523264125769,-0.0857783457644474,1.5598688173083926,1.394645254134995,0.28866246032057047
Rab8b,0.0001905215527506,0.007750865708345,0.0587451833797321,0.2848614644854015,0.4343141106310527,0.7109102570268861,1.082012919652585,1.4606985893263975,0.05534773118494247
Rora,0.0690958164642375,0.4726680955783123,0.9699293482575216,-0.0162560515174014,0.0827831684863195,0.231234093945949,1.823627188057855,1.93122651242072,0.6529774508397937
Eef1a1,1.5876796062554575e-05,0.0015241724220052,0.0573787409700722,-0.0559137721888199,-0.0396437825027023,-0.0192499888526544,4.2056830195586175,4.093000489320818,0.022078726227332465
Cox7a2,0.103883585152209,0.5883807762258437,1.0,-0.2034441981574025,-0.0227566001450974,0.1651670307369517,1.21533168850722,1.20269596568587,0.7108011270741295
Bcl2a1b,0.015860919266492,0.1152655394141462,0.3837421608319441,-0.2597990835847396,-0.1689619006113269,-0.0626295432455786,1.5757794737376425,1.400774714575041,0.2597316821465428
Morf4l1,0.0473446058585377,0.5713582599031516,1.0,-0.0671361470006912,0.0292513479428749,0.1096178877491874,1.7587598839747838,1.79297715736667,0.699706854519077
Gnai2,0.113209885108326,0.6238787012780821,1.0,-0.1158038191193671,-0.0413813172024182,0.0723236449947816,1.5824133676978889,1.535478911573605,0.7108011270741295
Rhoa,1.5876796062554575e-05,0.0010637453361911,0.0473446058585377,0.1002492076520755,0.1654484887346731,0.2423777135752723,1.392278051284485,1.5597482887755023,0.01739738340157702
Shisa5,1.5876796062554575e-05,0.0003016591251885,0.0073033261887751,-0.2730693565153187,-0.2220689571645202,-0.163565926534407,2.176527084748097,1.863745596438335,0.010924369747897822
Tma7,0.1813447646264983,0.6784313725490196,1.0,-0.0796029838710056,-0.001151409116551,0.066898534293279,1.6615634134456427,1.6599393143633825,0.7241362229102167
Rpsa,0.0003016591251885,0.0201317774073192,0.0978804477256489,-0.1037692008067908,-0.0730861115167539,-0.0459493538443482,3.999063771064635,3.80204895276309,0.09629067118406447
Rpl14,0.1152655394141462,0.6238787012780821,1.0,-0.0170347631519506,0.0119497365305895,0.0383932772063067,2.773758678043744,2.796656570944245,0.7108011270741295
Nktr,0.0033630465457233,0.0391489942439858,0.2166433052467157,-30.252695680957547,-1.7049040699980451,-0.2827508439675001,1.149930489197425,0.354744250801683,0.14177528629786287
Abracl,0.0610432303340801,0.2166433052467157,0.6611810692780998,-30.109725358571733,-1.0906475063878966,-0.0210696950094152,1.1012451502435874,0.526340652460805,0.3911379327203338
Tnfaip3,1.5876796062554575e-05,0.0009121577103776,0.015860919266492,0.1959960298622398,0.3164997752093508,0.4939938035337644,1.250041335833635,1.5545131540613548,0.01739738340157702
Ifngr1,0.0095578312296578,0.0573787409700722,0.2317391553039123,0.2357672485627966,0.3467825009490514,0.4813086675241571,1.8580027584543528,2.3641198675489736,0.1711236568930977
Rps12,0.0473446058585377,0.4726680955783123,1.0,-0.0447920066900605,-0.0176243078227156,0.0139320298299367,3.814086246646855,3.7679135569303934,0.6529774508397937
Fyn,0.0035500476020174,0.0391489942439858,0.2410444618912794,-30.379272076276894,-1.484954716809097,-0.2425225606588635,1.2744015127017725,0.450860340845933,0.14177528629786287
Cd164,0.0013596200585201,0.0148222169241975,0.1131952949438642,0.4012226914526923,0.9208910088679504,30.297918640313856,0.6901916684611504,1.317048026389574,0.08443667393896778
Srgn,0.0004763038818766,0.0095578312296578,0.1152655394141462,0.0678002704171484,0.1118507598448858,0.1629438922947473,3.0856318590097853,3.332816055221379,0.0621259029927757
Mif,0.0978804477256489,0.5801863207025759,1.0,-0.1251523662069027,-0.0240064015311156,0.1127684008487423,1.41257892045802,1.3904355597593765,0.7054063899189592
Gpx4,0.0314201794077955,0.343145193299992,0.9692348066076554,-0.0300670543579727,0.1078002830663726,0.4072598739003738,1.2437211218636,1.345198868185925,0.5488158138898925
Atp5d,0.0054933714376438,0.1152655394141462,0.6796794904129354,0.032030180291011,0.115015868715786,0.2074669617771155,1.3597257033078975,1.474079276070365,0.2597316821465428
Rps15,0.005492561314228,0.1152655394141462,0.4268635389378423,-0.1276874735495058,-0.0709693659543695,-0.0288778706559144,3.1071573611656023,2.962876005237838,0.2597316821465428
Oaz1,0.015860919266492,0.1813447646264983,0.5713582599031516,0.0256336021039814,0.071565782445055,0.116569137384748,2.445629545070495,2.5711508545656123,0.34435129462784503
Eef2,0.0314201794077955,0.5208065412399778,1.0,-0.1095124305610609,-0.0267521590898537,0.0680745054519304,2.0606313546073576,2.022883717580291,0.6858413413212175
Tle5,1.5876796062554575e-05,6.35071842502183e-05,0.0021592442645074,-0.4122030503779294,-0.3276598999303827,-0.2421711174073868,1.5963972239898898,1.272997507498581,0.004599734630694382
Hsp90b1,0.0022953276839486,0.122681892061482,0.6238787012780821,0.1100847987383481,0.2981806289635161,1.0729163288827324,1.0216010692083477,1.256181128505654,0.27400757389943337
Slc25a3,0.0073033261887751,0.0978804477256489,0.4268635389378423,0.0959226981569102,0.1688604324363322,0.2543034847545024,1.5647948879644225,1.7557020241979937,0.24207505852148287
Snrpf,0.0017083196695426,0.0256231161316959,0.230021267936865,0.339301842510108,1.3393795093544854,30.361844711292783,0.5343006544477424,1.3561630384365486,0.11199068861008465
Btg1,0.0001905215527506,0.0073033261887751,0.1152655394141462,-0.1097686505515986,-0.07325443821171,-0.0370421501051549,2.9847576557374547,2.836590677663706,0.05366357069143443
Atp2b1,0.004096213384139,0.0489279391537084,0.428008652853853,0.080180179228279,0.337279820465707,0.5604689555220163,1.1154500243548238,1.4187084794521212,0.15800296274477807
Nap1l1,0.0105995443391097,0.1712250744810045,0.7855571560139146,-1.2940129644474816,-0.2034715305492359,0.1693725177783318,1.201215688650215,1.042210781954195,0.34435129462784503
Rap1b,0.1813447646264983,0.6784313725490196,1.0,-0.0993285301221407,0.0092914600633114,0.1131625577992309,1.4537010882758237,1.4632448509031488,0.7241362229102167
Naca,0.0978804477256489,0.5713582599031516,1.0,-0.0560842118731317,-0.0172933768754935,0.0188866248643462,2.674904980110434,2.641900343360364,0.699706854519077
Ptges3,0.0462891564011131,0.395707125195179,0.968559887123876,-29.98424471762271,-0.3835170295428997,0.730946396009912,0.9537290423771264,0.7497467480020992,0.5886079133870094
Atp5b,0.0573787409700722,0.5713582599031516,1.0,-0.1007326558328876,0.015652768305684,0.1492353231041784,1.2787138845092252,1.291772633953125,0.699706854519077
Myl6,0.1152655394141462,0.5208065412399778,0.9699293482575216,-0.1452488546240783,-0.0744192533765473,-0.0250859526658651,2.3934744118810505,2.270800744884893,0.6858413413212175
Rpl41,0.1152655394141462,0.4726680955783123,1.0,-0.0365779231307005,-0.0157427976884609,0.0123465026974086,3.7953101365267576,3.754771626671484,0.6529774508397937
Rps26,0.0029641978248789,0.0573787409700722,0.4726680955783123,-0.0857220528037225,-0.050138692034593,-0.0247827203657612,3.498188005900021,3.377865307449589,0.1711236568930977
Uqcr10,0.0096401527677365,0.2013144812161835,0.8459194305078578,-0.2432815567281737,-0.1145404616986267,0.0396458482932803,1.2726446121451,1.1729217930557363,0.37662893718304447
Ppia,0.0015241724220052,0.0573787409700722,0.3837421608319441,0.0225506378067578,0.0620182248827206,0.1009009938395972,3.030455530245565,3.1619908411030773,0.1711236568930977
Ramp3,0.0002345546750104,0.0002462939704825,0.0047981709084513,1.141162929300459,1.5088080263866444,2.888927416952902,0.841518141525998,2.3935235999440723,0.010924369747897822
Sec61g,0.0824958323410335,0.4726680955783123,0.9699293482575216,-0.141520865659134,-0.0544176948652209,0.0288798814991652,1.7211752776338725,1.659759912303255,0.6529774508397937
Actr2,0.0007048903820158,0.0189954919346161,0.2872414592292746,-30.181404660560943,-1.3756121391602525,-0.1667891389549124,1.1388184489750062,0.4335253125910595,0.09629067118406447
Peli1,0.0226430210233521,0.343145193299992,0.9699293482575216,-0.2080935734410995,-0.0847315983193449,0.0721375760634125,1.2907401985495075,1.214614249680816,0.5488158138898925
Rps27a,0.0010637453361911,0.0314201794077955,0.1349368897356513,-0.0701231614942879,-0.0448210351526313,-0.0231373780821928,4.018270683030378,3.897748347635371,0.12543331464371904
Npm1,0.0015241724220052,0.0252441057394617,0.1813447646264983,0.0312901359407187,0.0803066204189598,0.1455080470435629,2.369100849327608,2.5059937820192326,0.11129357921658332
Clint1,3.175359212510915e-05,0.0015241724220052,0.0389235532269586,0.1450430905823842,0.4087132434618652,0.6802322941755257,1.1483386963720936,1.5294656863996812,0.022078726227332465
Itk,0.0355271444493305,0.2153107493499366,0.839847374470554,-2.6480419713006067,-0.3737314178887184,0.2292075377137027,1.0959788946063087,0.860530729353083,0.3911379327203338
Rack1,0.0573787409700722,0.4177118661563722,0.9699293482575216,-0.050282860993492,-0.0231787464776722,0.0063218810320135,3.3149236191332747,3.2592337343430327,0.6120806824892505
Hnrnpab,0.0022185543375728,0.0635172568183499,0.6113519816838257,0.3260690412961189,1.2909737619207118,30.06127801927412,0.4427148055662027,1.09287982458593,0.18325755366437177
Ube2b,0.0054933714376438,0.1813447646264983,0.910105580693816,-0.0019426849548908,0.131224048696237,0.2910214249443723,1.62345222661628,1.766555540151289,0.34435129462784503
Ppp2ca,0.0040888165108717,0.025205396979626,0.1894959005389581,0.135344550267121,0.2804552470517004,0.737433097600916,1.0366352239122512,1.25815367584449,0.11129357921658332
Uqcrq,0.0153587763822579,0.0721281765335909,0.3647509849670767,-30.158646461341032,-0.4815101703579135,-0.1234561139268085,1.1466665591292449,0.8632055579199589,0.19246834475016095
Hint1,0.0690958164642375,0.5713582599031516,1.0,-0.0561261921938279,0.0331341779940706,0.1395395766445655,1.441685927642715,1.47600717726856,0.699706854519077
Arf1,0.0005684668718268,0.0277437008696853,0.4179406579759088,0.0876311678295564,0.2518645581577353,1.845942804927984,1.029677042184556,1.2259840441288865,0.11857728348090447
Ncor1,0.0314201794077955,0.0978804477256489,0.343145193299992,0.0794309184128126,0.2156295387143455,0.3739025323335798,1.26503942379294,1.471760673366009,0.24207505852148287
Ubb,0.1813447646264983,0.6784313725490196,1.0,-0.0279614447182122,0.012439764475843,0.0738447095301799,2.927693008836445,2.950747974394931,0.7241362229102167
2410006H16Rik,0.0029316408379423,0.0276556527566731,0.3161531565102665,-0.4822892670404951,-0.3310960690383339,-0.160387052954935,1.51397221757604,1.2049559292861751,0.11857728348090447
Rpl26,0.0251829117955429,0.2702706993728666,0.9699293482575216,-0.0543522260759535,-0.0365669760572825,0.0032363624968629,3.668034585745925,3.575600108918504,0.4537325979537859
Eif4a1,0.0015241724220052,0.1152655394141462,0.7344923394458999,0.0204617187494625,0.1406510628204749,0.2601913569940642,1.33396393453863,1.4694968215594324,0.2597316821465428
Eif5a,0.0001905215527506,0.0123997777248551,0.2702706993728666,-0.2447379485400047,-0.1675065890435603,-0.0919297451542708,1.5773574306950575,1.403590795973691,0.07310101519187832
Gabarap,0.0010637453361911,0.0252441057394617,0.306108406132622,-0.2920030026212217,-0.1738292199408557,-0.0575737323381904,1.3211279820013648,1.1732433405615388,0.11129357921658332
Pfn1,1.5876796062554575e-05,0.0003016591251885,0.0073033261887751,-0.2689082386614022,-0.2147008566944449,-0.1476444620470642,2.6096685676594724,2.24801488658973,0.010924369747897822
Pafah1b1,0.0001905215527506,0.0201317774073192,0.3837421608319441,0.0590941913964532,0.1956413368801508,0.2943999736234204,1.1725112134159663,1.3434759025990224,0.09629067118406447
Ywhae,0.0900201708173484,0.6133484776563917,1.0,-28.22596761990081,0.4894579173472985,29.83590073883968,0.595032966699535,0.9087369541680638,0.7108011270741295
Ssh2,0.0488002359715315,0.3942823566778916,0.969182212422568,-0.2550559842382405,-0.0811059257781434,0.1115723124815401,1.206398061312205,1.14459426697958,0.5886079133870094
Rpl23a,0.0054933714376438,0.0473446058585377,0.3053901722632373,-0.1084534132057929,-0.0770384932511119,-0.0466584635232661,2.9570629003283173,2.8034337012086565,0.15529223688633884
Crlf3,0.0095929205912518,0.1318811298530948,0.8464910963047596,-0.4891410561307523,-0.2211480685062457,0.0753703649449341,1.2348084344312171,1.049519642045625,0.28866246032057047
Slfn2,0.0252441057394617,0.4726680955783123,0.970681114551083,-0.1827962291481249,-0.0347923530194162,0.0655366088738348,1.596826482631645,1.5617445616167025,0.6529774508397937
Supt4a,0.0010637453361911,0.0201317774073192,0.343145193299992,-0.3304428935330822,-0.1813804612968891,-0.0822741861147052,1.6090108158373373,1.4196853119492814,0.09629067118406447
Nme2,0.0573787409700722,0.6238787012780821,0.9699293482575216,-0.1519631914415994,-0.0160487353082019,0.1272822173639384,1.8818288549078737,1.8608529597903096,0.7108011270741295
Atp5g1,0.0246652122519422,0.262549586881392,0.9390344660872572,-0.3809132193805384,-0.1114693597273089,0.0743826611056292,1.1938635897998098,1.1087977279807526,0.4527640834995434
Skap1,1.5876796062554575e-05,0.0002739765478355,0.0186110436700671,-0.5639026732072102,-0.4379811261493364,-0.3297524194014802,1.558962941400315,1.153091331755954,0.010924369747897822
Rpl23,0.015860919266492,0.0978804477256489,0.3837421608319441,-0.0403409235757735,-0.0232708992262298,-0.0125242442813298,4.257882539987133,4.190591621125599,0.24207505852148287
Rpl19,0.0015241724220052,0.1349368897356513,0.7920774787647853,-0.0372763321290605,-0.0215839602103981,-0.0017947581041609,4.0609860783849605,4.000564545968857,0.28866246032057047
Eif1,0.0003016591251885,0.0021592442645074,0.0316023656426131,0.0877647816006543,0.1121333158451812,0.1324035171718061,3.0317952852556576,3.278567752818497,0.025458996328029112
Rpl27,0.0252441057394617,0.2702706993728666,0.9116011748829072,-0.039315384847285,-0.0221608715291825,0.0031071826580293,3.54795694597399,3.494015059305341,0.4537325979537859
Ddx5,0.0690958164642375,0.343145193299992,0.7344923394458999,0.0141919965946511,0.056443030536793,0.104063195726671,2.7506839389072724,2.860452033794737,0.5488158138898925
Gna13,3.175359212510915e-05,0.0010637453361911,0.0252441057394617,0.2335719626935851,0.3905392734971828,0.6231053158264263,1.4333848351138925,1.879981416818505,0.01739738340157702
Prkar1a,0.0003320731849167,0.0076818062802948,0.0586340835608684,0.1988011084006361,0.333865504789153,0.5283479326718638,1.2417195293756924,1.5637329934696824,0.05534773118494247
Rpl38,0.2702706993728666,0.7344923394458999,1.0,-0.072038349582486,-0.0317440963986024,0.0036000685934974,3.5400383420026422,3.465608589112415,0.7462677677336097
Atp5h,0.2082876875446535,0.7344923394458999,1.0,-0.0688608879766844,-0.0035345694408607,0.0640121864401497,1.905107511551949,1.8987788180886007,0.7462677677336097
Sumo2,0.1349368897356513,0.5713582599031516,1.0,-0.1029637544481495,-0.0266847797451719,0.0430747036580037,1.6519966704520077,1.6242448985533129,0.699706854519077
H3f3b,0.3837421608319441,0.7920774787647853,1.0,-0.0451786304268065,0.0070050933312697,0.0546593208756023,2.87934720577954,2.89244765430752,0.7967922256621948
Ubald2,0.3837421608319441,0.8506311026434865,1.0,-0.131695908630275,-0.0032284311271411,0.1415454546173102,1.5491507214223976,1.5486952876147826,0.8523121917791456
Actg1,0.0690958164642375,0.1813447646264983,0.343145193299992,0.0650077541626507,0.1240493032162512,0.1981245584018686,2.5336277532720275,2.7617703678897376,0.34435129462784503
Sf3b6,0.0638836071466009,0.4342891302098599,0.9689946775534558,0.2011963928332239,0.6693851320530865,2.0481456476514257,0.6963045136006555,1.114041297105994,0.6255244006147698
Rps7,1.5876796062554575e-05,0.0010637453361911,0.0690958164642375,-0.0617454995997482,-0.0407331565998008,-0.0218540938178638,3.93859451020371,3.830589759753309,0.01739738340157702
Ifrd1,0.2217640684635702,0.7227912249010906,1.0,-0.8219592193065487,0.3984351716447438,2.711571691660694,0.7400154316934885,0.9947490663596014,0.7462677677336097
Nfkbia,0.0002219962051443,0.0004452140236486,0.0047056609483092,-0.8514814084909216,-0.6588053504926721,-0.5479011652287237,1.760809639744895,1.1141948288756025,0.011499336576735056
Rps29,0.0123997777248551,0.0690958164642375,0.2702706993728666,-0.109569185850008,-0.0857215360449949,-0.0549615776656793,4.361965822157235,4.11047774605393,0.18535226956279582
Rpl36al,0.0978804477256489,0.5713582599031516,1.0,-0.0169032277928129,0.0206571090144453,0.05507601886319,2.402317783242319,2.436313275494191,0.699706854519077
Psma3,0.0278317489826975,0.4177118661563722,0.9699293482575216,-0.2049986349861464,-0.039941592147864,0.141381024134631,1.1669975705646474,1.1384209985485976,0.6120806824892505
Hif1a,1.5876796062554575e-05,6.35071842502183e-05,0.0054933714376438,-0.3881226415561984,-0.3291003871284716,-0.2490907173327677,2.653297798439261,2.110743203750015,0.004599734630694382
Zfp36l1,0.0001905215527506,0.0095578312296578,0.0824958323410335,-0.4434892468975547,-0.31904398350322,-0.2199695919949553,1.6426531324739977,1.3160942913364488,0.0621259029927757
Srsf5,0.5117890894476608,0.9066374035742084,1.0,-0.0028974679733095,0.1310641516622364,0.2560665232326244,1.2669227966103,1.3857975733450325,0.9066374035742084
Rbm25,0.0029848376597602,0.1568627450980392,0.910105580693816,-0.2389239937939642,-0.0993225465476807,0.0477216910638223,1.455424033524305,1.35573735839993,0.31822479515828606
Npc2,0.0009971025540068,0.0057852199149455,0.0639564373212809,-2.938755855166121,-0.549330850708449,-0.2587026208813554,1.3058469934300851,0.9050319575143192,0.05057080167029945
Calm1,0.0029848376597602,0.0573787409700722,0.2702706993728666,0.0733876987920582,0.1604100207898872,0.2726132779763652,2.1104889726769125,2.356842584111803,0.1711236568930977
Ndufb1-ps,0.096674685000754,0.3747677914932922,0.9699293482575216,-0.2937701911941284,-0.0759939923707271,0.1188299040919458,1.33416818083001,1.2700535369814152,0.5756132412479162
Ddx24,0.0015241724220052,0.0978804477256489,0.8506311026434865,-0.2989054374886418,-0.2207259942934532,-0.0278274284775812,1.5244227183924273,1.3036899781481224,0.24207505852148287
Ifi27l2a,0.0006710344515115,0.0021358168527197,0.0094769206997081,-30.799009450376012,-1.1188688985359807,-0.7434463911943986,1.837846100939448,0.8506506667129525,0.025458996328029112
Hsp90aa1,0.0015241724220052,0.0314201794077955,0.1354850361197105,0.118736681876389,0.2135951441055522,0.3026310513257693,1.51279892037291,1.755345958177155,0.12543331464371904
Eif5,0.0003016591251885,0.038707628800508,0.4268635389378423,0.0549863776888081,0.1781143636174318,0.3669966581172973,1.4847746986252224,1.6827263103659724,0.14177528629786287
Atp5mpl,0.0490556423358853,0.2167845347029858,0.6995681542011702,-0.2474061645559137,-0.1158571221939964,-0.0015368394113187,1.3136114598015975,1.213361573063677,0.3911379327203338
Gpr132,0.0972806142445542,0.3805905602483536,0.936468000897405,-29.888717204887868,-1.218791733328961,0.4815995855427417,0.9020714855761331,0.365743155477947,0.5756132412479162
Crip1,0.0004045515741784,0.003760918126399,0.0583492399385958,0.6535224676164278,2.0538296009711727,30.680459712945304,0.41380817551147,1.6665294557981074,0.03911792944878995
Igha,0.0010637453361911,0.0073033261887751,0.0473446058585377,0.2004204626956427,0.3436683606581077,0.4892474257152552,1.4649536811739314,1.85800673481993,0.05366357069143443
Gdi2,0.0978804477256489,0.6238787012780821,1.0,-0.1449509723456548,-0.011993954337991,0.1342995896062552,1.46763148996163,1.4586532749952636,0.7108011270741295
Psma2,0.0017725816936545,0.0440591665839547,0.3958881626528012,-0.4996344751728549,-0.2301581514479463,-0.0600874159732951,1.2440089598783324,1.0646639162794824,0.15405515488320712
H2afy,0.0940712192307339,0.5576034811198041,1.0,-29.700007294407747,-0.356573253184254,1.9996954218093224,0.7948403129338888,0.5285097437043512,0.699706854519077
Hnrnpk,0.0690958164642375,0.6238787012780821,1.0,-0.0682196382568032,0.0198178407819379,0.108414160208095,1.4770671260842398,1.4985460259843488,0.7108011270741295
Uqcrb,0.1905325723446617,0.7178440871575431,1.0,-29.72001793571649,0.0,29.66987932441106,0.346811835118503,0.3574471166474178,0.7462677677336097
Cox7c,0.0001905215527506,0.0252441057394617,0.4726680955783123,0.0490495756232961,0.1093235644428948,0.1585470041694423,1.813163551936945,1.9542753667168875,0.11129357921658332
Rps23,0.0095578312296578,0.1349368897356513,0.8506311026434865,-0.0359683925482379,-0.0183837800801013,0.0039024458550124,4.098485470561984,4.044157370806652,0.28866246032057047
Nsa2,0.0123997777248551,0.1813447646264983,0.7920774787647853,-0.1816776669705343,-0.1166789750761338,-0.038198747262181,1.9120126706777687,1.7598701074026712,0.34435129462784503
Btf3,0.0010637453361911,0.0573787409700722,0.4277776086275711,0.0187343131398148,0.0714503397333982,0.1074571028759344,2.134254938344593,2.242190722328528,0.1711236568930977
Gpbp1,0.1349368897356513,0.6784313725490196,1.0,-0.1391157537437312,-0.0438170720444775,0.0862333777142511,1.2547427192647425,1.2167822475307002,0.7241362229102167
Emb,0.0004763038818766,0.0021592442645074,0.0073033261887751,0.2801477389178725,0.3921706477591273,0.5233941481840484,2.16091036657979,2.835818948285315,0.025458996328029112
Rpl15,0.1813447646264983,0.6238787012780821,1.0,-0.0467247195130839,-0.0226142551165955,0.0015727665934757,3.2109426461019823,3.1590764741702566,0.7108011270741295
Rps24,0.0010637453361911,0.0430261173295229,0.3053901722632373,-0.0354829503699857,-0.0224744267136855,-0.0105409200368733,4.652436694598849,4.580929340202571,0.1514877880976952
Arf4,0.1349368897356513,0.6784313725490196,1.0,-0.1029724354571298,0.0790602455754441,0.2234578018023738,1.21502379663991,1.2810897551420977,0.7241362229102167
Selenok,0.0029848376597602,0.1349368897356513,0.7344923394458999,-0.006975399623009,0.0796062023175845,0.1669517575922058,1.4897844493988024,1.5736692732868365,0.28866246032057047
Timm23,0.0763329295435737,0.4489037745438458,0.968559887123876,-29.88897470306645,-1.4301140060933608,0.3395936346394874,0.8769714733744483,0.3292568769113853,0.6411104611090981
Hnrnpc,0.1108917813247131,0.5768654408307012,1.0,-29.88782110118065,-0.131772528221436,0.9868019449048402,0.8371931545967446,0.80992159240179,0.7030547560124172
Trac,1.5876796062554575e-05,0.0054933714376438,0.0573787409700722,-0.2868619672034339,-0.2246619263180191,-0.1558520000648653,1.9954713320420765,1.7076752857271376,0.04886209331377906
Dad1,0.0201317774073192,0.3837421608319441,0.9699293482575216,-0.0403047411013133,0.0769026941682482,0.2011876173280834,1.2102492596028314,1.276332469959395,0.5756132412479162
Psme1,0.0004516687718601,0.0007761696331711,0.0098748436651656,-30.435213961970952,-0.7105999095940165,-0.4101348081249528,1.4283102443808802,0.8727755268135012,0.015740720160709907
Itm2b,0.0314201794077955,0.3053901722632373,0.9116011748829072,-0.0296478660080882,0.0633874396409976,0.1527914623779195,2.1285833247325487,2.2253921593354558,0.5043414245519913
Tpt1,0.1563145987139795,0.6238787012780821,1.0,-0.015082977818466,0.002664846381035,0.0157709190306711,4.808940796508473,4.817976855297198,0.7108011270741295
Elf1,0.1567746037227538,0.6238787012780821,1.0,-0.1298716990305584,0.050621420054568,0.265023330013399,1.1855098879675474,1.2248501219592425,0.7108011270741295
Tbc1d4,0.0405518429172961,0.1768036740169494,0.6422030526876021,-0.032644707748191,0.2341835856536842,1.204522498428663,1.1904978612286825,1.3901578207193523,0.34435129462784503
Gm10076,0.0577801196730283,0.2968939270753236,0.9392318006216775,-1.3256548903103105,-0.4050666271670194,-0.0263274166692269,1.277483938397355,0.9595171159846376,0.4922140629525517
Rpl37,0.0029848376597602,0.0201317774073192,0.0978804477256489,-0.078025013371538,-0.0544600860869901,-0.0375280865814824,3.7291392663198,3.591061809591864,0.09629067118406447
Fyb,3.175359212510915e-05,0.0021592442645074,0.038707628800508,-0.2800101889463465,-0.2172150166864253,-0.1617928289781755,2.2132885463667176,1.90298730201619,0.025458996328029112
Sub1,0.0021592442645074,0.0201317774073192,0.2379772961816305,0.0794569019760551,0.1417133664382724,0.2403636180497083,2.221077760146445,2.4511607476727377,0.09629067118406447
Rpl30,0.2379772961816305,0.7344923394458999,1.0,-0.0185284047919288,0.0001763395663112,0.0288778340356741,3.9532041215840215,3.955126466794785,0.7462677677336097
Cox6c,0.0123997777248551,0.4268635389378423,0.9699293482575216,-0.0570472768111838,0.0430743026791919,0.1448383236716641,1.825677312345175,1.8860202220473523,0.6165806673546611
Pabpc1,0.1813447646264983,0.7344923394458999,1.0,-0.0596940887402649,-0.0192519353163782,0.0387352182856473,2.3184426068048234,2.2864138590280723,0.7462677677336097
Ywhaz,1.5876796062554575e-05,0.0095578312296578,0.2702706993728666,0.2122739368531722,0.2737940764632701,0.3365610566128589,1.4707824835456873,1.7768897912048165,0.0621259029927757
Eif3e,1.5876796062554575e-05,0.004096213384139,0.0824958323410335,-0.2605021063144154,-0.1892613980640737,-0.1120846850727207,1.7133874249790777,1.5021556190389798,0.03993808049535525
Eif3h,0.0015241724220052,0.0314201794077955,0.2702706993728666,-0.2612820192545884,-0.1997955881388621,-0.1408037418179673,1.8487241168452,1.6121538985636674,0.12543331464371904
Sla,0.1503886102513491,0.6324656723597698,1.0,-1.5988890763179286,-0.0939347114898631,0.4914752350688189,0.9840359134083438,0.927828637640373,0.7186371882933509
Ly6e,0.0004763038818766,0.0095578312296578,0.0473446058585377,-0.5517267469722803,-0.4256618362370471,-0.2653196727844475,1.8322268353928173,1.3617409785213437,0.0621259029927757
Eef1d,0.0201317774073192,0.153337090086624,0.7870583697675441,0.0147814203839199,0.1278041369697772,0.6746665751691039,1.18109627005552,1.288385149731505,0.31822479515828606
Rpl8,0.1568627450980392,0.6238787012780821,1.0,-0.0275156390829497,-0.0081042126893687,0.0237273804706718,3.470292606076603,3.4505977988776,0.7108011270741295
Myh9,0.0038003384534461,0.0335975653949324,0.2454175904717291,-0.3334107853839227,-0.1976220351884168,-0.0776361600088776,1.35669240564395,1.1868742827780725,0.13307785668149005
Rac2,1.5876796062554575e-05,6.35071842502183e-05,0.004096213384139,-0.5127165721472999,-0.4427687286321996,-0.3612133989983595,1.99460535337295,1.4678001873295925,0.004599734630694382
Lgals1,0.0661505887018515,0.2477657271612335,0.6083787677123833,0.1894956495207,1.8687362642432597,30.277991375733176,0.3492702373568775,1.25714407264131,0.4287277258387215
Rpl3,0.1152655394141462,0.5713582599031516,1.0,-0.0398899674710776,0.0174171595237211,0.071343632372317,3.084955779012354,3.125642959498286,0.699706854519077
Rbx1,0.0076727337782036,0.0895124226007759,0.510389509872085,0.0684625444451147,0.345175037826516,2.522748802752407,0.9395215859366826,1.2025607438228,0.22805426260599687
Snu13,0.0170924461025135,0.2166433052467157,0.8992552133923135,-30.001079775296667,-2.1907342082632493,0.3048836880011709,0.9253798525922884,0.1812436693356387,0.3911379327203338
Ndufa6,0.1152655394141462,0.6158964889935725,1.0,-0.1638445808142378,-0.0565515262876535,0.0856194001233227,1.2690838867998373,1.2200320426925175,0.7108011270741295
Tspo,0.031330468647168,0.1568627450980392,0.6252425180598543,-0.3069038763075306,-0.2019642410389499,-0.0632869246278209,1.4696112238529175,1.2754011312107711,0.31822479515828606
Pfdn5,0.0252441057394617,0.5208065412399778,1.0,-0.0684729443241725,-0.0161567692383966,0.0583645587476096,2.123745787812193,2.099904555329405,0.6858413413212175
Prr13,0.0029316408379423,0.0583492399385958,0.587778851213495,0.123464573068174,0.3573537667860676,1.4919917324396497,0.9440525814659942,1.209675350990845,0.17141776015672933
Pcbp2,0.1349368897356513,0.6784313725490196,1.0,-0.0624235851812847,0.0782101552459644,0.2580981805055675,1.29974845493932,1.3756257695908425,0.7241362229102167
Atp5g2,0.0054933714376438,0.1568627450980392,0.7920774787647853,-0.2201284046998692,-0.1182999586150373,0.0104424793876321,1.773357772457841,1.6344080795258176,0.31822479515828606
Hnrnpa1,0.0095578312296578,0.343145193299992,0.9699293482575216,-0.041155078624912,0.0522923714438491,0.2263449478998516,1.5246348258734574,1.5795649002915924,0.5488158138898925
Tra2b,0.0978804477256489,0.6238787012780821,1.0,-0.1116382681275401,0.0259564110977222,0.239241117219008,1.1955277922848948,1.2182892543233588,0.7108011270741295
Pak2,0.0001905215527506,0.0017731114297543,0.0123997777248551,0.2083386746134499,0.322056803924467,0.9100932101179858,1.09741559521319,1.3744635630556812,0.02497131930237306
Rpl35a,0.0003016591251885,0.0252441057394617,0.1813447646264983,-0.0615148921183937,-0.0449488362648935,-0.0214956778025462,3.879043622559768,3.759355640074205,0.11129357921658332
Cox17,0.1345471852401349,0.4489037745438458,1.0,-29.992083647714257,-2.132128826825664,0.2021786946460071,0.8689565428806603,0.2012339035154232,0.6411104611090981
Cd47,0.0069616775450477,0.0347673711076855,0.1503886102513491,-1.3027777718155418,-0.3185705462587559,-0.149610831715764,1.3321325247800524,1.0730051364786823,0.13664385388834532
Rpl24,0.0314201794077955,0.2082876875446535,0.7344923394458999,-0.0672357202307515,-0.0519101234742387,-0.0281297120620411,3.45661418131734,3.331813536812413,0.3826154260331135
Nrip1,0.0120270365120432,0.2362256623649336,0.969182212422568,-0.028536569400162,0.4009082832797503,30.15066355113297,0.9001365470749139,1.19340437128905,0.4174895818826528
Atp5j,0.122681892061482,0.5208065412399778,1.0,-0.1453022362132102,-0.0595907085657857,0.0827804892852039,1.3040431749886614,1.25419576286905,0.6858413413212175
Son,0.0690958164642375,0.496737318409145,1.0,-0.1148279725560443,-0.0377448290639545,0.0846907995796241,1.90011928516751,1.8495301970579077,0.6843636424821644
Ezr,0.0677220065521783,0.5543742897628018,1.0,-0.3501153153137544,0.0048768951486508,0.4094731246181682,1.0225625953417952,1.0318719007428478,0.699706854519077
Psmb1,0.0571278875922839,0.5713582599031516,1.0,-0.0932264187408717,-0.0007750872956411,0.0771629041707931,1.4118985827218038,1.408599300281434,0.699706854519077
Srrm2,0.0123997777248551,0.2379772961816305,0.9699293482575216,-0.0173540439447301,0.0790138324627047,0.1721323246470268,1.766334576046475,1.8657231963909724,0.4174895818826528
Elob,0.2082876875446535,0.7344923394458999,1.0,-0.1408139211405607,-0.0413383836677151,0.0683370092559592,1.6371096824205813,1.595320313025065,0.7462677677336097
Atp6v0c,0.0012545712650916,0.0067178249354394,0.0393921086962645,0.3841573242715077,1.066135729797968,30.19349376330149,0.5826362197559241,1.2235676865773502,0.05366357069143443
Rps2,0.0007144558228149,0.0073033261887751,0.038707628800508,0.1323787836360556,0.1813463582660451,0.2580949668939467,2.6255524483616486,2.9803698745703158,0.05366357069143443
Ube2i,0.1307981632501259,0.6701526554660717,1.0,-0.1505539192491829,0.0935934153557939,0.4043459287565308,1.0743363782296576,1.1549153626773374,0.7241362229102167
Atp6v0e,0.1567746037227538,0.6784313725490196,1.0,-0.1131104222733794,0.0558177460538119,0.3120214299550106,1.16443377560454,1.2011344795795462,0.7241362229102167
Rps10,0.0015241724220052,0.1152655394141462,0.3837421608319441,-0.0616451354957696,-0.045470103022909,-0.0226525820854508,4.007176983818599,3.881991726525985,0.2597316821465428
Rpl10a,0.0201317774073192,0.1813447646264983,0.5208065412399778,-0.0825803575547145,-0.053006377911346,-0.0148460295060424,3.1795431549047,3.0621639397570664,0.34435129462784503
Srsf3,0.0073033261887751,0.1813447646264983,0.910105580693816,0.0034489059056183,0.1243989871601364,0.2563184318639592,1.3323762328121251,1.4543381397064512,0.34435129462784503
Pim1,0.2082876875446535,0.6238787012780821,1.0,-0.1450922498643825,-0.068305932709326,0.0275306845436642,1.530304246571725,1.4599592416695335,0.7108011270741295
Rps28,0.015860919266492,0.0473446058585377,0.1568627450980392,-0.1445363082619764,-0.1128968487212644,-0.0723776641527882,3.906169034411495,3.614757178511088,0.15529223688633884
Rps18,0.2702706993728666,0.7344923394458999,1.0,-0.0263591688255949,-0.0070195917741334,0.018356546893982,3.801474584613029,3.7833872520283087,0.7462677677336097
H2-K1,0.2702706993728666,0.6238787012780821,0.9699293482575216,-0.0561823633410571,-0.0155242839555622,0.0353140953647953,3.2744193548747624,3.24083869062242,0.7108011270741295
Psmb8,1.5876796062554575e-05,1.5876796062554575e-05,0.0010637453361911,-0.4113713509762752,-0.3015660094078741,-0.2083025401612686,1.5887442154521962,1.2889076120525311,0.004024767801857585
Clic1,0.0201317774073192,0.3837421608319441,0.9699293482575216,-0.2272394297430004,-0.0588766198410391,0.0557284999750083,1.49247774794026,1.4321247890006583,0.5756132412479162
Ltb,1.5876796062554575e-05,0.0029848376597602,0.0978804477256489,-0.4329786272430552,-0.2864839943054413,-0.1531870393248415,1.71611831565383,1.40956375381645,0.03289810203257438
H2-D1,0.3837421608319441,0.7920774787647853,1.0,-0.0262153361181736,0.011031341632188,0.045373149574503,2.9644945005636423,2.984482195153193,0.7967922256621948
H2-Q7,1.5876796062554575e-05,6.35071842502183e-05,0.0004763038818766,-0.3311940607727432,-0.2596233152725516,-0.2040284777950891,2.4066292121528,2.013316631619982,0.004599734630694382
Gm42418,6.35071842502183e-05,0.0007144558228149,0.0054933714376438,0.1168214339340313,0.1514656702496544,0.189105621294419,3.273231377764142,3.6345363123706416,0.015740720160709907
AY036118,0.1568627450980392,0.3837421608319441,0.9699293482575216,-0.0072487765799699,0.0828368069995175,0.1439932187243107,1.975086965176439,2.09110631810108,0.5756132412479162
Hsp90ab1,0.0123997777248551,0.1568627450980392,0.910105580693816,0.0006820252596428,0.063519729803701,0.1080885978641403,2.5694406208933653,2.68481357345826,0.31822479515828606
Tomm6,0.1750980444203724,0.715864503000013,1.0,-29.874215179386717,-0.0637309988989721,29.597109561452807,0.6112177050576495,0.4874005327202158,0.7462677677336097
Satb1,0.0007144558228149,0.0029848376597602,0.0316023656426131,-0.5182758016574287,-0.4061559056888045,-0.2874150732210103,2.0560673934262272,1.55009179992093,0.03289810203257438
Rpl36,0.0573787409700722,0.5713582599031516,1.0,-0.0439428969671481,-0.0066475043754657,0.0198171371740549,3.428826994877285,3.409737502109976,0.699706854519077
Ankrd12,0.0017731114297543,0.0405991304587522,0.3742415409023687,-0.4646824889306387,-0.2457290626626622,-0.0791961090011817,1.3700063299137577,1.1625563871938789,0.14495605029991104
Myl12b,0.2379772961816305,0.7344923394458999,1.0,-0.0897510427140072,-0.0113183045089949,0.0588524956514429,1.95651195797434,1.9435713074250724,0.7462677677336097
Myl12a,0.1568627450980392,0.7344923394458999,1.0,-0.1054609268724658,0.0223870098494747,0.1494580401635208,1.3722283770920751,1.395131067954226,0.7462677677336097
Smchd1,0.0029316408379423,0.0561253632260521,0.587778851213495,0.1181943577860146,0.5702630045929853,3.260296744209676,0.8124234719792836,1.2048678528491537,0.1711236568930977
Srsf7,1.5876796062554575e-05,0.0054933714376438,0.1813447646264983,0.0859565767152791,0.2580578951456609,0.3905119874341372,1.2374602252745426,1.4819994674935488,0.04886209331377906
Cox7a2l,0.0029848376597602,0.1568627450980392,0.9116011748829072,-0.2015454025665713,-0.114149102591767,0.0147530932908831,1.5788315985893475,1.4567549991560775,0.31822479515828606
Zfp36l2,0.0474136095238134,0.27368209801914,0.7826235030086005,-30.17832474096696,-1.2143724644083091,-0.1075973128190837,1.1496254258089338,0.492391550199688,0.4579433125270758
Calm2,0.004096213384139,0.0314201794077955,0.3837421608319441,0.0952616939773457,0.2295753969259415,0.3282237633799478,1.4025858296233351,1.6487308591414176,0.12543331464371904
Zeb1,0.0003016591251885,0.0033728778930796,0.0824958323410335,0.2227303338497749,0.3884109451360647,0.5702344116035749,1.046725689663325,1.3682775735361423,0.036384023229603345
Wac,0.0674459761625369,0.4378935109941637,1.0,-29.87055271251318,-1.219485632652272,28.50338526056628,0.5327310994339587,0.2744116753735994,0.6289292070086147
Rock1,0.0968500997572475,0.5118010169025737,1.0,-0.003828621004054,0.1017648169187275,0.2188540684834098,1.2043602046738373,1.294033843813305,0.6858413413212175
Paip2,0.0201317774073192,0.0690958164642375,0.2082876875446535,0.1066547250130493,0.1696031413412321,0.2308746517573247,1.2951907354479224,1.4565954252341524,0.18535226956279582
Ndufa2,0.0029630991998043,0.0639774891491002,0.5896764596792664,-0.2512561118139642,-0.1311576256767505,-0.0233426331046317,1.2669000229791862,1.157486367921679,0.18325755366437177
Ndfip1,0.0003016591251885,0.0054933714376438,0.038707628800508,0.1216600202093956,0.2082132441128797,0.3087404089333618,1.661180015811576,1.9173598504663727,0.04886209331377906
Tnfaip8,0.1106584632852684,0.5103655506712139,1.0,-0.0803486104295398,0.0840103409665838,0.608662220717173,1.18792970509664,1.2573824958514912,0.6858413413212175
Rps14,0.0473446058585377,0.2702706993728666,0.9699293482575216,-0.0328879992476444,-0.0162098780561186,0.0027233054892681,4.017797601045958,3.973102741903821,0.4537325979537859
Csnk1a1,0.0690958164642375,0.6238787012780821,1.0,-0.0862634029271267,0.0087879258248532,0.1335458541392803,1.367311798578516,1.379089810662405,0.7108011270741295
Malt1,0.2408721217561525,0.7274683619586189,1.0,-0.8908196564260905,0.1434969858508673,1.2883534574351052,0.9798070316445956,1.1128049946943976,0.7462677677336097
Sec11c,0.0094769206997081,0.1613203422442847,0.8450263631423363,-1.398109763769601,-0.2799771274355505,0.1669927701327927,1.16147240492993,0.9755022334740288,0.3258542371229177
Mbd2,0.0021592442645074,0.004096213384139,0.0097222837672139,0.2940400181755131,0.4647559515199275,0.8858388440403833,1.1054698606955422,1.52524606851234,0.03993808049535525
Rpl17,0.0004763038818766,0.0201317774073192,0.1349368897356513,-0.065641465120038,-0.0457920154548856,-0.0180811525050493,4.006720857186082,3.8825925075309615,0.09629067118406447
Atp5a1,0.1178771632483417,0.6421748224203866,1.0,-0.4104023283393468,0.0325302054339697,0.9506327355951876,1.0464999065436802,1.0604657744265449,0.723182139215672
Cdk2ap2,0.1318811298530948,0.615497508592667,1.0,-0.1909416740882491,-0.0154362854544238,0.1189584202301053,1.1572492403289352,1.1502339626556664,0.7108011270741295
Cfl1,0.0201317774073192,0.1813447646264983,0.7935413193617515,-0.2253592281319902,-0.1244864267838616,-0.0222709749009717,2.0856081350944558,1.913648918170357,0.34435129462784503
Malat1,0.0010637453361911,0.0073033261887751,0.0694308168611571,0.0349134744930782,0.0670564111073864,0.0910007028989266,5.409300274065357,5.66675697355574,0.05366357069143443
Fau,0.004096213384139,0.0573787409700722,0.3837421608319441,-0.0449321343199351,-0.0292939520550878,-0.0116898615949296,4.425288661155054,4.335281799072709,0.1711236568930977
Cox8a,6.35071842502183e-05,0.0123997777248551,0.343145193299992,-0.1626588530513135,-0.1028320346824613,-0.0211859227156988,2.172529047028199,2.022229760383215,0.07310101519187832
Eef1g,0.015860919266492,0.3837421608319441,0.9699293482575216,-0.1395357888101134,-0.0559446671311335,0.0499749345589225,1.41496553688384,1.359341757693165,0.5756132412479162
Fth1,0.1349368897356513,0.6784313725490196,1.0,-0.0463930513576345,-0.0115498763522227,0.0225527187614298,3.36252790675538,3.3355016821621524,0.7241362229102167
AW112010,6.35071842502183e-05,0.0004763038818766,0.0095578312296578,-0.4231198705340743,-0.3319841516693095,-0.2389511451551021,2.2375063635145827,1.7783754538334735,0.011499336576735056
Ms4a4b,0.0006710344515115,0.0098748436651656,0.1318811298530948,-30.44777276611686,-0.7064641560980363,-0.2827958762586676,1.4372940514495562,0.8878646576035969,0.06258182172798699
Ostf1,0.0054933714376438,0.0573787409700722,0.0824958323410335,0.4677702062730144,0.6249176415085433,0.745797325184575,1.4929823628561123,2.3049284050086047,0.1711236568930977
Jak2,0.0082716821301705,0.0474424416551647,0.2872414592292746,-30.253609143873497,-1.0872775598739828,-0.2511179509465002,1.2022513164976087,0.5694837294557138,0.15529223688633884
Atp5md,0.0004763038818766,0.0252441057394617,0.1813447646264983,0.1157173667959059,0.2285884009714977,0.3502055086651185,1.305401145691345,1.528647681153625,0.11129357921658332
Sfr1,0.187056212051365,0.6802135423364514,1.0,-29.88319814471707,-1.0386954164702478,28.585292058480224,0.6661112072755042,0.3776524718344262,0.7245131637911362
Pdcd4,0.0051267078681964,0.0577801196730283,0.4148537492460435,-1.9958646604980557,-0.4078704879852457,-0.1060264093313398,1.22149482991116,0.9212528850521358,0.17131298639897863
Eif3a,0.0073033261887751,0.1136029476053177,0.7920774787647853,0.0080299933102885,0.1139841692772068,0.4688211181295508,1.2813427750854949,1.38224081533507,0.2597316821465428
Rbm3,0.0824958323410335,0.4268635389378423,0.9116011748829072,-0.1123996645998389,-0.0622662549030701,0.0015992639642126,2.122817059465232,2.03205778955682,0.6165806673546611
Ndufb11,0.1178771632483417,0.6680721595220351,1.0,-0.0787804746714116,0.1370069815127754,0.9242621357284414,1.00221621044031,1.0963885143852337,0.7241362229102167
Slc25a5,0.0002423343526326,0.0097222837672139,0.1815109905304469,-0.3122773527514005,-0.170448317484648,-0.061468411488724,1.284759370337695,1.1460824846596376,0.06239490974654997
Rpl39,0.1349368897356513,0.6784313725490196,1.0,-0.0487211689449485,-0.0151029318918703,0.0217766293313872,3.99869011793964,3.9555715479314895,0.7241362229102167
Ndufa1,0.042065641372109,0.4514177784479147,0.9699526571120032,-0.0822502653544672,0.1965915332326809,1.397047245986868,0.947762912012814,1.0844557211690486,0.6428899260480133
Ssr4,0.0688342731416533,0.5208065412399778,1.0,-0.1979193961615603,-0.0146367258426222,0.2213076043303214,1.2474432245007976,1.2364971462281589,0.6858413413212175
Rpl10,0.0473446058585377,0.2379772961816305,0.7344923394458999,-0.0938336356260714,-0.0599218953363196,-0.0285743294639712,3.1470372466984413,3.016739797135955,0.4174895818826528
Msn,0.0978804477256489,0.7344923394458999,1.0,-0.1192224838757524,-0.0470129292205763,0.0305326847316022,1.5081163210458235,1.45870665996325,0.7462677677336097
Il2rg,0.0978804477256489,0.5713582599031516,0.970681114551083,-0.2040973883517206,-0.0785837365957554,0.0983906117323472,1.2848788450087012,1.218640112620315,0.699706854519077
Rps4x,3.175359212510915e-05,0.0073033261887751,0.1152655394141462,-0.0698961372799406,-0.0438823208229807,-0.0215844349174666,3.8626366384460527,3.747732383240847,0.05366357069143443
Xist,0.0004763038818766,0.0095578312296578,0.0573787409700722,-0.3001177611909948,-0.2044498761111883,-0.1202289698573522,2.6256085810395358,2.2732222103364528,0.0621259029927757
Cox7b,0.2379772961816305,0.6995681542011702,1.0,-0.1154227737703484,-0.0322472746381057,0.0585468447609056,1.3101808125756471,1.280531678591614,0.7435661513207407
P2ry10,0.024617073503185,0.1528728780095813,0.7863512101793072,0.1030892303928967,0.5430678246260078,30.11438273700209,0.8109440405153632,1.1962418496592715,0.31822479515828606
Rpl36a,0.0073033261887751,0.1152655394141462,0.6238787012780821,-0.092060380051994,-0.0479202958588664,-0.0036664713682743,2.827681949592345,2.7375086830634374,0.2597316821465428
Tmsb4x,0.2379772961816305,0.7344923394458999,1.0,-0.0260148324706386,0.0035995862243584,0.032237797658105,4.796624404260939,4.806471399273232,0.7462677677336097
mt-Nd1,0.2379772961816305,0.4726680955783123,0.910105580693816,0.0025103301599136,0.0539664848468799,0.1020619421594013,2.8172339620408424,2.921097915132518,0.6529774508397937
mt-Nd2,3.175359212510915e-05,0.0004763038818766,0.0073033261887751,0.0967068567755969,0.1564684376865274,0.2199725290765901,2.7313723370676977,3.0472808978343497,0.011499336576735056
mt-Co1,0.0054933714376438,0.0473446058585377,0.3837421608319441,-0.0838971016847077,-0.0647712555693095,-0.0440252374561361,4.248953873818532,4.062445393319552,0.15529223688633884
mt-Co2,0.343145193299992,0.7344923394458999,1.0,-0.0068038632776983,0.0067608091428944,0.0195062475453259,4.204466475003597,4.222629550137237,0.7462677677336097
mt-Atp6,0.0123997777248551,0.0690958164642375,0.3837421608319441,0.0343791841591517,0.0476294741471424,0.0611210599606486,4.352077847206193,4.497913143090009,0.18535226956279582
mt-Co3,0.0201317774073192,0.0824958323410335,0.5713582599031516,0.0068160829823164,0.0326476654617931,0.0525047975302349,4.100148341409788,4.193199024509923,0.21123932826719183
mt-Nd3,0.012064593319022,0.0824958323410335,0.2379772961816305,0.1072061100437027,0.2164697848060476,0.3388140540989667,1.432396726997864,1.6651242535813662,0.21123932826719183
mt-Nd4l,0.0690958164642375,0.1152655394141462,0.2317391553039123,0.2064999185377579,0.355226680442492,0.5389646171409447,1.1587784554983274,1.4822748711223075,0.2597316821465428
mt-Nd4,0.0201317774073192,0.0573787409700722,0.1568627450980392,0.0477965393549698,0.0782058925460334,0.1121548403821174,2.901855461695482,3.064019536518602,0.1711236568930977
mt-Nd5,0.1148309121219338,0.5713582599031516,1.0,-0.0778591002751178,0.0676456373520264,0.2390232075746386,1.6802168144841176,1.7562188470417937,0.699706854519077
mt-Cytb,0.0473446058585377,0.3837421608319441,0.9699293482575216,-0.0053574312316673,0.0248994963669121,0.0536455851522035,3.2962936470064097,3.3542855789230224,0.5756132412479162
