"B1-B1","B1-B3","B1-T4","B1-M3","B1-M5","B1-M0","B3-B1","B3-B3","B3-T4","B3-M3","B3-M5","B3-M0","T4-B1","T4-B3","T4-T4","T4-M3","T4-M5","T4-M0","Ligand","Receptor","Condition","InteractionStrength"
0,0,0,0,0,0,0,0,0,0,0,0,0,0,0,0,0,0,"Csf1","Csf1r","M5-M3",0.480462843093201
0,0,0,0,0,0,0,0,0,0,0,0,0,0,0,0,0,0,"Csf1","Csf1r","M5-M0",0.54139826299473
0,0,0,0,0,0,0,0,0,0,0,0,0,0,0,0,0,0,"Jag1","Notch1","M0-T4",0.842834067689051
0,0,0,0,0,0,0,0,0,0,0,0,0,0,0,0,0,0,"Jag1","Notch1","M0-M0",0.798680366088746
0,0,0,0,0,0,0,0,0,0,0,0,0,0,0,0,0,0,"Jag1","Notch2","M0-T4",0.844149171030223
0,0,0,0,0,0,0,0,0,0,0,0,0,0,0,0,0,0,"Jag1","Notch2","M0-M3",0.877637852704975
0,0,0,0,0,0,0,0,0,0,0,0,0,0,0,0,0,0,"Jag1","Notch2","M0-M0",0.794069986063204
0,0,0,0,0,0,0,0,0,0,0,0,0,0,0,0,0,0,"Ifng","Ifngr1","M5-B1",0.247768306373009
0,0,0,0,0,0,0,0,0,0,0,0,0,0,0,0,0,0,"Ifng","Ifngr1","M5-T4",0.694720996716115
0,0,0,0,0,0,0,0,0,0,0,0,0,0,0,0,0,0,"Ifng","Ifngr1","M5-M3",0.732055462254653
0,0,0,0,0,0,0,0,0,0,0,0,0,0,0,0,0,0,"Ifng","Ifngr1","M5-M5",0.517323383862765
0,0,0,0,0,0,0,0,0,0,0,0,0,0,0,0,0,0,"Ifng","Ifngr1","M5-M0",0.727648414365765
0,0,0,0,0,0,0,0,0,0,0,0,0,0,0,0,0,0,"Ifng","Ifngr2","M5-B1",0.255721860009334
0,0,0,0,0,0,0,0,0,0,0,0,0,0,0,0,0,0,"Ifng","Ifngr2","M5-T4",0.674220540752379
0,0,0,0,0,0,0,0,0,0,0,0,0,0,0,0,0,0,"Ifng","Ifngr2","M5-M3",0.734166073013664
0,0,0,0,0,0,0,0,0,0,0,0,0,0,0,0,0,0,"Ifng","Ifngr2","M5-M5",0.51188752548219
0,0,0,0,0,0,0,0,0,0,0,0,0,0,0,0,0,0,"Ifng","Ifngr2","M5-M0",0.7358920905857
0,0,0,0,0,0,0,0,0,0,0,0,0,0,0,0,0,0,"Igf1","Igf1r","M0-T4",0.784300982295513
0,0,0,0,0,0,0,0,0,0,0,0,0,0,0,0,0,0,"Igf1","Igf1r","M0-M5",0.305564777035363
0,0,0,0,0,0,0,0,0,0,0,0,0,0,0,0,0,0,"Il1a","Il1r1","M5-T4",0.45965418724822
0,0,0,0,0,0,0,0,0,0,0,0,0,0,0,0,0,0,"Il1a","Il1r1","M0-T4",0.486580084726438
0,0,0.349095087826988,0,0,0,0,0,0.349038647592039,0,0,0,0,0,0.349073990340536,0,0,0,"Il1b","Il1r1","M3-T4",0.370607551746081
0,0,0.349095087826988,0,0,0,0,0,0.349038647592039,0,0,0,0,0,0.349073990340536,0,0,0,"Il1b","Il1r1","M5-T4",0.368386289853848
0,0,0.349095087826988,0,0,0,0,0,0.349038647592039,0,0,0,0,0,0.349073990340536,0,0,0,"Il1b","Il1r1","M0-T4",0.375912786338735
0,0,0,0,0,0,0,0,0,0,0,0,0,0,0.255860877623896,0.178087461725754,0,0.481606259551125,"Fasl","Fas","M5-T4",0.388077346184219
0,0,0,0,0,0,0,0,0,0,0,0,0,0,0.255860877623896,0.178087461725754,0,0.481606259551125,"Fasl","Fas","M5-M3",0.300088167473204
0,0,0,0,0,0,0,0,0,0,0,0,0,0,0.255860877623896,0.178087461725754,0,0.481606259551125,"Fasl","Fas","M5-M0",0.635812845384383
0,0,0,0,0,0,0,0,0,0,0,0,0,0,0,0,0,0,"Il6","Il6ra","M3-M3",0.944433892669946
0,0,0,0,0,0,0,0,0,0,0,0,0,0,0,0,0,0,"Il6","Il6ra","M3-M5",0.601667936059988
0,0,0,0,0,0,0,0,0,0,0,0,0,0,0,0,0,0,"Il6","Il6ra","M3-M0",0.903339123937793
0,0,0,0,0,0,0,0,0,0,0,0,0,0,0,0,0,0,"Il6","Il6st","M3-M3",1
0,0,0,0,0,0,0,0,0,0,0,0,0,0,0,0,0,0,"Il6","Il6st","M3-M0",0.791033941695185
0,0,0,0,0,0,0,0,0,0,0,0,0,0,0,0,0,0,"Inhba","Acvr2a","M5-M3",0.418885195623026
0,0,0,0,0,0,0,0,0,0,0,0,0,0,0,0,0,0,"Inhba","Acvr2a","M0-M3",0.570561393232749
0,0,0,0,0,0,0,0,0,0,0,0,0,0,0,0,0,0,"Ccl3","Ccr1","M5-M3",0.447719728363712
0,0,0,0,0,0,0,0,0,0,0,0,0,0,0,0,0,0,"Ccl3","Ccr1","M5-M0",0.655465060957924
0,0,0,0,0,0,0,0,0,0,0,0,0,0,0,0,0,0,"Ccl3","Ccr1","M0-M3",0.559583590822315
0,0,0,0,0,0,0,0,0,0,0,0,0,0,0,0,0,0,"Ccl3","Ccr1","M0-M0",0.763255988403881
0,0,0,0,0,0,0,0,0,0,0,0,0,0,0,0,0,0,"Ccl3","Ccr5","M5-T4",0.46487594697344
0,0,0,0,0,0,0,0,0,0,0,0,0,0,0,0,0,0,"Ccl3","Ccr5","M5-M3",0.384401186227811
0,0,0,0,0,0,0,0,0,0,0,0,0,0,0,0,0,0,"Ccl3","Ccr5","M5-M0",0.712317724771307
0,0,0,0,0,0,0,0,0,0,0,0,0,0,0,0,0,0,"Ccl3","Ccr5","M0-T4",0.612765017595543
0,0,0,0,0,0,0,0,0,0,0,0,0,0,0,0,0,0,"Ccl3","Ccr5","M0-M3",0.524437103748345
0,0,0,0,0,0,0,0,0,0,0,0,0,0,0,0,0,0,"Ccl3","Ccr5","M0-M0",0.799312315921883
0,0,0,0,0,0,0,0,0,0,0,0,0,0,0,0,0,0,"Mfng","Notch1","M5-T4",0.974843035412053
0,0,0,0,0,0,0,0,0,0,0,0,0,0,0,0,0,0,"Mfng","Notch1","M5-M0",0.930246795200023
0,0,0,0,0,0,0,0,0,0,0,0,0,0,0,0,0,0,"Mfng","Notch2","M5-T4",0.976169951736854
0,0,0,0,0,0,0,0,0,0,0,0,0,0,0,0,0,0,"Mfng","Notch2","M5-M3",0.92928747829648
0,0,0,0,0,0,0,0,0,0,0,0,0,0,0,0,0,0,"Mfng","Notch2","M5-M0",0.925584635426099
0,0,0,0,0,0,0,0,0,0,0,0,0,0,0,0,0,0,"Osm","Il6st","M3-M3",0.653000159774482
0,0,0,0,0,0,0,0,0,0,0,0,0,0,0,0,0,0,"Osm","Il6st","M3-M0",0.210955199192338
0,0,0,0,0,0,0,0,0,0,0,0,0,0,0,0,0,0,"Osm","Il6st","M5-M3",0.730281646805623
0,0,0,0,0,0,0,0,0,0,0,0,0,0,0,0,0,0,"Osm","Il6st","M5-M0",0.406659640249423
0,0,0,0,0,0,0,0,0,0,0,0,0,0,0,0,0,0,"Osm","Il6st","M0-M3",0.807124248410414
0,0,0,0,0,0,0,0,0,0,0,0,0,0,0,0,0,0,"Osm","Il6st","M0-M0",0.538623529896636
0,0,0,0,0,0,0,0,0,0,0,0,0,0,0,0,0,0,"Cxcl16","Cxcr6","M3-T4",0.729250213186989
0,0,0,0,0,0,0,0,0,0,0,0,0,0,0,0,0,0,"Cxcl16","Cxcr6","M5-T4",0.710459071628264
0,0,0,0,0,0,0,0,0,0,0,0,0,0,0,0,0,0,"Cxcl16","Cxcr6","M0-T4",0.724676357602068
0,0,0,0,0,0,0,0,0,0,0,0,0,0,0,0,0,0,"Ccl2","Ccr1","M5-M3",0.427166307323673
0,0,0,0,0,0,0,0,0,0,0,0,0,0,0,0,0,0,"Ccl2","Ccr1","M5-M0",0.635909567704751
0,0,0,0,0,0,0,0,0,0,0,0,0,0,0,0,0,0,"Ccl2","Ccr1","M0-M3",0.577355063347899
0,0,0,0,0,0,0,0,0,0,0,0,0,0,0,0,0,0,"Ccl2","Ccr1","M0-M0",0.780550371139179
0,0,0,0,0,0,0,0,0,0,0,0,0,0,0,0,0,0,"Ccl2","Ccr5","M5-T4",0.434361345802266
0,0,0,0,0,0,0,0,0,0,0,0,0,0,0,0,0,0,"Ccl2","Ccr5","M5-M3",0.356245739774062
0,0,0,0,0,0,0,0,0,0,0,0,0,0,0,0,0,0,"Ccl2","Ccr5","M5-M0",0.697506122815046
0,0,0,0,0,0,0,0,0,0,0,0,0,0,0,0,0,0,"Ccl2","Ccr5","M0-T4",0.634343349340153
0,0,0,0,0,0,0,0,0,0,0,0,0,0,0,0,0,0,"Ccl2","Ccr5","M0-M3",0.545245051446361
0,0,0,0,0,0,0,0,0,0,0,0,0,0,0,0,0,0,"Ccl2","Ccr5","M0-M0",0.814004564208232
0,0,0,0,0,0,0,0,0,0,0,0,0,0,0,0,0,0,"Ccl2","Ccr2","M5-T4",0.570566817493184
0,0,0,0,0,0,0,0,0,0,0,0,0,0,0,0,0,0,"Ccl2","Ccr2","M5-M3",0.341861944865315
0,0,0,0,0,0,0,0,0,0,0,0,0,0,0,0,0,0,"Ccl2","Ccr2","M5-M0",0.622942010591701
0,0,0,0,0,0,0,0,0,0,0,0,0,0,0,0,0,0,"Ccl2","Ccr2","M0-T4",0.698302610522724
0,0,0,0,0,0,0,0,0,0,0,0,0,0,0,0,0,0,"Ccl2","Ccr2","M0-M3",0.539438512747245
0,0,0,0,0,0,0,0,0,0,0,0,0,0,0,0,0,0,"Ccl2","Ccr2","M0-M0",0.774072418692824
0,0,0,0,0,0,0,0,0,0,0,0,0,0,0,0,0,0,"Ccl4","Ccr1","M5-M3",0.453219132170595
0,0,0,0,0,0,0,0,0,0,0,0,0,0,0,0,0,0,"Ccl4","Ccr1","M5-M0",0.660712642809368
0,0,0,0,0,0,0,0,0,0,0,0,0,0,0,0,0,0,"Ccl4","Ccr1","M0-M3",0.554713545754504
0,0,0,0,0,0,0,0,0,0,0,0,0,0,0,0,0,0,"Ccl4","Ccr1","M0-M0",0.758523583303325
0,0,0,0,0,0,0,0,0,0,0,0,0,0,0,0,0,0,"Ccl4","Ccr5","M5-T4",0.47280998421408
0,0,0,0,0,0,0,0,0,0,0,0,0,0,0,0,0,0,"Ccl4","Ccr5","M5-M3",0.391771340742586
0,0,0,0,0,0,0,0,0,0,0,0,0,0,0,0,0,0,"Ccl4","Ccr5","M5-M0",0.716347755046314
0,0,0,0,0,0,0,0,0,0,0,0,0,0,0,0,0,0,"Ccl4","Ccr5","M0-T4",0.606782325694584
0,0,0,0,0,0,0,0,0,0,0,0,0,0,0,0,0,0,"Ccl4","Ccr5","M0-M3",0.518681654675601
0,0,0,0,0,0,0,0,0,0,0,0,0,0,0,0,0,0,"Ccl4","Ccr5","M0-M0",0.795323682450986
0,0,0,0,0,0,0,0,0,0,0,0,0,0,0,0,0,0,"Ccl7","Ccr1","M5-M3",0.456398047128327
0,0,0,0,0,0,0,0,0,0,0,0,0,0,0,0,0,0,"Ccl7","Ccr1","M5-M0",0.663748798103699
0,0,0,0,0,0,0,0,0,0,0,0,0,0,0,0,0,0,"Ccl7","Ccr1","M0-M3",0.551874235878667
0,0,0,0,0,0,0,0,0,0,0,0,0,0,0,0,0,0,"Ccl7","Ccr1","M0-M0",0.75576594153966
0,0,0,0,0,0,0,0,0,0,0,0,0,0,0,0,0,0,"Ccl7","Ccr5","M5-T4",0.477355590205475
0,0,0,0,0,0,0,0,0,0,0,0,0,0,0,0,0,0,"Ccl7","Ccr5","M5-M3",0.39600257417802
0,0,0,0,0,0,0,0,0,0,0,0,0,0,0,0,0,0,"Ccl7","Ccr5","M5-M0",0.718689925106884
0,0,0,0,0,0,0,0,0,0,0,0,0,0,0,0,0,0,"Ccl7","Ccr5","M0-T4",0.603279732168411
0,0,0,0,0,0,0,0,0,0,0,0,0,0,0,0,0,0,"Ccl7","Ccr5","M0-M3",0.515314977539845
0,0,0,0,0,0,0,0,0,0,0,0,0,0,0,0,0,0,"Ccl7","Ccr5","M0-M0",0.793005903984603
0,0,0,0,0,0,0,0,0,0,0,0,0,0,0,0,0,0,"Ccl7","Ccr2","M5-T4",0.594327860972956
0,0,0,0,0,0,0,0,0,0,0,0,0,0,0,0,0,0,"Ccl7","Ccr2","M5-M3",0.384137044066952
0,0,0,0,0,0,0,0,0,0,0,0,0,0,0,0,0,0,"Ccl7","Ccr2","M5-M0",0.652412804582114
0,0,0,0,0,0,0,0,0,0,0,0,0,0,0,0,0,0,"Ccl7","Ccr2","M0-T4",0.675740216365846
0,0,0,0,0,0,0,0,0,0,0,0,0,0,0,0,0,0,"Ccl7","Ccr2","M0-M3",0.508618700288067
0,0,0,0,0,0,0,0,0,0,0,0,0,0,0,0,0,0,"Ccl7","Ccr2","M0-M0",0.748474959291889
0,0,0,0,0,0,0,0,0,0,0,0,0,0,0,0,0,0,"Ccl9","Ccr1","M5-M3",0.438454659295079
0,0,0,0,0,0,0,0,0,0,0,0,0,0,0,0,0,0,"Ccl9","Ccr1","M5-M0",0.646638516622335
0,0,0,0,0,0,0,0,0,0,0,0,0,0,0,0,0,0,"Ccl9","Ccr1","M0-M3",0.567674504897669
0,0,0,0,0,0,0,0,0,0,0,0,0,0,0,0,0,0,"Ccl9","Ccr1","M0-M0",0.771124887810766
0,0,0.43877589126609,0,0,0.478960549773192,0,0,0.426936103052409,0,0,0.471425285349239,0,0,0.477597595564314,0,0,0.504714243605607,"Adam17","Notch1","M3-T4",0.482146035164064
0,0,0.43877589126609,0,0,0.478960549773192,0,0,0.426936103052409,0,0,0.471425285349239,0,0,0.477597595564314,0,0,0.504714243605607,"Adam17","Notch1","M3-M0",0.50783364900393
0,0,0.43877589126609,0,0,0.478960549773192,0,0,0.426936103052409,0,0,0.471425285349239,0,0,0.477597595564314,0,0,0.504714243605607,"Adam17","Notch1","M5-T4",0.559750253721362
0,0,0.43877589126609,0,0,0.478960549773192,0,0,0.426936103052409,0,0,0.471425285349239,0,0,0.477597595564314,0,0,0.504714243605607,"Adam17","Notch1","M5-M0",0.56412097482412
0,0,0.43877589126609,0,0,0.478960549773192,0,0,0.426936103052409,0,0,0.471425285349239,0,0,0.477597595564314,0,0,0.504714243605607,"Adam17","Notch1","M0-T4",0.603421497772793
0,0,0.43877589126609,0,0,0.478960549773192,0,0,0.426936103052409,0,0,0.471425285349239,0,0,0.477597595564314,0,0,0.504714243605607,"Adam17","Notch1","M0-M0",0.598120288046744
0,0,0,0.0536670112957778,0,0,0,0,0,0.0168702905516602,0,0,0,0,0,0.0571436477660362,0,0,"Tgfb1","Tgfbr1","M3-M3",0.0654331379814092
0,0,0,0.0536670112957778,0,0,0,0,0,0.0168702905516602,0,0,0,0,0,0.0571436477660362,0,0,"Tgfb1","Tgfbr1","M5-M3",0.0767042372390626
0,0,0,0.0536670112957778,0,0,0,0,0,0.0168702905516602,0,0,0,0,0,0.0571436477660362,0,0,"Tgfb1","Tgfbr1","M0-M3",0.094511212848993
0,0,0,0.0604646188564458,0,0,0,0,0,0.0249255283163758,0,0,0,0,0,0.0638329345624309,0,0,"Tgfb1","Tgfbr2","M3-M3",0.0718709602840445
0,0,0,0.0604646188564458,0,0,0,0,0,0.0249255283163758,0,0,0,0,0,0.0638329345624309,0,0,"Tgfb1","Tgfbr2","M5-M3",0.0828150273687126
0,0,0,0.0604646188564458,0,0,0,0,0,0.0249255283163758,0,0,0,0,0,0.0638329345624309,0,0,"Tgfb1","Tgfbr2","M0-M3",0.100138412301914
0,0,0,0,0,0,0,0,0,0,0,0,0,0,0.108177220992444,0.184433333995256,0.0575244937624404,0.356534703070046,"Tnf","Tnfrsf1a","M5-T4",0.24260828787816
0,0,0,0,0,0,0,0,0,0,0,0,0,0,0.108177220992444,0.184433333995256,0.0575244937624404,0.356534703070046,"Tnf","Tnfrsf1a","M5-M3",0.289377399267051
0,0,0,0,0,0,0,0,0,0,0,0,0,0,0.108177220992444,0.184433333995256,0.0575244937624404,0.356534703070046,"Tnf","Tnfrsf1a","M5-M5",0.10002660592361
0,0,0,0,0,0,0,0,0,0,0,0,0,0,0.108177220992444,0.184433333995256,0.0575244937624404,0.356534703070046,"Tnf","Tnfrsf1a","M5-M0",0.441463258443572
0,0,0,0,0,0,0,0,0,0,0,0,0,0,0.108177220992444,0.184433333995256,0.0575244937624404,0.356534703070046,"Tnf","Tnfrsf1a","M0-T4",0.353063052474376
0,0,0,0,0,0,0,0,0,0,0,0,0,0,0.108177220992444,0.184433333995256,0.0575244937624404,0.356534703070046,"Tnf","Tnfrsf1a","M0-M3",0.38476428368985
0,0,0,0,0,0,0,0,0,0,0,0,0,0,0.108177220992444,0.184433333995256,0.0575244937624404,0.356534703070046,"Tnf","Tnfrsf1a","M0-M5",0.149703384959338
0,0,0,0,0,0,0,0,0,0,0,0,0,0,0.108177220992444,0.184433333995256,0.0575244937624404,0.356534703070046,"Tnf","Tnfrsf1a","M0-M0",0.524606045819532
0,0,0,0,0,0,0,0,0,0,0,0,0,0,0.0991146620338408,0,0,0.44323768646106,"Tnf","Tnfrsf1b","M5-T4",0.18697786177583
0,0,0,0,0,0,0,0,0,0,0,0,0,0,0.0991146620338408,0,0,0.44323768646106,"Tnf","Tnfrsf1b","M5-M0",0.57628101708544
0,0,0,0,0,0,0,0,0,0,0,0,0,0,0.0991146620338408,0,0,0.44323768646106,"Tnf","Tnfrsf1b","M0-T4",0.272034714312352
0,0,0,0,0,0,0,0,0,0,0,0,0,0,0.0991146620338408,0,0,0.44323768646106,"Tnf","Tnfrsf1b","M0-M0",0.686094383421382
0,0,0,0,0,0,0,0,0,0,0,0,0,0,0,0,0,0,"Cxcl14","Cxcr4","M5-T4",0.536894645418168
0,0,0,0,0,0,0,0,0,0,0,0,0,0,0,0,0,0,"Cxcl14","Cxcr4","M5-M3",0.446403955482941
0,0,0,0,0,0,0,0,0,0,0,0,0,0,0,0,0,0,"Cxcl14","Cxcr4","M5-M0",0.624108400354893
0,0,0,0,0,0,0,0,0,0,0,0,0,0,0,0,0,0,"Cxcl14","Cxcr4","M0-T4",0.584129822426148
0,0,0,0,0,0,0,0,0,0,0,0,0,0,0,0,0,0,"Cxcl14","Cxcr4","M0-M3",0.49246444716297
0,0,0,0,0,0,0,0,0,0,0,0,0,0,0,0,0,0,"Cxcl14","Cxcr4","M0-M0",0.674192382955447
