"Ligand","Receptor","From","To","LR_score","TF","TF_activity","Combined_score"
"Mfng","Notch2","M5","T4",0.976169951736854,"Stat3",2.07454432325585,2.02510783190863
"Mfng","Notch1","M5","T4",0.974843035412053,"Stat3",2.07454432325585,2.02235508517958
"Mfng","Notch2","M5","T4",0.976169951736854,"Ets1",1.95022776531686,1.90375374354523
"Mfng","Notch1","M5","T4",0.974843035412053,"Ets1",1.95022776531686,1.90116595448636
"Mfng","Notch2","M5","T4",0.976169951736854,"Rbpj",1.79473944373661,1.7519707161726
"Jag1","Notch2","M0","T4",0.844149171030223,"Stat3",2.07454432325585,1.75122487074188
"Mfng","Notch1","M5","T4",0.974843035412053,"Rbpj",1.79473944373661,1.74958924710594
"Jag1","Notch1","M0","T4",0.842834067689051,"Stat3",2.07454432325585,1.74849663057096
"Il6","Il6st","M3","M3",1,"Stat4",1.72979620592574,1.72979620592574
"Il6","Il6st","M3","M3",1,"Stat5a",1.66539579265451,1.66539579265451
"Jag1","Notch2","M0","T4",0.844149171030223,"Ets1",1.95022776531686,1.64628315141235
"Jag1","Notch1","M0","T4",0.842834067689051,"Ets1",1.95022776531686,1.64371840036214
"Il6","Il6ra","M3","M3",0.944433892669946,"Stat4",1.72979620592574,1.63367816428815
"Igf1","Igf1r","M0","T4",0.784300982295513,"Stat3",2.07454432325585,1.62706715054515
"Il6","Il6st","M3","M3",1,"Stat3",1.62049763535197,1.62049763535197
"Mfng","Notch2","M5","T4",0.976169951736854,"Nfkb1",1.65906288136941,1.61952733283478
"Mfng","Notch1","M5","T4",0.974843035412053,"Nfkb1",1.65906288136941,1.61732589521362
"Mfng","Notch2","M5","M3",0.92928747829648,"Stat4",1.72979620592574,1.60747795417155
"Mfng","Notch2","M5","T4",0.976169951736854,"Hif1a",1.61243559260554,1.57401117461253
"Il6","Il6ra","M3","M3",0.944433892669946,"Stat5a",1.66539579265451,1.57285623129285
"Mfng","Notch1","M5","T4",0.974843035412053,"Hif1a",1.61243559260554,1.57187160750202
"Il6","Il6st","M3","M3",1,"Foxo1",1.5660531765895,1.5660531765895
"Il6","Il6st","M3","M3",1,"Relb",1.55684305291437,1.55684305291437
"Mfng","Notch1","M5","M0",0.930246795200023,"Mitf",1.67135383867107,1.55477155206902
"Mfng","Notch2","M5","M3",0.92928747829648,"Stat5a",1.66539579265451,1.54763145652148
"Mfng","Notch2","M5","M0",0.925584635426099,"Mitf",1.67135383867107,1.54697943343437
"Mfng","Notch1","M5","M0",0.930246795200023,"Stat1",1.65929941679335,1.54355796474928
"Mfng","Notch1","M5","M0",0.930246795200023,"Hif1a",1.65325011448104,1.53793062066006
"Mfng","Notch2","M5","M0",0.925584635426099,"Stat1",1.65929941679335,1.53582204575541
"Il6","Il6ra","M3","M3",0.944433892669946,"Stat3",1.62049763535197,1.53045288981791
"Mfng","Notch2","M5","M0",0.925584635426099,"Hif1a",1.65325011448104,1.53022290448009
"Igf1","Igf1r","M0","T4",0.784300982295513,"Ets1",1.95022776531686,1.529565552038
"Jag1","Notch2","M0","M3",0.877637852704975,"Stat4",1.72979620592574,1.51813462778588
"Jag1","Notch2","M0","T4",0.844149171030223,"Rbpj",1.79473944373661,1.51502781364551
"Cxcl16","Cxcr6","M3","T4",0.729250213186989,"Stat3",2.07454432325585,1.51286189000019
"Jag1","Notch1","M0","T4",0.842834067689051,"Rbpj",1.79473944373661,1.51266754580651
"Il6","Il6ra","M3","M0",0.903339123937793,"Mitf",1.67135383867107,1.50979931241519
"Mfng","Notch1","M5","M0",0.930246795200023,"Egr1",1.62161727769935,1.5085042756208
"Mfng","Notch2","M5","M3",0.92928747829648,"Stat3",1.62049763535197,1.50590816114164
"Mfng","Notch1","M5","M0",0.930246795200023,"Jund",1.61640462823066,1.50365522515806
"Cxcl16","Cxcr6","M0","T4",0.724676357602068,"Stat3",2.07454432325585,1.5033732238611
"Mfng","Notch2","M5","M0",0.925584635426099,"Egr1",1.62161727769935,1.50094403678001
"Il6","Il6ra","M3","M0",0.903339123937793,"Stat1",1.65929941679335,1.49891008151659
"Mfng","Notch2","M5","M0",0.925584635426099,"Jund",1.61640462823066,1.49611928852194
"Il6","Il6ra","M3","M0",0.903339123937793,"Hif1a",1.65325011448104,1.49344551006536
"Il6","Il6ra","M3","M3",0.944433892669946,"Foxo1",1.5660531765895,1.47903369769455
"Cxcl16","Cxcr6","M5","T4",0.710459071628264,"Stat3",2.07454432325585,1.47387883395204
"Il6","Il6ra","M3","M3",0.944433892669946,"Relb",1.55684305291437,1.47033534474008
"Il6","Il6ra","M3","M0",0.903339123937793,"Egr1",1.62161727769935,1.46487033099932
"Jag1","Notch2","M0","M3",0.877637852704975,"Stat5a",1.66539579265451,1.46161438736921
"Il6","Il6ra","M3","M0",0.903339123937793,"Jund",1.61640462823066,1.46016154079488
"Mfng","Notch2","M5","M3",0.92928747829648,"Foxo1",1.5660531765895,1.45531360735104
"Ccl2","Ccr2","M0","T4",0.698302610522724,"Stat3",2.07454432325585,1.44865971657466
"Mfng","Notch2","M5","M3",0.92928747829648,"Relb",1.55684305291437,1.44675475474619
"Ifng","Ifngr1","M5","T4",0.694720996716115,"Stat3",2.07454432325585,1.44122949998406
"Jag1","Notch2","M0","M3",0.877637852704975,"Stat3",1.62049763535197,1.4222100650038
"Cxcl16","Cxcr6","M3","T4",0.729250213186989,"Ets1",1.95022776531686,1.42220401362051
"Cxcl16","Cxcr6","M0","T4",0.724676357602068,"Ets1",1.95022776531686,1.41328395346424
"Igf1","Igf1r","M0","T4",0.784300982295513,"Rbpj",1.79473944373661,1.40761590868713
"Ccl7","Ccr2","M0","T4",0.675740216365846,"Stat3",2.07454432325585,1.40185302985745
"Jag1","Notch2","M0","T4",0.844149171030223,"Nfkb1",1.65906288136941,1.400496555995
"Ifng","Ifngr2","M5","T4",0.674220540752379,"Stat3",2.07454432325585,1.39870039544034
"Jag1","Notch1","M0","T4",0.842834067689051,"Nfkb1",1.65906288136941,1.39831471685649
"Osm","Il6st","M0","M3",0.807124248410414,"Stat4",1.72979620592574,1.396160462611
"Cxcl16","Cxcr6","M5","T4",0.710459071628264,"Ets1",1.95022776531686,1.38555700761068
"Jag1","Notch2","M0","M3",0.877637852704975,"Foxo1",1.5660531765895,1.37442754712381
"Jag1","Notch2","M0","M3",0.877637852704975,"Relb",1.55684305291437,1.36634439395843
"Ccl2","Ccr2","M0","T4",0.698302610522724,"Ets1",1.95022776531686,1.36184913963466
"Jag1","Notch2","M0","T4",0.844149171030223,"Hif1a",1.61243559260554,1.36113616883759
"Ccl2","Ccr5","M0","M0",0.814004564208232,"Mitf",1.67135383867107,1.3604896530852
"Jag1","Notch1","M0","T4",0.842834067689051,"Hif1a",1.61243559260554,1.35901564940233
"Ifng","Ifngr1","M5","T4",0.694720996716115,"Ets1",1.95022776531686,1.35486417694437
"Ccl2","Ccr5","M0","M0",0.814004564208232,"Stat1",1.65929941679335,1.35067729865784
"Ccl2","Ccr5","M0","M0",0.814004564208232,"Hif1a",1.65325011448104,1.34575313896535
"Osm","Il6st","M0","M3",0.807124248410414,"Stat5a",1.66539579265451,1.34418132745214
"Ccl3","Ccr5","M0","M0",0.799312315921883,"Mitf",1.67135383867107,1.3359337075131
"Jag1","Notch1","M0","M0",0.798680366088746,"Mitf",1.67135383867107,1.33487749573364
"Ccl4","Ccr5","M0","M0",0.795323682450986,"Mitf",1.67135383867107,1.32926728965047
"Jag1","Notch2","M0","M0",0.794069986063204,"Mitf",1.67135383867107,1.32717191938022
"Ccl3","Ccr5","M0","M0",0.799312315921883,"Stat1",1.65929941679335,1.32629845964492
"Ccl7","Ccr5","M0","M0",0.793005903984603,"Mitf",1.67135383867107,1.32539346171349
"Jag1","Notch1","M0","M0",0.798680366088746,"Stat1",1.65929941679335,1.32524986565535
"Il6","Il6st","M3","M0",0.791033941695185,"Mitf",1.67135383867107,1.32209761497135
"Ccl3","Ccr5","M0","M0",0.799312315921883,"Hif1a",1.65325011448104,1.32146317780396
"Jag1","Notch1","M0","M0",0.798680366088746,"Hif1a",1.65325011448104,1.32041840666998
"Ccl2","Ccr5","M0","M0",0.814004564208232,"Egr1",1.62161727769935,1.3200038654462
"Ccl4","Ccr5","M0","M0",0.795323682450986,"Stat1",1.65929941679335,1.31968012245286
"Ccl7","Ccr2","M0","T4",0.675740216365846,"Ets1",1.95022776531686,1.3178473320979
"Jag1","Notch2","M0","M0",0.794069986063204,"Stat1",1.65929941679335,1.31759986476778
"Ccl2","Ccr5","M0","T4",0.634343349340153,"Stat3",2.07454432325585,1.31597339436872
"Ccl7","Ccr5","M0","M0",0.793005903984603,"Stat1",1.65929941679335,1.31583423399533
"Ccl2","Ccr5","M0","M0",0.814004564208232,"Jund",1.61640462823066,1.31576074498707
"Ifng","Ifngr2","M5","T4",0.674220540752379,"Ets1",1.95022776531686,1.31488361852224
"Ccl4","Ccr5","M0","M0",0.795323682450986,"Hif1a",1.65325011448104,1.31486896906158
"Jag1","Notch2","M0","M0",0.794069986063204,"Hif1a",1.65325011448104,1.31279629536495
"Il6","Il6st","M3","M0",0.791033941695185,"Stat1",1.65929941679335,1.31256215811856
"Ccl7","Ccr5","M0","M0",0.793005903984603,"Hif1a",1.65325011448104,1.31103710154669
"Cxcl16","Cxcr6","M3","T4",0.729250213186989,"Rbpj",1.79473944373661,1.30881412196002
"Osm","Il6st","M0","M3",0.807124248410414,"Stat3",1.62049763535197,1.30794293598432
"Il6","Il6st","M3","M0",0.791033941695185,"Hif1a",1.65325011448104,1.30777695466595
"Ccl2","Ccr1","M0","M0",0.780550371139179,"Mitf",1.67135383867107,1.30457585907959
"Igf1","Igf1r","M0","T4",0.784300982295513,"Nfkb1",1.65906288136941,1.30120464754805
"Cxcl16","Cxcr6","M0","T4",0.724676357602068,"Rbpj",1.79473944373661,1.30060524293181
"Ccl3","Ccr5","M0","M0",0.799312315921883,"Egr1",1.62161727769935,1.2961786617768
"Ccl2","Ccr1","M0","M0",0.780550371139179,"Stat1",1.65929941679335,1.29516677560907
"Jag1","Notch1","M0","M0",0.798680366088746,"Egr1",1.62161727769935,1.29515388100875
"Ccl2","Ccr2","M0","M0",0.774072418692824,"Mitf",1.67135383867107,1.29374890839165
"Ccl3","Ccr5","M0","M0",0.799312315921883,"Jund",1.61640462823066,1.2920121268579
"Jag1","Notch1","M0","M0",0.798680366088746,"Jund",1.61640462823066,1.29099064022281
"Ccl2","Ccr1","M0","M0",0.780550371139179,"Hif1a",1.65325011448104,1.29044499044407
"Ccl4","Ccr5","M0","M0",0.795323682450986,"Egr1",1.62161727769935,1.28971062482599
"Ccl9","Ccr1","M0","M0",0.771124887810766,"Mitf",1.67135383867107,1.28882254133732
"Jag1","Notch2","M0","M0",0.794069986063204,"Egr1",1.62161727769935,1.28767760910257
"Ccl7","Ccr5","M0","M0",0.793005903984603,"Egr1",1.62161727769935,1.28595207521902
"Ccl4","Ccr5","M0","M0",0.795323682450986,"Jund",1.61640462823066,1.28556488125523
"Ccl2","Ccr2","M0","M0",0.774072418692824,"Stat1",1.65929941679335,1.28441791289282
"Jag1","Notch2","M0","M0",0.794069986063204,"Jund",1.61640462823066,1.28353840061162
"Il6","Il6st","M3","M0",0.791033941695185,"Egr1",1.62161727769935,1.28275430709953
"Ccl7","Ccr5","M0","M0",0.793005903984603,"Jund",1.61640462823066,1.28181841341495
"Ccl2","Ccr2","M0","M0",0.774072418692824,"Hif1a",1.65325011448104,1.27973531482053
"Ccl9","Ccr1","M0","M0",0.771124887810766,"Stat1",1.65929941679335,1.27952707661924
"Il6","Il6st","M3","M0",0.791033941695185,"Jund",1.61640462823066,1.27863092444364
"Ccl3","Ccr1","M0","M0",0.763255988403881,"Mitf",1.67135383867107,1.27567082610751
"Cxcl16","Cxcr6","M5","T4",0.710459071628264,"Rbpj",1.79473944373661,1.27508891901174
"Ccl9","Ccr1","M0","M0",0.771124887810766,"Hif1a",1.65325011448104,1.27486230905233
"Ccl3","Ccr5","M0","T4",0.612765017595543,"Stat3",2.07454432325585,1.27120818874261
"Ifng","Ifngr2","M5","M3",0.734166073013664,"Stat4",1.72979620592574,1.26995768761844
"Ccl4","Ccr1","M0","M0",0.758523583303325,"Mitf",1.67135383867107,1.26776130267655
"Ccl3","Ccr1","M0","M0",0.763255988403881,"Stat1",1.65929941679335,1.26647021642259
"Ifng","Ifngr1","M5","M3",0.732055462254653,"Stat4",1.72979620592574,1.26630676113531
"Ccl2","Ccr1","M0","M0",0.780550371139179,"Egr1",1.62161727769935,1.26575396795393
"Igf1","Igf1r","M0","T4",0.784300982295513,"Hif1a",1.61243559260554,1.26463481916877
"Osm","Il6st","M0","M3",0.807124248410414,"Foxo1",1.5660531765895,1.26399949312554
"Osm","Il6st","M5","M3",0.730281646805623,"Stat4",1.72979620592574,1.26323842190157
"Ccl7","Ccr1","M0","M0",0.75576594153966,"Mitf",1.67135383867107,1.26315230752917
"Ccl3","Ccr1","M0","M0",0.763255988403881,"Hif1a",1.65325011448104,1.26185305020705
"Ccl2","Ccr1","M0","M0",0.780550371139179,"Jund",1.61640462823066,1.26168523247653
"Ccl4","Ccr5","M0","T4",0.606782325694584,"Stat3",2.07454432325585,1.25879682922168
"Ccl4","Ccr1","M0","M0",0.758523583303325,"Stat1",1.65929941679335,1.25861773939921
"Osm","Il6st","M0","M3",0.807124248410414,"Relb",1.55684305291437,1.25656577897649
"Ccl2","Ccr2","M0","M0",0.774072418692824,"Egr1",1.62161727769935,1.25524920834281
"Ccl7","Ccr1","M0","M0",0.75576594153966,"Stat1",1.65929941679335,1.25404198602903
"Ccl4","Ccr1","M0","M0",0.758523583303325,"Hif1a",1.65325011448104,1.25402920093279
"Ccl2","Ccr2","M0","T4",0.698302610522724,"Rbpj",1.79473944373661,1.25327123876938
"Adam17","Notch1","M0","T4",0.603421497772793,"Stat3",2.07454432325585,1.25182464273509
"Ccl7","Ccr5","M0","T4",0.603279732168411,"Stat3",2.07454432325585,1.25153054370529
"Ccl2","Ccr2","M0","M0",0.774072418692824,"Jund",1.61640462823066,1.25121424016078
"Ccl7","Ccr2","M0","M0",0.748474959291889,"Mitf",1.67135383867107,1.25096649636167
"Ccl9","Ccr1","M0","M0",0.771124887810766,"Egr1",1.62161727769935,1.25046944133791
"Ccl7","Ccr1","M0","M0",0.75576594153966,"Hif1a",1.65325011448104,1.24947012937131
"Ifng","Ifngr1","M5","T4",0.694720996716115,"Rbpj",1.79473944373661,1.24684317519843
"Ccl9","Ccr1","M0","M0",0.771124887810766,"Jund",1.61640462823066,1.24644983760117
"Ccl7","Ccr2","M0","M0",0.748474959291889,"Stat1",1.65929941679335,1.24194406343746
"Ccl3","Ccr1","M0","M0",0.763255988403881,"Egr1",1.62161727769935,1.23770909810322
"Ccl7","Ccr2","M0","M0",0.748474959291889,"Hif1a",1.65325011448104,1.23741631213551
"Ccl2","Ccr5","M0","T4",0.634343349340153,"Ets1",1.95022776531686,1.23711401262726
"Ccl3","Ccr1","M0","M0",0.763255988403881,"Jund",1.61640462823066,1.2337305121808
"Ccl7","Ccr2","M5","T4",0.594327860972956,"Stat3",2.07454432325585,1.23295949013424
"Ccl4","Ccr1","M0","M0",0.758523583303325,"Egr1",1.62161727769935,1.23003494822709
"Ifng","Ifngr2","M5","M0",0.7358920905857,"Mitf",1.67135383867107,1.22993607044809
"Ccl4","Ccr1","M0","M0",0.758523583303325,"Jund",1.61640462823066,1.2260810306736
"Ccl7","Ccr1","M0","M0",0.75576594153966,"Egr1",1.62161727769935,1.22556310869743
"Ifng","Ifngr2","M5","M3",0.734166073013664,"Stat5a",1.66539579265451,1.22267708910664
"Ccl7","Ccr1","M0","M0",0.75576594153966,"Jund",1.61640462823066,1.22162356576381
"Ifng","Ifngr2","M5","M0",0.7358920905857,"Stat1",1.65929941679335,1.22106531673169
"Ifng","Ifngr1","M5","M3",0.732055462254653,"Stat5a",1.66539579265451,1.21916208682865
"Ifng","Ifngr2","M5","M0",0.7358920905857,"Hif1a",1.65325011448104,1.2166136830065
"Osm","Il6st","M5","M3",0.730281646805623,"Stat5a",1.66539579265451,1.21620798204289
"Ifng","Ifngr1","M5","M0",0.727648414365765,"Mitf",1.67135383867107,1.21615797055314
"Ccl7","Ccr2","M0","M0",0.748474959291889,"Egr1",1.62161727769935,1.21373992591304
"Ccl7","Ccr2","M0","T4",0.675740216365846,"Rbpj",1.79473944373661,1.2127776200309
"Cxcl14","Cxcr4","M0","T4",0.584129822426148,"Stat3",2.07454432325585,1.21180320715861
"Ifng","Ifngr2","M5","T4",0.674220540752379,"Rbpj",1.79473944373661,1.21005019826572
"Cxcl16","Cxcr6","M3","T4",0.729250213186989,"Nfkb1",1.65906288136941,1.20987195992926
"Ccl7","Ccr2","M0","M0",0.748474959291889,"Jund",1.61640462823066,1.20983838831417
"Ifng","Ifngr1","M5","M0",0.727648414365765,"Stat1",1.65929941679335,1.20738658958772
"Ifng","Ifngr1","M5","M0",0.727648414365765,"Hif1a",1.65325011448104,1.20298482435215
"Cxcl16","Cxcr6","M0","T4",0.724676357602068,"Nfkb1",1.65906288136941,1.20228364590357
"Ccl7","Ccr5","M5","M0",0.718689925106884,"Mitf",1.67135383867107,1.20118516514161
"Ccl4","Ccr5","M5","M0",0.716347755046314,"Mitf",1.67135383867107,1.19727057022006
"Ccl3","Ccr5","M0","T4",0.612765017595543,"Ets1",1.95022776531686,1.19503135092971
"Ifng","Ifngr2","M5","M0",0.7358920905857,"Egr1",1.62161727769935,1.19333532861606
"Ccl7","Ccr5","M5","M0",0.718689925106884,"Stat1",1.65929941679335,1.19252177358511
"Ccl3","Ccr5","M5","M0",0.712317724771307,"Mitf",1.67135383867107,1.19053496364997
"Ifng","Ifngr2","M5","M3",0.734166073013664,"Stat3",1.62049763535197,1.18971438527429
"Ifng","Ifngr2","M5","M0",0.7358920905857,"Jund",1.61640462823066,1.18949938110106
"Ccl4","Ccr5","M5","M0",0.716347755046314,"Stat1",1.65929941679335,1.18863541216957
"Ccl7","Ccr5","M5","M0",0.718689925106884,"Hif1a",1.65325011448104,1.18817420095933
"Ifng","Ifngr1","M5","M3",0.732055462254653,"Stat3",1.62049763535197,1.18629414553016
"Ccl4","Ccr5","M5","M0",0.716347755046314,"Hif1a",1.65325011448104,1.18430200803855
"Ccl2","Ccr2","M5","T4",0.570566817493184,"Stat3",2.07454432325585,1.18366615226864
"Osm","Il6st","M5","M3",0.730281646805623,"Stat3",1.62049763535197,1.18341968178946
"Ccl4","Ccr5","M0","T4",0.606782325694584,"Ets1",1.95022776531686,1.18336373907312
"Ccl3","Ccr5","M5","M0",0.712317724771307,"Stat1",1.65929941679335,1.18194838528459
"Ifng","Ifngr1","M5","M0",0.727648414365765,"Egr1",1.62161727769935,1.17996724082606
"Cxcl16","Cxcr6","M5","T4",0.710459071628264,"Nfkb1",1.65906288136941,1.17869627447062
"Ccl3","Ccr5","M5","M0",0.712317724771307,"Hif1a",1.65325011448104,1.17763936002504
"Adam17","Notch1","M0","T4",0.603421497772793,"Ets1",1.95022776531686,1.17680935914559
"Ccl7","Ccr5","M0","T4",0.603279732168411,"Ets1",1.95022776531686,1.17653288392776
"Ifng","Ifngr1","M5","M0",0.727648414365765,"Jund",1.61640462823066,1.17617426470553
"Cxcl16","Cxcr6","M3","T4",0.729250213186989,"Hif1a",1.61243559260554,1.17586899965788
"Cxcl16","Cxcr6","M0","T4",0.724676357602068,"Hif1a",1.61243559260554,1.16849395211731
"Ccl2","Ccr5","M5","M0",0.697506122815046,"Mitf",1.67135383867107,1.1657795358635
"Ccl7","Ccr5","M5","M0",0.718689925106884,"Egr1",1.62161727769935,1.16543999986177
"Ccl7","Ccr5","M5","M0",0.718689925106884,"Jund",1.61640462823066,1.16169372120552
"Ccl4","Ccr5","M5","M0",0.716347755046314,"Egr1",1.62161727769935,1.16164189642424
"Adam17","Notch1","M5","T4",0.559750253721362,"Stat3",2.07454432325585,1.16122671129868
"Ccl7","Ccr2","M5","T4",0.594327860972956,"Ets1",1.95022776531686,1.15907469617084
"Ccl2","Ccr2","M0","T4",0.698302610522724,"Nfkb1",1.65906288136941,1.15852794108161
"Ccl4","Ccr5","M5","M0",0.716347755046314,"Jund",1.61640462823066,1.15790782667951
"Ccl2","Ccr5","M5","M0",0.697506122815046,"Stat1",1.65929941679335,1.1573715027968
"Ccl3","Ccr5","M5","M0",0.712317724771307,"Egr1",1.62161727769935,1.15510672970064
"Ccl2","Ccr5","M5","M0",0.697506122815046,"Hif1a",1.65325011448104,1.1531520773952
"Ifng","Ifngr1","M5","T4",0.694720996716115,"Nfkb1",1.65906288136941,1.15258581855966
"Ccl3","Ccr5","M5","M0",0.712317724771307,"Jund",1.61640462823066,1.15139366709108
"Ifng","Ifngr2","M5","M3",0.734166073013664,"Foxo1",1.5660531765895,1.14974311078728
"Tnf","Tnfrsf1b","M0","M0",0.686094383421382,"Mitf",1.67135383867107,1.14670648142199
"Ifng","Ifngr1","M5","M3",0.732055462254653,"Foxo1",1.5660531765895,1.14643778210359
"Cxcl16","Cxcr6","M5","T4",0.710459071628264,"Hif1a",1.61243559260554,1.1455694941829
"Osm","Il6st","M5","M3",0.730281646805623,"Foxo1",1.5660531765895,1.14365989278495
"Ifng","Ifngr2","M5","M3",0.734166073013664,"Relb",1.55684305291437,1.14298135045675
"Ifng","Ifngr1","M5","M3",0.732055462254653,"Relb",1.55684305291437,1.13969546075917
"Cxcl14","Cxcr4","M0","T4",0.584129822426148,"Ets1",1.95022776531686,1.13918619824508
"Ccl2","Ccr5","M0","T4",0.634343349340153,"Rbpj",1.79473944373661,1.13848102993277
"Tnf","Tnfrsf1b","M0","M0",0.686094383421382,"Stat1",1.65929941679335,1.13843601027629
"Osm","Il6st","M5","M3",0.730281646805623,"Relb",1.55684305291437,1.1369339085002
"Tnf","Tnfrsf1b","M0","M0",0.686094383421382,"Hif1a",1.65325011448104,1.1342856179362
"Ccl2","Ccr5","M5","M0",0.697506122815046,"Egr1",1.62161727769935,1.13108798005796
"Osm","Il6st","M3","M3",0.653000159774482,"Stat4",1.72979620592574,1.1295571988468
"Ccl2","Ccr5","M5","M0",0.697506122815046,"Jund",1.61640462823066,1.12745212513747
"Cxcl14","Cxcr4","M0","M0",0.674192382955447,"Mitf",1.67135383867107,1.12681402725538
"Ccl2","Ccr2","M0","T4",0.698302610522724,"Hif1a",1.61243559260554,1.1259679836162
"Ccl7","Ccr2","M0","T4",0.675740216365846,"Nfkb1",1.65906288136941,1.12109551042111
"Ifng","Ifngr1","M5","T4",0.694720996716115,"Hif1a",1.61243559260554,1.12019286203546
"Cxcl14","Cxcr4","M0","M0",0.674192382955447,"Stat1",1.65929941679335,1.11868702784449
"Ifng","Ifngr2","M5","T4",0.674220540752379,"Nfkb1",1.65906288136941,1.11857427301908
"Cxcl14","Cxcr4","M0","M0",0.674192382955447,"Hif1a",1.65325011448104,1.11460863430334
"Cxcl14","Cxcr4","M5","T4",0.536894645418168,"Stat3",2.07454432325585,1.11381173883872
"Ccl2","Ccr2","M5","T4",0.570566817493184,"Ets1",1.95022776531686,1.11273524944369
"Tnf","Tnfrsf1b","M0","M0",0.686094383421382,"Egr1",1.62161727769935,1.11258250628859
"Ccl7","Ccr1","M5","M0",0.663748798103699,"Mitf",1.67135383867107,1.10935910162393
"Tnf","Tnfrsf1b","M0","M0",0.686094383421382,"Jund",1.61640462823066,1.10900613676538
"Ccl4","Ccr1","M5","M0",0.660712642809368,"Mitf",1.67135383867107,1.10428461181794
"Ccl7","Ccr1","M5","M0",0.663748798103699,"Stat1",1.65929941679335,1.10135799359075
"Ccl3","Ccr5","M0","T4",0.612765017595543,"Rbpj",1.79473944373661,1.09975354682068
"Ccl7","Ccr1","M5","M0",0.663748798103699,"Hif1a",1.65325011448104,1.09734277645159
"Ccl4","Ccr1","M5","M0",0.660712642809368,"Stat1",1.65929941679335,1.09632010288158
"Ccl3","Ccr1","M5","M0",0.655465060957924,"Mitf",1.67135383867107,1.09551404574679
"Cxcl14","Cxcr4","M0","M0",0.674192382955447,"Egr1",1.62161727769935,1.09328201669385
"Ccl4","Ccr1","M5","M0",0.660712642809368,"Hif1a",1.65325011448104,1.09232325236366
"Adam17","Notch1","M5","T4",0.559750253721362,"Ets1",1.95022776531686,1.09164048645056
"Ccl7","Ccr2","M5","M0",0.652412804582114,"Mitf",1.67135383867107,1.09041264533647
"Cxcl14","Cxcr4","M0","M0",0.674192382955447,"Jund",1.61640462823066,1.08976768812704
"Ccl7","Ccr2","M0","T4",0.675740216365846,"Hif1a",1.61243559260554,1.08958757622326
"Ccl4","Ccr5","M0","T4",0.606782325694584,"Rbpj",1.79473944373661,1.08901617368631
"Ccl3","Ccr1","M5","M0",0.655465060957924,"Stat1",1.65929941679335,1.0876127933759
"Osm","Il6st","M3","M3",0.653000159774482,"Stat5a",1.66539579265451,1.08750371869115
"Ifng","Ifngr2","M5","T4",0.674220540752379,"Hif1a",1.61243559260554,1.08713719717489
"Ccl3","Ccr1","M5","M0",0.655465060957924,"Hif1a",1.65325011448104,1.08364768706701
"Adam17","Notch1","M0","T4",0.603421497772793,"Rbpj",1.79473944373661,1.08298436325146
"Ccl7","Ccr5","M0","T4",0.603279732168411,"Rbpj",1.79473944373661,1.08272993092951
"Ccl7","Ccr2","M5","M0",0.652412804582114,"Stat1",1.65929941679335,1.08254818615161
"Ccl9","Ccr1","M5","M0",0.646638516622335,"Mitf",1.67135383867107,1.08076176698931
"Ccl7","Ccr2","M5","M0",0.652412804582114,"Hif1a",1.65325011448104,1.07860154386428
"Ccl7","Ccr1","M5","M0",0.663748798103699,"Egr1",1.62161727769935,1.07634651905713
"Ccl9","Ccr1","M5","M0",0.646638516622335,"Stat1",1.65929941679335,1.07296691350756
"Ccl7","Ccr1","M5","M0",0.663748798103699,"Jund",1.61640462823066,1.07288662923736
"Ccl4","Ccr1","M5","M0",0.660712642809368,"Egr1",1.62161727769935,1.07142303717407
"Ccl9","Ccr1","M5","M0",0.646638516622335,"Hif1a",1.65325011448104,1.06905520163372
"Ccl4","Ccr1","M5","M0",0.660712642809368,"Jund",1.61640462823066,1.06797897376758
"Ccl7","Ccr2","M5","T4",0.594327860972956,"Rbpj",1.79473944373661,1.06666365459978
"Ccl3","Ccr1","M5","M0",0.655465060957924,"Egr1",1.62161727769935,1.06291346777762
"Ccl2","Ccr1","M5","M0",0.635909567704751,"Mitf",1.67135383867107,1.062829897031
"Fasl","Fas","M5","M0",0.635812845384383,"Mitf",1.67135383867107,1.06266823980956
"Ccl3","Ccr1","M5","M0",0.655465060957924,"Jund",1.61640462823066,1.05949675817588
"Osm","Il6st","M3","M3",0.653000159774482,"Stat3",1.62049763535197,1.05818521479901
"Ccl7","Ccr2","M5","M0",0.652412804582114,"Egr1",1.62161727769935,1.05796387610264
"Ccl2","Ccr1","M5","M0",0.635909567704751,"Stat1",1.65929941679335,1.0551643748258
"Fasl","Fas","M5","M0",0.635812845384383,"Stat1",1.65929941679335,1.05500388353603
"Ccl7","Ccr2","M5","M0",0.652412804582114,"Jund",1.61640462823066,1.05456307684348
"Ccl2","Ccr5","M0","T4",0.634343349340153,"Nfkb1",1.65906288136941,1.05241550493379
"Ccl2","Ccr1","M5","M0",0.635909567704751,"Hif1a",1.65325011448104,1.05131756560747
"Fasl","Fas","M5","M0",0.635812845384383,"Hif1a",1.65325011448104,1.05115765942025
"Ccl9","Ccr1","M5","M0",0.646638516622335,"Egr1",1.62161727769935,1.04860019098065
"Cxcl14","Cxcr4","M0","T4",0.584129822426148,"Rbpj",1.79473944373661,1.04836083257107
"Cxcl14","Cxcr4","M5","T4",0.536894645418168,"Ets1",1.95022776531686,1.04706684454446
"Ccl9","Ccr1","M5","M0",0.646638516622335,"Jund",1.61640462823066,1.04522949106055
"Cxcl14","Cxcr4","M5","M0",0.624108400354893,"Mitf",1.67135383867107,1.04310597068001
"Ccl2","Ccr2","M5","M0",0.622942010591701,"Mitf",1.67135383867107,1.04115652067191
"Cxcl14","Cxcr4","M5","M0",0.624108400354893,"Stat1",1.65929941679335,1.0355827047247
"Ccl2","Ccr2","M5","M0",0.622942010591701,"Stat1",1.65929941679335,1.03364731487088
"Cxcl14","Cxcr4","M5","M0",0.624108400354893,"Hif1a",1.65325011448104,1.03180728433531
"Ccl2","Ccr1","M5","M0",0.635909567704751,"Egr1",1.62161727769935,1.03120194204435
"Fasl","Fas","M5","M0",0.635812845384383,"Egr1",1.62161727769935,1.0310450954585
"Ccl2","Ccr2","M5","M0",0.622942010591701,"Hif1a",1.65325011448104,1.02987895032578
"Ccl2","Ccr1","M5","M0",0.635909567704751,"Jund",1.61640462823066,1.02788716837412
"Fasl","Fas","M5","M0",0.635812845384383,"Jund",1.61640462823066,1.02773082596782
"Ccl2","Ccr2","M5","T4",0.570566817493184,"Rbpj",1.79473944373661,1.02401877264229
"Ccl2","Ccr5","M0","T4",0.634343349340153,"Hif1a",1.61243559260554,1.02283779440867
"Osm","Il6st","M3","M3",0.653000159774482,"Foxo1",1.5660531765895,1.02263297452828
"Osm","Il6st","M3","M3",0.653000159774482,"Relb",1.55684305291437,1.01661876229688
"Ccl3","Ccr5","M0","T4",0.612765017595543,"Nfkb1",1.65906288136941,1.01661569569444
"Cxcl14","Cxcr4","M5","M0",0.624108400354893,"Egr1",1.62161727769935,1.0120649651728
"Ccl2","Ccr2","M5","M0",0.622942010591701,"Egr1",1.62161727769935,1.01017352738027
"Il1a","Il1r1","M0","T4",0.486580084726438,"Stat3",2.07454432325585,1.00943195257858
"Cxcl14","Cxcr4","M5","M0",0.624108400354893,"Jund",1.61640462823066,1.00881170685129
"Ccl2","Ccr2","M5","M0",0.622942010591701,"Jund",1.61640462823066,1.00692634903974
"Ccl4","Ccr5","M0","T4",0.606782325694584,"Nfkb1",1.65906288136941,1.00669003363089
"Adam17","Notch1","M5","T4",0.559750253721362,"Rbpj",1.79473944373661,1.00460585899531
"Adam17","Notch1","M0","T4",0.603421497772793,"Nfkb1",1.65906288136941,1.00111420877517
"Ccl7","Ccr5","M0","T4",0.603279732168411,"Nfkb1",1.65906288136941,1.00087901072309
"Adam17","Notch1","M3","T4",0.482146035164064,"Stat3",2.07454432325585,1.00023332022993
"Adam17","Notch1","M0","M0",0.598120288046744,"Mitf",1.67135383867107,0.999670639413971
"Ccl2","Ccr1","M0","M3",0.577355063347899,"Stat4",1.72979620592574,0.998706598051211
"Adam17","Notch1","M0","M0",0.598120288046744,"Stat1",1.65929941679335,0.992460645128231
"Ccl7","Ccr5","M5","T4",0.477355590205475,"Stat3",2.07454432325585,0.990295329835215
"Adam17","Notch1","M0","M0",0.598120288046744,"Hif1a",1.65325011448104,0.988842434686711
"Ccl3","Ccr5","M0","T4",0.612765017595543,"Hif1a",1.61243559260554,0.988044124274613
"Inhba","Acvr2a","M0","M3",0.570561393232749,"Stat4",1.72979620592574,0.986954933261714
"Ccl7","Ccr2","M5","T4",0.594327860972956,"Nfkb1",1.65906288136941,0.986027293503909
"Ccl9","Ccr1","M0","M3",0.567674504897669,"Stat4",1.72979620592574,0.981961204772761
"Ccl4","Ccr5","M5","T4",0.47280998421408,"Stat3",2.07454432325585,0.980865268730008
"Ccl4","Ccr5","M0","T4",0.606782325694584,"Hif1a",1.61243559260554,0.978397418913913
"Adam17","Notch1","M0","T4",0.603421497772793,"Hif1a",1.61243559260554,0.972978300352195
"Ccl7","Ccr5","M0","T4",0.603279732168411,"Hif1a",1.61243559260554,0.972749712445882
"Adam17","Notch1","M0","M0",0.598120288046744,"Egr1",1.62161727769935,0.969922193239109
"Cxcl14","Cxcr4","M0","T4",0.584129822426148,"Nfkb1",1.65906288136941,0.969108106288124
"Ccl3","Ccr1","M0","M3",0.559583590822315,"Stat4",1.72979620592574,0.967965572302743
"Adam17","Notch1","M0","M0",0.598120288046744,"Jund",1.61640462823066,0.966804401837414
"Ccl3","Ccr5","M5","T4",0.46487594697344,"Stat3",2.07454432325585,0.964405756811939
"Cxcl14","Cxcr4","M5","T4",0.536894645418168,"Rbpj",1.79473944373661,0.963585997262969
"Tnf","Tnfrsf1b","M5","M0",0.57628101708544,"Mitf",1.67135383867107,0.963169490059018
"Ccl2","Ccr1","M0","M3",0.577355063347899,"Stat5a",1.66539579265451,0.96152469336737
"Ccl4","Ccr1","M0","M3",0.554713545754504,"Stat4",1.72979620592574,0.959541386821755
"Ccl7","Ccr2","M5","T4",0.594327860972956,"Hif1a",1.61243559260554,0.958315396709911
"Tnf","Tnfrsf1b","M5","M0",0.57628101708544,"Stat1",1.65929941679335,0.956222755558948
"Ccl7","Ccr1","M0","M3",0.551874235878667,"Stat4",1.72979620592574,0.954629959371085
"Il1a","Il1r1","M5","T4",0.45965418724822,"Stat3",2.07454432325585,0.953572984816577
"Tnf","Tnfrsf1b","M5","M0",0.57628101708544,"Hif1a",1.65325011448104,0.952736657469753
"Inhba","Acvr2a","M0","M3",0.570561393232749,"Stat5a",1.66539579265451,0.950210543740918
"Il1a","Il1r1","M0","T4",0.486580084726438,"Ets1",1.95022776531686,0.948941991283732
"Ccl2","Ccr2","M5","T4",0.570566817493184,"Nfkb1",1.65906288136941,0.946606228244014
"Ccl9","Ccr1","M0","M3",0.567674504897669,"Stat5a",1.66539579265451,0.945402732053812
"Ccl2","Ccr5","M0","M3",0.545245051446361,"Stat4",1.72979620592574,0.943162821291701
"Adam17","Notch1","M5","M0",0.56412097482412,"Mitf",1.67135383867107,0.942845756747158
"Cxcl14","Cxcr4","M0","T4",0.584129822426148,"Hif1a",1.61243559260554,0.941871716382273
"Adam17","Notch1","M3","T4",0.482146035164064,"Ets1",1.95022776531686,0.940294584714398
"Adam17","Notch1","M5","M0",0.56412097482412,"Stat1",1.65929941679335,0.936045604526557
"Ccl2","Ccr1","M0","M3",0.577355063347899,"Stat3",1.62049763535197,0.935602514913759
"Tnf","Tnfrsf1b","M5","M0",0.57628101708544,"Egr1",1.62161727769935,0.934507254115901
"Ccl2","Ccr2","M0","M3",0.539438512747245,"Stat4",1.72979620592574,0.933118692680409
"Adam17","Notch1","M5","M0",0.56412097482412,"Hif1a",1.65325011448104,0.932633066209132
"Ccl3","Ccr1","M0","M3",0.559583590822315,"Stat5a",1.66539579265451,0.931928157793988
"Tnf","Tnfrsf1b","M5","M0",0.57628101708544,"Jund",1.61640462823066,0.931503303178379
"Ccl7","Ccr5","M5","T4",0.477355590205475,"Ets1",1.95022776531686,0.930952125947936
"Adam17","Notch1","M5","T4",0.559750253721362,"Nfkb1",1.65906288136941,0.92866086878622
"Inhba","Acvr2a","M0","M3",0.570561393232749,"Stat3",1.62049763535197,0.924593388556798
"Ccl4","Ccr1","M0","M3",0.554713545754504,"Stat5a",1.66539579265451,0.923817605228017
"Ccl4","Ccr5","M5","T4",0.47280998421408,"Ets1",1.95022776531686,0.922087158933326
"Ccl2","Ccr2","M5","T4",0.570566817493184,"Hif1a",1.61243559260554,0.920002244485677
"Ccl9","Ccr1","M0","M3",0.567674504897669,"Stat3",1.62049763535197,0.919915192836275
"Ccl7","Ccr1","M0","M3",0.551874235878667,"Stat5a",1.66539579265451,0.919089030506755
"Adam17","Notch1","M5","M0",0.56412097482412,"Egr1",1.62161727769935,0.91478831948739
"Adam17","Notch1","M5","M0",0.56412097482412,"Jund",1.61640462823066,0.911847754587701
"Ccl2","Ccr5","M0","M3",0.545245051446361,"Stat5a",1.66539579265451,0.908048814644464
"Ccl3","Ccr5","M0","M3",0.524437103748345,"Stat4",1.72979620592574,0.90716931231057
"Ccl3","Ccr1","M0","M3",0.559583590822315,"Stat3",1.62049763535197,0.906803885709328
"Ccl3","Ccr5","M5","T4",0.46487594697344,"Ets1",1.95022776531686,0.906613979215573
"Csf1","Csf1r","M5","M0",0.54139826299473,"Mitf",1.67135383867107,0.904868065106091
"Ccl2","Ccr1","M0","M3",0.577355063347899,"Foxo1",1.5660531765895,0.904168730976007
"Adam17","Notch1","M5","T4",0.559750253721362,"Hif1a",1.61243559260554,0.902561232070305
"Ccl2","Ccr5","M5","T4",0.434361345802266,"Stat3",2.07454432325585,0.901101864175864
"Osm","Il6st","M0","M0",0.538623529896636,"Mitf",1.67135383867107,0.900230504291304
"Ccl4","Ccr1","M0","M3",0.554713545754504,"Stat3",1.62049763535197,0.898911989192882
"Ccl2","Ccr1","M0","M3",0.577355063347899,"Relb",1.55684305291437,0.898851219438113
"Ccl2","Ccr2","M0","M3",0.539438512747245,"Stat5a",1.66539579265451,0.89837862952507
"Csf1","Csf1r","M5","M0",0.54139826299473,"Stat1",1.65929941679335,0.898341822040087
"Ccl4","Ccr5","M0","M3",0.518681654675601,"Stat4",1.72979620592574,0.897213558341139
"Il1a","Il1r1","M5","T4",0.45965418724822,"Ets1",1.95022776531686,0.896430358415634
"Csf1","Csf1r","M5","M0",0.54139826299473,"Hif1a",1.65325011448104,0.895066740275873
"Ccl7","Ccr1","M0","M3",0.551874235878667,"Stat3",1.62049763535197,0.894310894253056
"Osm","Il6st","M0","M0",0.538623529896636,"Stat1",1.65929941679335,0.893737709028662
"Inhba","Acvr2a","M0","M3",0.570561393232749,"Foxo1",1.5660531765895,0.893529482311476
"Ccl7","Ccr5","M0","M3",0.515314977539845,"Stat4",1.72979620592574,0.891389893005131
"Cxcl14","Cxcr4","M5","T4",0.536894645418168,"Nfkb1",1.65906288136941,0.890741977419271
"Osm","Il6st","M0","M0",0.538623529896636,"Hif1a",1.65325011448104,0.890479412463795
"Ccl9","Ccr1","M0","M3",0.567674504897669,"Foxo1",1.5660531765895,0.889008461663864
"Inhba","Acvr2a","M0","M3",0.570561393232749,"Relb",1.55684305291437,0.88827454131555
"Ccl9","Ccr1","M0","M3",0.567674504897669,"Relb",1.55684305291437,0.883780109266541
"Ccl2","Ccr5","M0","M3",0.545245051446361,"Stat3",1.62049763535197,0.883568316556194
"Ccl7","Ccr2","M0","M3",0.508618700288067,"Stat4",1.72979620592574,0.879806698021179
"Csf1","Csf1r","M5","M0",0.54139826299473,"Egr1",1.62161727769935,0.877940777388668
"Tnf","Tnfrsf1a","M0","M0",0.524606045819532,"Mitf",1.67135383867107,0.876802328470526
"Ccl3","Ccr1","M0","M3",0.559583590822315,"Foxo1",1.5660531765895,0.876337659974644
"Csf1","Csf1r","M5","M0",0.54139826299473,"Jund",1.61640462823066,0.875118658020724
"Ccl2","Ccr2","M0","M3",0.539438512747245,"Stat3",1.62049763535197,0.874158834324696
"Osm","Il6st","M0","M0",0.538623529896636,"Egr1",1.62161727769935,0.873441222255795
"Ccl3","Ccr5","M0","M3",0.524437103748345,"Stat5a",1.66539579265451,0.873395346094411
"Il1a","Il1r1","M0","T4",0.486580084726438,"Rbpj",1.79473944373661,0.873284470595242
"Ccl3","Ccr1","M0","M3",0.559583590822315,"Relb",1.55684305291437,0.8711838258966
"Osm","Il6st","M0","M0",0.538623529896636,"Jund",1.61640462823066,0.87063356659886
"Tnf","Tnfrsf1a","M0","M0",0.524606045819532,"Stat1",1.65929941679335,0.870478505874614
"Ccl4","Ccr1","M0","M3",0.554713545754504,"Foxo1",1.5660531765895,0.868710910426063
"Tnf","Tnfrsf1a","M0","M0",0.524606045819532,"Hif1a",1.65325011448104,0.867305005308587
"Cxcl14","Cxcr4","M5","T4",0.536894645418168,"Hif1a",1.61243559260554,0.865708035751583
"Adam17","Notch1","M3","T4",0.482146035164064,"Rbpj",1.79473944373661,0.865326506950166
"Ccl7","Ccr1","M0","M3",0.551874235878667,"Foxo1",1.5660531765895,0.864264400175687
"Ccl4","Ccr5","M0","M3",0.518681654675601,"Stat5a",1.66539579265451,0.863810245423826
"Ccl4","Ccr1","M0","M3",0.554713545754504,"Relb",1.55684305291437,0.863601930065397
"Ccl7","Ccr1","M0","M3",0.551874235878667,"Relb",1.55684305291437,0.859181570210129
"Ccl7","Ccr5","M0","M3",0.515314977539845,"Stat5a",1.66539579265451,0.858203395486712
"Ccl7","Ccr5","M5","T4",0.477355590205475,"Rbpj",1.79473944373661,0.856728906429937
"Ccl2","Ccr5","M0","M3",0.545245051446361,"Foxo1",1.5660531765895,0.853882744837277
"Cxcl14","Cxcr4","M0","M3",0.49246444716297,"Stat4",1.72979620592574,0.851863132255823
"Tnf","Tnfrsf1a","M0","M0",0.524606045819532,"Egr1",1.62161727769935,0.850710227886488
"Ccl3","Ccr5","M0","M3",0.524437103748345,"Stat3",1.62049763535197,0.84984908651503
"Ccl2","Ccr5","M0","M3",0.545245051446361,"Relb",1.55684305291437,0.848860970480206
"Adam17","Notch1","M3","M0",0.50783364900393,"Mitf",1.67135383867107,0.848769718669055
"Ccl4","Ccr5","M5","T4",0.47280998421408,"Rbpj",1.79473944373661,0.848570728061494
"Tnf","Tnfrsf1a","M0","M0",0.524606045819532,"Jund",1.61640462823066,0.84797564046048
"Ccl2","Ccr5","M5","T4",0.434361345802266,"Ets1",1.95022776531686,0.847103556763979
"Ccl7","Ccr2","M0","M3",0.508618700288067,"Stat5a",1.66539579265451,0.847051443525153
"Ccl2","Ccr2","M0","M3",0.539438512747245,"Foxo1",1.5660531765895,0.844789396462536
"Adam17","Notch1","M3","M0",0.50783364900393,"Stat1",1.65929941679335,0.842648077620259
"Ccl4","Ccr5","M0","M3",0.518681654675601,"Stat3",1.62049763535197,0.84052239490226
"Ccl2","Ccr2","M0","M3",0.539438512747245,"Relb",1.55684305291437,0.839821101045009
"Adam17","Notch1","M3","M0",0.50783364900393,"Hif1a",1.65325011448104,0.839576038353072
"Ccl7","Ccr5","M0","M3",0.515314977539845,"Stat3",1.62049763535197,0.835066702564773
"Ccl3","Ccr5","M5","T4",0.46487594697344,"Rbpj",1.79473944373661,0.834331198477643
"Il6","Il6ra","M3","M5",0.601667936059988,"Tbx21",1.38407161892653,0.832751514318734
"Csf1","Csf1r","M5","M3",0.480462843093201,"Stat4",1.72979620592574,0.831102803070914
"Il1a","Il1r1","M5","T4",0.45965418724822,"Rbpj",1.79473944373661,0.824959500333075
"Ccl7","Ccr2","M0","M3",0.508618700288067,"Stat3",1.62049763535197,0.824215401112606
"Adam17","Notch1","M3","M0",0.50783364900393,"Egr1",1.62161727769935,0.823511819421878
"Ccl3","Ccr5","M0","M3",0.524437103748345,"Foxo1",1.5660531765895,0.82129639224649
"Adam17","Notch1","M3","M0",0.50783364900393,"Jund",1.61640462823066,0.820864660621219
"Cxcl14","Cxcr4","M0","M3",0.49246444716297,"Stat5a",1.66539579265451,0.820148218337141
"Ccl3","Ccr5","M0","M3",0.524437103748345,"Relb",1.55684305291437,0.816466261661143
"Ccl4","Ccr5","M0","M3",0.518681654675601,"Foxo1",1.5660531765895,0.81228305294342
"Ccl4","Ccr5","M0","M3",0.518681654675601,"Relb",1.55684305291437,0.80750593075584
"Il1a","Il1r1","M0","T4",0.486580084726438,"Nfkb1",1.65906288136941,0.807266957383215
"Ccl7","Ccr5","M0","M3",0.515314977539845,"Foxo1",1.5660531765895,0.807010657520418
"Fasl","Fas","M5","T4",0.388077346184219,"Stat3",2.07454432325585,0.805083655510667
"Ccl7","Ccr5","M0","M3",0.515314977539845,"Relb",1.55684305291437,0.802264542845632
"Csf1","Csf1r","M5","M3",0.480462843093201,"Stat5a",1.66539579265451,0.800160797414242
"Adam17","Notch1","M3","T4",0.482146035164064,"Nfkb1",1.65906288136941,0.799910590340127
"Cxcl14","Cxcr4","M0","M3",0.49246444716297,"Stat3",1.62049763535197,0.79803747212251
"Ccl7","Ccr2","M0","M3",0.508618700288067,"Foxo1",1.5660531765895,0.796523931258948
"Ccl7","Ccr5","M5","T4",0.477355590205475,"Nfkb1",1.65906288136941,0.791962940924089
"Ccl7","Ccr2","M0","M3",0.508618700288067,"Relb",1.55684305291437,0.791839490125813
"Ccl7","Ccr1","M5","M3",0.456398047128327,"Stat4",1.72979620592574,0.789475610314497
"Il1a","Il1r1","M0","T4",0.486580084726438,"Hif1a",1.61243559260554,0.784579047265927
"Ccl4","Ccr5","M5","T4",0.47280998421408,"Nfkb1",1.65906288136941,0.784421494750434
"Ccl4","Ccr1","M5","M3",0.453219132170595,"Stat4",1.72979620592574,0.783976735281651
"Il1b","Il1r1","M0","T4",0.375912786338735,"Stat3",2.07454432325585,0.779847736938314
"Ccl2","Ccr5","M5","T4",0.434361345802266,"Rbpj",1.79473944373661,0.779565440145846
"Csf1","Csf1r","M5","M3",0.480462843093201,"Stat3",1.62049763535197,0.778588901107018
"Adam17","Notch1","M3","T4",0.482146035164064,"Hif1a",1.61243559260554,0.777429427932178
"Ccl3","Ccr1","M5","M3",0.447719728363712,"Stat4",1.72979620592574,0.774463887441652
"Cxcl14","Cxcr4","M5","M3",0.446403955482941,"Stat4",1.72979620592574,0.772187868504634
"Ccl3","Ccr5","M5","T4",0.46487594697344,"Nfkb1",1.65906288136941,0.771258428065087
"Cxcl14","Cxcr4","M0","M3",0.49246444716297,"Foxo1",1.5660531765895,0.771225511836959
"Ccl7","Ccr5","M5","T4",0.477355590205475,"Hif1a",1.61243559260554,0.769705143976531
"Il1b","Il1r1","M3","T4",0.370607551746081,"Stat3",2.07454432325585,0.768841792630583
"Cxcl14","Cxcr4","M0","M3",0.49246444716297,"Relb",1.55684305291437,0.766689853372986
"Il1b","Il1r1","M5","T4",0.368386289853848,"Stat3",2.07454432325585,0.764233686381587
"Il1a","Il1r1","M5","T4",0.45965418724822,"Nfkb1",1.65906288136941,0.762595200329544
"Ccl4","Ccr5","M5","T4",0.47280998421408,"Hif1a",1.61243559260554,0.762375647086044
"Ccl7","Ccr1","M5","M3",0.456398047128327,"Stat5a",1.66539579265451,0.760083387463251
"Ccl9","Ccr1","M5","M3",0.438454659295079,"Stat4",1.72979620592574,0.75843720611909
"Fasl","Fas","M5","T4",0.388077346184219,"Ets1",1.95022776531686,0.756839215618947
"Ccl4","Ccr1","M5","M3",0.453219132170595,"Stat5a",1.66539579265451,0.754789235867438
"Csf1","Csf1r","M5","M3",0.480462843093201,"Foxo1",1.5660531765895,0.752430361659328
"Ccl3","Ccr5","M5","T4",0.46487594697344,"Hif1a",1.61243559260554,0.749582523046179
"Csf1","Csf1r","M5","M3",0.480462843093201,"Relb",1.55684305291437,0.748005239453138
"Ccl3","Ccr1","M5","M3",0.447719728363712,"Stat5a",1.66539579265451,0.745630551905347
"Cxcl14","Cxcr4","M5","M3",0.446403955482941,"Stat5a",1.66539579265451,0.743439269285622
"Il1a","Il1r1","M5","T4",0.45965418724822,"Hif1a",1.61243559260554,0.7411627718092
"Ccl7","Ccr1","M5","M3",0.456398047128327,"Stat3",1.62049763535197,0.739591956150712
"Il6","Il6ra","M3","M5",0.601667936059988,"Jund",1.22893914885401,0.739413281234313
"Ccl2","Ccr1","M5","M3",0.427166307323673,"Stat4",1.72979620592574,0.738910657707799
"Tnf","Tnfrsf1a","M5","M0",0.441463258443572,"Mitf",1.67135383867107,0.737841311631903
"Ccl4","Ccr1","M5","M3",0.453219132170595,"Stat3",1.62049763535197,0.734440531978722
"Il1b","Il1r1","M0","T4",0.375912786338735,"Ets1",1.95022776531686,0.733115553255428
"Tnf","Tnfrsf1a","M5","M0",0.441463258443572,"Stat1",1.65929941679335,0.73251972727111
"Tnf","Tnfrsf1a","M0","T4",0.353063052474376,"Stat3",2.07454432325585,0.7324449512621
"Ccl9","Ccr1","M5","M3",0.438454659295079,"Stat5a",1.66539579265451,0.730200544859792
"Tnf","Tnfrsf1a","M5","M0",0.441463258443572,"Hif1a",1.65325011448104,0.729849182561009
"Ccl3","Ccr1","M5","M3",0.447719728363712,"Stat3",1.62049763535197,0.725528761113822
"Inhba","Acvr2a","M5","M3",0.418885195623026,"Stat4",1.72979620592574,0.724586022107172
"Cxcl14","Cxcr4","M5","M3",0.446403955482941,"Stat3",1.62049763535197,0.723396554271873
"Il1b","Il1r1","M3","T4",0.370607551746081,"Ets1",1.95022776531686,0.722769137451314
"Ccl2","Ccr5","M5","T4",0.434361345802266,"Nfkb1",1.65906288136941,0.720632785922201
"Il1b","Il1r1","M5","T4",0.368386289853848,"Ets1",1.95022776531686,0.718437170835041
"Ifng","Ifngr1","M5","M5",0.517323383862765,"Tbx21",1.38407161892653,0.716012613411491
"Tnf","Tnfrsf1a","M5","M0",0.441463258443572,"Egr1",1.62161727769935,0.715884447361548
"Ccl7","Ccr1","M5","M3",0.456398047128327,"Foxo1",1.5660531765895,0.714743611494558
"Tnf","Tnfrsf1a","M5","M0",0.441463258443572,"Jund",1.61640462823066,0.71358325414198
"Il6","Il6ra","M3","M5",0.601667936059988,"Lef1",1.1849620516363,0.712953671917419
"Ccl2","Ccr1","M5","M3",0.427166307323673,"Stat5a",1.66539579265451,0.71140097098061
"Il6","Il6ra","M3","M5",0.601667936059988,"Hif1a",1.18181465190299,0.711059982415928
"Ccl7","Ccr1","M5","M3",0.456398047128327,"Relb",1.55684305291437,0.710540129035421
"Ccl9","Ccr1","M5","M3",0.438454659295079,"Stat3",1.62049763535197,0.71051473859673
"Ccl4","Ccr1","M5","M3",0.453219132170595,"Foxo1",1.5660531765895,0.709765261626894
"Ifng","Ifngr2","M5","M5",0.51188752548219,"Tbx21",1.38407161892653,0.708488996102432
"Ccl4","Ccr1","M5","M3",0.453219132170595,"Relb",1.55684305291437,0.70559105736767
"Ccl3","Ccr1","M5","M3",0.447719728363712,"Foxo1",1.5660531765895,0.701152902825777
"Il6","Il6ra","M3","M5",0.601667936059988,"Nr1h3",1.16440208319374,0.700583398139126
"Ccl2","Ccr5","M5","T4",0.434361345802266,"Hif1a",1.61243559260554,0.700379694023616
"Cxcl14","Cxcr4","M5","M3",0.446403955482941,"Foxo1",1.5660531765895,0.699092332526176
"Inhba","Acvr2a","M5","M3",0.418885195623026,"Stat5a",1.66539579265451,0.69760964239585
"Ccl3","Ccr1","M5","M3",0.447719728363712,"Relb",1.55684305291437,0.697029348755754
"Fasl","Fas","M5","T4",0.388077346184219,"Rbpj",1.79473944373661,0.696497720417446
"Cxcl14","Cxcr4","M5","M3",0.446403955482941,"Relb",1.55684305291437,0.694980896887113
"Ccl2","Ccr1","M5","M3",0.427166307323673,"Stat3",1.62049763535197,0.692221990920047
"Tnf","Tnfrsf1a","M0","T4",0.353063052474376,"Ets1",1.95022776531686,0.688553367843052
"Ccl9","Ccr1","M5","M3",0.438454659295079,"Foxo1",1.5660531765895,0.686643311979523
"Ccl7","Ccr5","M5","M3",0.39600257417802,"Stat4",1.72979620592574,0.685003750349966
"Ccl9","Ccr1","M5","M3",0.438454659295079,"Relb",1.55684305291437,0.682605090341481
"Osm","Il6st","M5","M0",0.406659640249423,"Mitf",1.67135383867107,0.679672150763469
"Inhba","Acvr2a","M5","M3",0.418885195623026,"Stat3",1.62049763535197,0.678802468991062
"Ccl4","Ccr5","M5","M3",0.391771340742586,"Stat4",1.72979620592574,0.677684578806966
"Osm","Il6st","M5","M0",0.406659640249423,"Stat1",1.65929941679335,0.67477010389926
"Il1b","Il1r1","M0","T4",0.375912786338735,"Rbpj",1.79473944373661,0.674665505047063
"Osm","Il6st","M5","M0",0.406659640249423,"Hif1a",1.65325011448104,0.672310096797177
"Ccl2","Ccr1","M5","M3",0.427166307323673,"Foxo1",1.5660531765895,0.668965152516243
"Tnf","Tnfrsf1a","M0","M3",0.38476428368985,"Stat4",1.72979620592574,0.665563798102437
"Il1b","Il1r1","M3","T4",0.370607551746081,"Rbpj",1.79473944373661,0.66514399126535
"Ccl2","Ccr1","M5","M3",0.427166307323673,"Relb",1.55684305291437,0.665030897995946
"Ccl3","Ccr5","M5","M3",0.384401186227811,"Stat4",1.72979620592574,0.664935713490221
"Ccl7","Ccr2","M5","M3",0.384137044066952,"Stat4",1.72979620592574,0.664478801382542
"Il1b","Il1r1","M5","T4",0.368386289853848,"Rbpj",1.79473944373661,0.661157404932491
"Ccl7","Ccr5","M5","M3",0.39600257417802,"Stat5a",1.66539579265451,0.659501020916432
"Osm","Il6st","M5","M0",0.406659640249423,"Egr1",1.62161727769935,0.659446298771464
"Osm","Il6st","M5","M0",0.406659640249423,"Jund",1.61640462823066,0.657326524613784
"Inhba","Acvr2a","M5","M3",0.418885195623026,"Foxo1",1.5660531765895,0.655996491231752
"Ccl4","Ccr5","M5","M3",0.391771340742586,"Stat5a",1.66539579265451,0.65245434255532
"Inhba","Acvr2a","M5","M3",0.418885195623026,"Relb",1.55684305291437,0.652138506774385
"Fasl","Fas","M5","T4",0.388077346184219,"Nfkb1",1.65906288136941,0.643844720154582
"Ccl7","Ccr5","M5","M3",0.39600257417802,"Stat3",1.62049763535197,0.641721235048776
"Tnf","Tnfrsf1a","M0","M3",0.38476428368985,"Stat5a",1.66539579265451,0.640784819220803
"Ccl3","Ccr5","M5","M3",0.384401186227811,"Stat5a",1.66539579265451,0.6401801182352
"Ccl7","Ccr2","M5","M3",0.384137044066952,"Stat5a",1.66539579265451,0.639740216991842
"Ifng","Ifngr1","M5","M5",0.517323383862765,"Jund",1.22893914885401,0.635758959046585
"Ccl4","Ccr5","M5","M3",0.391771340742586,"Stat3",1.62049763535197,0.634864531272033
"Tnf","Tnfrsf1a","M0","T4",0.353063052474376,"Rbpj",1.79473944373661,0.633656186401812
"Ifng","Ifngr2","M5","M5",0.51188752548219,"Jund",1.22893914885401,0.62907861987507
"Fasl","Fas","M5","T4",0.388077346184219,"Hif1a",1.61243559260554,0.625749725671335
"Il1b","Il1r1","M0","T4",0.375912786338735,"Nfkb1",1.65906288136941,0.623662950446745
"Tnf","Tnfrsf1a","M0","M3",0.38476428368985,"Stat3",1.62049763535197,0.623509611887297
"Ccl3","Ccr5","M5","M3",0.384401186227811,"Stat3",1.62049763535197,0.622921213308661
"Ccl7","Ccr2","M5","M3",0.384137044066952,"Stat3",1.62049763535197,0.622493171561592
"Ccl7","Ccr5","M5","M3",0.39600257417802,"Foxo1",1.5660531765895,0.620161089229106
"Ccl7","Ccr5","M5","M3",0.39600257417802,"Relb",1.55684305291437,0.616513856545259
"Ccl2","Ccr5","M5","M3",0.356245739774062,"Stat4",1.72979620592574,0.616232529038382
"Il1b","Il1r1","M3","T4",0.370607551746081,"Nfkb1",1.65906288136941,0.614861232657115
"Ccl4","Ccr5","M5","M3",0.391771340742586,"Foxo1",1.5660531765895,0.613534752666652
"Ifng","Ifngr1","M5","M5",0.517323383862765,"Lef1",1.1849620516363,0.613008578301454
"Ifng","Ifngr1","M5","M5",0.517323383862765,"Hif1a",1.18181465190299,0.611380354821053
"Il1b","Il1r1","M5","T4",0.368386289853848,"Nfkb1",1.65906288136941,0.611176019501911
"Ccl4","Ccr5","M5","M3",0.391771340742586,"Relb",1.55684305291437,0.609926490166044
"Ifng","Ifngr2","M5","M5",0.51188752548219,"Lef1",1.1849620516363,0.606567292402403
"Il1b","Il1r1","M0","T4",0.375912786338735,"Hif1a",1.61243559260554,0.606135156408098
"Ifng","Ifngr2","M5","M5",0.51188752548219,"Hif1a",1.18181465190299,0.604956177741219
"Tnf","Tnfrsf1a","M0","M3",0.38476428368985,"Foxo1",1.5660531765895,0.602561328710671
"Ifng","Ifngr1","M5","M5",0.517323383862765,"Nr1h3",1.16440208319374,0.602372425854637
"Ccl3","Ccr5","M5","M3",0.384401186227811,"Foxo1",1.5660531765895,0.601992698776833
"Ccl7","Ccr2","M5","M3",0.384137044066952,"Foxo1",1.5660531765895,0.601579038106749
"Tnf","Tnfrsf1a","M0","M3",0.38476428368985,"Relb",1.55684305291437,0.599017602072117
"Ccl3","Ccr5","M5","M3",0.384401186227811,"Relb",1.55684305291437,0.59845231631081
"Ccl7","Ccr2","M5","M3",0.384137044066952,"Relb",1.55684305291437,0.598041088422695
"Il1b","Il1r1","M3","T4",0.370607551746081,"Hif1a",1.61243559260554,0.59758080732378
"Ifng","Ifngr2","M5","M5",0.51188752548219,"Nr1h3",1.16440208319374,0.596042901032349
"Il1b","Il1r1","M5","T4",0.368386289853848,"Hif1a",1.61243559260554,0.593999165588246
"Ccl2","Ccr5","M5","M3",0.356245739774062,"Stat5a",1.66539579265451,0.593290156170818
"Ccl2","Ccr2","M5","M3",0.341861944865315,"Stat4",1.72979620592574,0.591351495178417
"Tnf","Tnfrsf1a","M0","T4",0.353063052474376,"Nfkb1",1.65906288136941,0.585753805143216
"Ccl2","Ccr5","M5","M3",0.356245739774062,"Stat3",1.62049763535197,0.577295378908082
"Ccl2","Ccr2","M5","M3",0.341861944865315,"Stat5a",1.66539579265451,0.569335444647385
"Tnf","Tnfrsf1a","M0","T4",0.353063052474376,"Hif1a",1.61243559260554,0.56929143224364
"Tnf","Tnfrsf1b","M0","T4",0.272034714312352,"Stat3",2.07454432325585,0.564348072305218
"Ccl2","Ccr5","M5","M3",0.356245739774062,"Foxo1",1.5660531765895,0.557899772419645
"Ccl2","Ccr5","M5","M3",0.356245739774062,"Relb",1.55684305291437,0.55461870509759
"Ccl2","Ccr2","M5","M3",0.341861944865315,"Stat3",1.62049763535197,0.55398647327107
"Ccl2","Ccr2","M5","M3",0.341861944865315,"Foxo1",1.5660531765895,0.53537398471139
"Ccl2","Ccr2","M5","M3",0.341861944865315,"Relb",1.55684305291437,0.532225393919361
"Tnf","Tnfrsf1b","M0","T4",0.272034714312352,"Ets1",1.95022776531686,0.53052965298199
"Fasl","Fas","M5","M3",0.300088167473204,"Stat4",1.72979620592574,0.519091373538357
"Tnf","Tnfrsf1a","M5","T4",0.24260828787816,"Stat3",2.07454432325585,0.503301646392459
"Tnf","Tnfrsf1a","M5","M3",0.289377399267051,"Stat4",1.72979620592574,0.500563927332802
"Fasl","Fas","M5","M3",0.300088167473204,"Stat5a",1.66539579265451,0.499765571535277
"Tnf","Tnfrsf1b","M0","T4",0.272034714312352,"Rbpj",1.79473944373661,0.488231431841999
"Fasl","Fas","M5","M3",0.300088167473204,"Stat3",1.62049763535197,0.486292165787434
"Tnf","Tnfrsf1a","M5","M3",0.289377399267051,"Stat5a",1.66539579265451,0.481927903228651
"Tnf","Tnfrsf1a","M5","T4",0.24260828787816,"Ets1",1.95022776531686,0.473141419115975
"Fasl","Fas","M5","M3",0.300088167473204,"Foxo1",1.5660531765895,0.469954027928332
"Tnf","Tnfrsf1a","M5","M3",0.289377399267051,"Stat3",1.62049763535197,0.468935391236559
"Fasl","Fas","M5","M3",0.300088167473204,"Relb",1.55684305291437,0.467190178792462
"Tnf","Tnfrsf1a","M5","M3",0.289377399267051,"Foxo1",1.5660531765895,0.453180395355371
"Tnf","Tnfrsf1b","M0","T4",0.272034714312352,"Nfkb1",1.65906288136941,0.451322696959554
"Tnf","Tnfrsf1a","M5","M3",0.289377399267051,"Relb",1.55684305291437,0.450515193719336
"Tnf","Tnfrsf1b","M0","T4",0.272034714312352,"Hif1a",1.61243559260554,0.438638455781515
"Tnf","Tnfrsf1a","M5","T4",0.24260828787816,"Rbpj",1.79473944373661,0.435418663632341
"Igf1","Igf1r","M0","M5",0.305564777035363,"Tbx21",1.38407161892653,0.422923535638261
"Tnf","Tnfrsf1a","M5","T4",0.24260828787816,"Nfkb1",1.65906288136941,0.402502405131239
"Tnf","Tnfrsf1a","M5","T4",0.24260828787816,"Hif1a",1.61243559260554,0.391190238435836
"Tnf","Tnfrsf1b","M5","T4",0.18697786177583,"Stat3",2.07454432325585,0.387893861721567
"Igf1","Igf1r","M0","M5",0.305564777035363,"Jund",1.22893914885401,0.375520517009606
"Tnf","Tnfrsf1b","M5","T4",0.18697786177583,"Ets1",1.95022776531686,0.364649417534803
"Igf1","Igf1r","M0","M5",0.305564777035363,"Lef1",1.1849620516363,0.362082665103611
"Igf1","Igf1r","M0","M5",0.305564777035363,"Hif1a",1.18181465190299,0.361120930605864
"Igf1","Igf1r","M0","M5",0.305564777035363,"Nr1h3",1.16440208319374,0.355800262930607
"Osm","Il6st","M3","M0",0.210955199192338,"Mitf",1.67135383867107,0.352580781957734
"Osm","Il6st","M3","M0",0.210955199192338,"Stat1",1.65929941679335,0.35003783898937
"Osm","Il6st","M3","M0",0.210955199192338,"Hif1a",1.65325011448104,0.348761707215103
"Osm","Il6st","M3","M0",0.210955199192338,"Egr1",1.62161727769935,0.342088595830802
"Osm","Il6st","M3","M0",0.210955199192338,"Jund",1.61640462823066,0.340988960323816
"Tnf","Tnfrsf1b","M5","T4",0.18697786177583,"Rbpj",1.79473944373661,0.335576543634615
"Tnf","Tnfrsf1b","M5","T4",0.18697786177583,"Nfkb1",1.65906288136941,0.3102080301101
"Tnf","Tnfrsf1b","M5","T4",0.18697786177583,"Hif1a",1.61243559260554,0.301489759356627
"Ifng","Ifngr2","M5","B1",0.255721860009334,"Myc",1.14921076829121,0.293878315210183
"Ifng","Ifngr1","M5","B1",0.247768306373009,"Myc",1.14921076829121,0.284738005725137
"Tnf","Tnfrsf1a","M0","M5",0.149703384959338,"Tbx21",1.38407161892653,0.207200206379453
"Tnf","Tnfrsf1a","M0","M5",0.149703384959338,"Jund",1.22893914885401,0.183976350492493
"Tnf","Tnfrsf1a","M0","M5",0.149703384959338,"Lef1",1.1849620516363,0.177392830178315
"Tnf","Tnfrsf1a","M0","M5",0.149703384959338,"Hif1a",1.18181465190299,0.17692165378442
"Tnf","Tnfrsf1a","M0","M5",0.149703384959338,"Nr1h3",1.16440208319374,0.174314933307807
"Tgfb1","Tgfbr2","M0","M3",0.100138412301914,"Stat4",1.72979620592574,0.173219045667278
"Tgfb1","Tgfbr2","M0","M3",0.100138412301914,"Stat5a",1.66539579265451,0.16677009053071
"Tgfb1","Tgfbr1","M0","M3",0.094511212848993,"Stat4",1.72979620592574,0.163485137403628
"Tgfb1","Tgfbr2","M0","M3",0.100138412301914,"Stat3",1.62049763535197,0.162274060343152
"Tgfb1","Tgfbr1","M0","M3",0.094511212848993,"Stat5a",1.66539579265451,0.157398576237388
"Tgfb1","Tgfbr2","M0","M3",0.100138412301914,"Foxo1",1.5660531765895,0.156822078684041
"Tgfb1","Tgfbr2","M0","M3",0.100138412301914,"Relb",1.55684305291437,0.155899791522109
"Tgfb1","Tgfbr1","M0","M3",0.094511212848993,"Stat3",1.62049763535197,0.15315519693604
"Tgfb1","Tgfbr1","M0","M3",0.094511212848993,"Foxo1",1.5660531765895,0.148009585105491
"Tgfb1","Tgfbr1","M0","M3",0.094511212848993,"Relb",1.55684305291437,0.147139125146466
"Tgfb1","Tgfbr2","M5","M3",0.0828150273687126,"Stat4",1.72979620592574,0.143253120136035
"Tnf","Tnfrsf1a","M5","M5",0.10002660592361,"Tbx21",1.38407161892653,0.138443986396418
"Tgfb1","Tgfbr2","M5","M3",0.0828150273687126,"Stat5a",1.66539579265451,0.137919798148422
"Tgfb1","Tgfbr2","M5","M3",0.0828150273687126,"Stat3",1.62049763535197,0.134201556022608
"Tgfb1","Tgfbr1","M5","M3",0.0767042372390626,"Stat4",1.72979620592574,0.132682698554558
"Tgfb1","Tgfbr2","M5","M3",0.0828150273687126,"Foxo1",1.5660531765895,0.129692736680118
"Tgfb1","Tgfbr2","M5","M3",0.0828150273687126,"Relb",1.55684305291437,0.128930000035894
"Tgfb1","Tgfbr1","M5","M3",0.0767042372390626,"Stat5a",1.66539579265451,0.127742913976708
"Tgfb1","Tgfbr2","M3","M3",0.0718709602840445,"Stat4",1.72979620592574,0.12432211441558
"Tgfb1","Tgfbr1","M5","M3",0.0767042372390626,"Stat3",1.62049763535197,0.124299035067378
"Tnf","Tnfrsf1a","M5","M5",0.10002660592361,"Jund",1.22893914885401,0.122926611946518
"Tgfb1","Tgfbr1","M5","M3",0.0767042372390626,"Foxo1",1.5660531765895,0.120122914386108
"Tgfb1","Tgfbr2","M3","M3",0.0718709602840445,"Stat5a",1.66539579265451,0.119693594871087
"Tgfb1","Tgfbr1","M5","M3",0.0767042372390626,"Relb",1.55684305291437,0.11941645887473
"Tnf","Tnfrsf1a","M5","M5",0.10002660592361,"Lef1",1.1849620516363,0.118527732173457
"Tnf","Tnfrsf1a","M5","M5",0.10002660592361,"Hif1a",1.18181465190299,0.11821290846065
"Tnf","Tnfrsf1a","M5","M5",0.10002660592361,"Nr1h3",1.16440208319374,0.116471188312251
"Tgfb1","Tgfbr2","M3","M3",0.0718709602840445,"Stat3",1.62049763535197,0.11646672119077
"Tgfb1","Tgfbr1","M3","M3",0.0654331379814092,"Stat4",1.72979620592574,0.113185993822057
"Tgfb1","Tgfbr2","M3","M3",0.0718709602840445,"Foxo1",1.5660531765895,0.112553745657365
"Tgfb1","Tgfbr2","M3","M3",0.0718709602840445,"Relb",1.55684305291437,0.111891805224499
"Tgfb1","Tgfbr1","M3","M3",0.0654331379814092,"Stat5a",1.66539579265451,0.108972072694421
"Tgfb1","Tgfbr1","M3","M3",0.0654331379814092,"Stat3",1.62049763535197,0.106034245372533
"Tgfb1","Tgfbr1","M3","M3",0.0654331379814092,"Foxo1",1.5660531765895,0.102471773590005
"Tgfb1","Tgfbr1","M3","M3",0.0654331379814092,"Relb",1.55684305291437,0.101869126296744
"Ifng","Ifngr1","M5","B1",0.247768306373009,"Gata4",0,0
"Ifng","Ifngr1","M5","B1",0.247768306373009,"Ybx3",0,0
"Ifng","Ifngr1","M5","B1",0.247768306373009,"Ikbkb",0,0
"Ifng","Ifngr1","M5","B1",0.247768306373009,"Nfkb1",0,0
"Ifng","Ifngr1","M5","B1",0.247768306373009,"Nfkbia",0,0
"Ifng","Ifngr1","M5","B1",0.247768306373009,"Nfkbib",0,0
"Ifng","Ifngr1","M5","B1",0.247768306373009,"Rela",0,0
"Ifng","Ifngr1","M5","B1",0.247768306373009,"Stat1",0,0
"Ifng","Ifngr1","M5","B1",0.247768306373009,"Stat2",0,0
"Ifng","Ifngr1","M5","B1",0.247768306373009,"Stat3",0,0
"Ifng","Ifngr1","M5","B1",0.247768306373009,"Stat5b",0,0
"Ifng","Ifngr1","M5","B1",0.247768306373009,"Nfkb2",0,0
"Ifng","Ifngr1","M5","B1",0.247768306373009,"Hes1",0,0
"Ifng","Ifngr1","M5","B1",0.247768306373009,"Rbpj",0,0
"Ifng","Ifngr1","M5","B1",0.247768306373009,"Snw1",0,0
"Ifng","Ifngr1","M5","B1",0.247768306373009,"Hey1",0,0
"Ifng","Ifngr1","M5","B1",0.247768306373009,"Hey2",0,0
"Ifng","Ifngr1","M5","B1",0.247768306373009,"Heyl",0,0
"Ifng","Ifngr1","M5","B1",0.247768306373009,"Hes5",0,0
"Ifng","Ifngr1","M5","B1",0.247768306373009,"Tbx21",0,0
"Ifng","Ifngr1","M5","B1",0.247768306373009,"Stat5a",0,0
"Ifng","Ifngr1","M5","B1",0.247768306373009,"Creb1",0,0
"Ifng","Ifngr1","M5","B1",0.247768306373009,"Crebbp",0,0
"Ifng","Ifngr1","M5","B1",0.247768306373009,"Fos",0,0
"Ifng","Ifngr1","M5","B1",0.247768306373009,"Gli1",0,0
"Ifng","Ifngr1","M5","B1",0.247768306373009,"Gli3",0,0
"Ifng","Ifngr1","M5","B1",0.247768306373009,"Jun",0,0
"Ifng","Ifngr1","M5","B1",0.247768306373009,"Nfatc1",0,0
"Ifng","Ifngr1","M5","B1",0.247768306373009,"Ppara",0,0
"Ifng","Ifngr1","M5","B1",0.247768306373009,"Sox9",0,0
"Ifng","Ifngr1","M5","B1",0.247768306373009,"Creb5",0,0
"Ifng","Ifngr1","M5","B1",0.247768306373009,"Creb3",0,0
"Ifng","Ifngr1","M5","B1",0.247768306373009,"Creb3l2",0,0
"Ifng","Ifngr1","M5","B1",0.247768306373009,"Creb3l3",0,0
"Ifng","Ifngr1","M5","B1",0.247768306373009,"Creb3l1",0,0
"Ifng","Ifngr1","M5","B1",0.247768306373009,"Creb3l4",0,0
"Ifng","Ifngr1","M5","B1",0.247768306373009,"Atf4",0,0
"Ifng","Ifngr1","M5","B1",0.247768306373009,"Atf2",0,0
"Ifng","Ifngr1","M5","B1",0.247768306373009,"Atf6b",0,0
"Ifng","Ifngr1","M5","B1",0.247768306373009,"Pax8",0,0
"Ifng","Ifngr1","M5","B1",0.247768306373009,"Ttf2",0,0
"Ifng","Ifngr1","M5","B1",0.247768306373009,"Stat4",0,0
"Ifng","Ifngr1","M5","B1",0.247768306373009,"Stat6",0,0
"Ifng","Ifngr1","M5","B1",0.247768306373009,"Irf9",0,0
"Ifng","Ifngr1","M5","B1",0.247768306373009,"Pdx1",0,0
"Ifng","Ifngr1","M5","B1",0.247768306373009,"Per1",0,0
"Ifng","Ifngr1","M5","B1",0.247768306373009,"Per2",0,0
"Ifng","Ifngr1","M5","B1",0.247768306373009,"Nr4a1",0,0
"Ifng","Ifngr1","M5","B1",0.247768306373009,"Brca1",0,0
"Ifng","Ifngr1","M5","B1",0.247768306373009,"Mdm2",0,0
"Ifng","Ifngr1","M5","B1",0.247768306373009,"Myb",0,0
"Ifng","Ifngr1","M5","B1",0.247768306373009,"Rbl2",0,0
"Ifng","Ifngr1","M5","B1",0.247768306373009,"Rxra",0,0
"Ifng","Ifngr1","M5","B1",0.247768306373009,"Trp53",0,0
"Ifng","Ifngr1","M5","B1",0.247768306373009,"Smad1",0,0
"Ifng","Ifngr1","M5","B1",0.247768306373009,"Smad4",0,0
"Ifng","Ifngr1","M5","B1",0.247768306373009,"Ctnnb1",0,0
"Ifng","Ifngr1","M5","B1",0.247768306373009,"Hif1a",0,0
"Ifng","Ifngr1","M5","B1",0.247768306373009,"Tfap4",0,0
"Ifng","Ifngr1","M5","B1",0.247768306373009,"Gata3",0,0
"Ifng","Ifngr1","M5","B1",0.247768306373009,"Abl1",0,0
"Ifng","Ifngr1","M5","B1",0.247768306373009,"Egr1",0,0
"Ifng","Ifngr1","M5","B1",0.247768306373009,"Elk1",0,0
"Ifng","Ifngr1","M5","B1",0.247768306373009,"Esr1",0,0
"Ifng","Ifngr1","M5","B1",0.247768306373009,"Esr2",0,0
"Ifng","Ifngr1","M5","B1",0.247768306373009,"Med1",0,0
"Ifng","Ifngr1","M5","B1",0.247768306373009,"Sp1",0,0
"Ifng","Ifngr1","M5","B1",0.247768306373009,"Ncoa3",0,0
"Ifng","Ifngr1","M5","B1",0.247768306373009,"Traf6",0,0
"Ifng","Ifngr1","M5","B1",0.247768306373009,"Ets1",0,0
"Ifng","Ifngr1","M5","B1",0.247768306373009,"Foxo1",0,0
"Ifng","Ifngr1","M5","B1",0.247768306373009,"Tcf7",0,0
"Ifng","Ifngr1","M5","B1",0.247768306373009,"Tcf7l2",0,0
"Ifng","Ifngr1","M5","B1",0.247768306373009,"Lef1",0,0
"Ifng","Ifngr1","M5","B1",0.247768306373009,"Tcf7l1",0,0
"Ifng","Ifngr1","M5","B1",0.247768306373009,"Smad2",0,0
"Ifng","Ifngr1","M5","B1",0.247768306373009,"Ep300",0,0
"Ifng","Ifngr1","M5","B1",0.247768306373009,"Foxo4",0,0
"Ifng","Ifngr1","M5","B1",0.247768306373009,"Foxo6",0,0
"Ifng","Ifngr1","M5","B1",0.247768306373009,"Ppard",0,0
"Ifng","Ifngr1","M5","B1",0.247768306373009,"Fosl1",0,0
"Ifng","Ifngr1","M5","B1",0.247768306373009,"Junb",0,0
"Ifng","Ifngr1","M5","B1",0.247768306373009,"Pou1f1",0,0
"Ifng","Ifngr1","M5","B1",0.247768306373009,"Irf7",0,0
"Ifng","Ifngr1","M5","B1",0.247768306373009,"Pml",0,0
"Ifng","Ifngr1","M5","B1",0.247768306373009,"Eif2ak2",0,0
"Ifng","Ifngr1","M5","B1",0.247768306373009,"Zfp354a",0,0
"Ifng","Ifngr1","M5","B1",0.247768306373009,"Zfp661",0,0
"Ifng","Ifngr1","M5","B1",0.247768306373009,"Zfp7",0,0
"Ifng","Ifngr1","M5","B1",0.247768306373009,"Zfp128",0,0
"Ifng","Ifngr1","M5","B1",0.247768306373009,"Zfp12",0,0
"Ifng","Ifngr1","M5","B1",0.247768306373009,"Zfp182",0,0
"Ifng","Ifngr1","M5","B1",0.247768306373009,"Zfp612",0,0
"Ifng","Ifngr1","M5","B1",0.247768306373009,"Zfp94",0,0
"Ifng","Ifngr1","M5","B1",0.247768306373009,"Zfp78",0,0
"Ifng","Ifngr1","M5","B1",0.247768306373009,"Zfy1",0,0
"Ifng","Ifngr1","M5","B1",0.247768306373009,"Zfp180",0,0
"Ifng","Ifngr1","M5","B1",0.247768306373009,"Zfp189",0,0
"Ifng","Ifngr1","M5","B1",0.247768306373009,"Zfp65",0,0
"Ifng","Ifngr1","M5","B1",0.247768306373009,"Zfp13",0,0
"Ifng","Ifngr1","M5","B1",0.247768306373009,"Zfp212",0,0
"Ifng","Ifngr1","M5","B1",0.247768306373009,"Zfp282",0,0
"Ifng","Ifngr1","M5","B1",0.247768306373009,"Zfp871",0,0
"Ifng","Ifngr1","M5","B1",0.247768306373009,"Zfp324",0,0
"Ifng","Ifngr1","M5","B1",0.247768306373009,"Zfp777",0,0
"Ifng","Ifngr1","M5","B1",0.247768306373009,"Zfp354c",0,0
"Ifng","Ifngr1","M5","B1",0.247768306373009,"Zfp334",0,0
"Ifng","Ifngr1","M5","B1",0.247768306373009,"Zfp248",0,0
"Ifng","Ifngr1","M5","B1",0.247768306373009,"Zfp398",0,0
"Ifng","Ifngr1","M5","B1",0.247768306373009,"Zfp14",0,0
"Ifng","Ifngr1","M5","B1",0.247768306373009,"Zfp317",0,0
"Ifng","Ifngr1","M5","B1",0.247768306373009,"Rbak",0,0
"Ifng","Ifngr1","M5","B1",0.247768306373009,"Zfp647",0,0
"Ifng","Ifngr1","M5","B1",0.247768306373009,"Zfp667",0,0
"Ifng","Ifngr1","M5","B1",0.247768306373009,"Zfp558",0,0
"Ifng","Ifngr1","M5","B1",0.247768306373009,"Zfp768",0,0
"Ifng","Ifngr1","M5","B1",0.247768306373009,"Zfp990",0,0
"Ifng","Ifngr1","M5","B1",0.247768306373009,"Zfp46",0,0
"Ifng","Ifngr1","M5","B1",0.247768306373009,"Zfp382",0,0
"Ifng","Ifngr1","M5","B1",0.247768306373009,"Zfp566",0,0
"Ifng","Ifngr1","M5","B1",0.247768306373009,"Zfp160",0,0
"Ifng","Ifngr1","M5","B1",0.247768306373009,"E430018J23Rik",0,0
"Ifng","Ifngr1","M5","B1",0.247768306373009,"Zfp961",0,0
"Ifng","Ifngr1","M5","B1",0.247768306373009,"Zfp354b",0,0
"Ifng","Ifngr1","M5","B1",0.247768306373009,"Zfp641",0,0
"Ifng","Ifngr1","M5","B1",0.247768306373009,"Zfp786",0,0
"Ifng","Ifngr1","M5","B1",0.247768306373009,"Zfp92",0,0
"Ifng","Ifngr1","M5","B1",0.247768306373009,"Zfp28",0,0
"Ifng","Ifngr1","M5","B1",0.247768306373009,"Zfp90",0,0
"Ifng","Ifngr1","M5","B1",0.247768306373009,"Zfp597",0,0
"Ifng","Ifngr1","M5","B1",0.247768306373009,"Zfp39",0,0
"Ifng","Ifngr1","M5","B1",0.247768306373009,"Zfp746",0,0
"Ifng","Ifngr1","M5","B1",0.247768306373009,"Zfp1",0,0
"Ifng","Ifngr1","M5","B1",0.247768306373009,"Zfp87",0,0
"Ifng","Ifngr1","M5","B1",0.247768306373009,"Zfp791",0,0
"Ifng","Ifngr1","M5","B1",0.247768306373009,"Zfp383",0,0
"Ifng","Ifngr1","M5","B1",0.247768306373009,"Zfp169",0,0
"Ifng","Ifngr1","M5","B1",0.247768306373009,"Zfp763",0,0
"Ifng","Ifngr1","M5","B1",0.247768306373009,"Zfp872",0,0
"Ifng","Ifngr1","M5","B1",0.247768306373009,"Zfp9",0,0
"Ifng","Ifngr1","M5","B1",0.247768306373009,"Zik1",0,0
"Ifng","Ifngr1","M5","B1",0.247768306373009,"Zfp607b",0,0
"Ifng","Ifngr1","M5","B1",0.247768306373009,"Zfp82",0,0
"Ifng","Ifngr1","M5","B1",0.247768306373009,"Zfp454",0,0
"Ifng","Ifngr1","M5","B1",0.247768306373009,"Zfp69",0,0
"Ifng","Ifngr1","M5","B1",0.247768306373009,"Zfp879",0,0
"Ifng","Ifngr1","M5","B1",0.247768306373009,"Zfp57",0,0
"Ifng","Ifngr1","M5","B1",0.247768306373009,"Zfp874b",0,0
"Ifng","Ifngr1","M5","B1",0.247768306373009,"Zfp457",0,0
"Ifng","Ifngr1","M5","B1",0.247768306373009,"Zfp316",0,0
"Ifng","Ifngr1","M5","B1",0.247768306373009,"Zfp605",0,0
"Ifng","Ifngr1","M5","B1",0.247768306373009,"Ciita",0,0
"Ifng","Ifngr1","M5","B1",0.247768306373009,"Relb",0,0
"Ifng","Ifngr1","M5","B1",0.247768306373009,"Pparg",0,0
"Ifng","Ifngr1","M5","B1",0.247768306373009,"Ehmt2",0,0
"Ifng","Ifngr1","M5","B1",0.247768306373009,"Ddit3",0,0
"Ifng","Ifngr1","M5","B1",0.247768306373009,"Elk4",0,0
"Ifng","Ifngr1","M5","B1",0.247768306373009,"Max",0,0
"Ifng","Ifngr1","M5","B1",0.247768306373009,"Mef2c",0,0
"Ifng","Ifngr1","M5","B1",0.247768306373009,"Irf4",0,0
"Ifng","Ifngr1","M5","B1",0.247768306373009,"Rora",0,0
"Ifng","Ifngr1","M5","B1",0.247768306373009,"Rorc",0,0
"Ifng","Ifngr1","M5","B1",0.247768306373009,"Parp1",0,0
"Ifng","Ifngr1","M5","B1",0.247768306373009,"Atm",0,0
"Ifng","Ifngr1","M5","B1",0.247768306373009,"Daxx",0,0
"Ifng","Ifngr1","M5","B1",0.247768306373009,"Smad3",0,0
"Ifng","Ifngr1","M5","B1",0.247768306373009,"Smad5",0,0
"Ifng","Ifngr1","M5","B1",0.247768306373009,"Gtf2i",0,0
"Ifng","Ifngr1","M5","B1",0.247768306373009,"Srebf1",0,0
"Ifng","Ifngr1","M5","B1",0.247768306373009,"Mlx",0,0
"Ifng","Ifngr1","M5","B1",0.247768306373009,"Nr1h2",0,0
"Ifng","Ifngr1","M5","B1",0.247768306373009,"Gtf2ird1",0,0
"Ifng","Ifngr1","M5","B1",0.247768306373009,"Nr1h3",0,0
"Ifng","Ifngr1","M5","B1",0.247768306373009,"Ppargc1a",0,0
"Ifng","Ifngr1","M5","B1",0.247768306373009,"Mlxip",0,0
"Ifng","Ifngr1","M5","B1",0.247768306373009,"Mlxipl",0,0
"Ifng","Ifngr1","M5","B1",0.247768306373009,"Irf1",0,0
"Ifng","Ifngr1","M5","B1",0.247768306373009,"Mitf",0,0
"Ifng","Ifngr1","M5","B1",0.247768306373009,"Esrrb",0,0
"Ifng","Ifngr1","M5","B1",0.247768306373009,"Tcf3",0,0
"Ifng","Ifngr1","M5","B1",0.247768306373009,"Nr5a1",0,0
"Ifng","Ifngr1","M5","B1",0.247768306373009,"Pbx1",0,0
"Ifng","Ifngr1","M5","B1",0.247768306373009,"Elf5",0,0
"Ifng","Ifngr1","M5","B1",0.247768306373009,"Runx2",0,0
"Ifng","Ifngr1","M5","B1",0.247768306373009,"Mef2a",0,0
"Ifng","Ifngr1","M5","B1",0.247768306373009,"Mef2d",0,0
"Ifng","Ifngr1","M5","B1",0.247768306373009,"Nr4a2",0,0
"Ifng","Ifngr1","M5","B1",0.247768306373009,"Gli2",0,0
"Ifng","Ifngr1","M5","B1",0.247768306373009,"Id1",0,0
"Ifng","Ifngr1","M5","B1",0.247768306373009,"Id2",0,0
"Ifng","Ifngr1","M5","B1",0.247768306373009,"Id3",0,0
"Ifng","Ifngr1","M5","B1",0.247768306373009,"Id4",0,0
"Ifng","Ifngr1","M5","B1",0.247768306373009,"E2f1",0,0
"Ifng","Ifngr1","M5","B1",0.247768306373009,"E2f2",0,0
"Ifng","Ifngr1","M5","B1",0.247768306373009,"E2f3",0,0
"Ifng","Ifngr1","M5","B1",0.247768306373009,"E2f4",0,0
"Ifng","Ifngr1","M5","B1",0.247768306373009,"E2f5",0,0
"Ifng","Ifngr1","M5","B1",0.247768306373009,"Foxm1",0,0
"Ifng","Ifngr1","M5","B1",0.247768306373009,"Mybl2",0,0
"Ifng","Ifngr1","M5","B1",0.247768306373009,"Rb1",0,0
"Ifng","Ifngr1","M5","B1",0.247768306373009,"Rbl1",0,0
"Ifng","Ifngr1","M5","B1",0.247768306373009,"Foxp3",0,0
"Ifng","Ifngr1","M5","B1",0.247768306373009,"Jund",0,0
"Ifng","Ifngr1","M5","B1",0.247768306373009,"Nfatc3",0,0
"Ifng","Ifngr1","M5","B1",0.247768306373009,"Nfatc2",0,0
"Ifng","Ifngr1","M5","B1",0.247768306373009,"Nfatc4",0,0
"Ifng","Ifngr1","M5","B1",0.247768306373009,"Sirt1",0,0
"Ifng","Ifngr2","M5","B1",0.255721860009334,"Gata4",0,0
"Ifng","Ifngr2","M5","B1",0.255721860009334,"Ybx3",0,0
"Ifng","Ifngr2","M5","B1",0.255721860009334,"Ikbkb",0,0
"Ifng","Ifngr2","M5","B1",0.255721860009334,"Nfkb1",0,0
"Ifng","Ifngr2","M5","B1",0.255721860009334,"Nfkbia",0,0
"Ifng","Ifngr2","M5","B1",0.255721860009334,"Nfkbib",0,0
"Ifng","Ifngr2","M5","B1",0.255721860009334,"Rela",0,0
"Ifng","Ifngr2","M5","B1",0.255721860009334,"Stat1",0,0
"Ifng","Ifngr2","M5","B1",0.255721860009334,"Stat2",0,0
"Ifng","Ifngr2","M5","B1",0.255721860009334,"Stat3",0,0
"Ifng","Ifngr2","M5","B1",0.255721860009334,"Stat5b",0,0
"Ifng","Ifngr2","M5","B1",0.255721860009334,"Nfkb2",0,0
"Ifng","Ifngr2","M5","B1",0.255721860009334,"Hes1",0,0
"Ifng","Ifngr2","M5","B1",0.255721860009334,"Rbpj",0,0
"Ifng","Ifngr2","M5","B1",0.255721860009334,"Snw1",0,0
"Ifng","Ifngr2","M5","B1",0.255721860009334,"Hey1",0,0
"Ifng","Ifngr2","M5","B1",0.255721860009334,"Hey2",0,0
"Ifng","Ifngr2","M5","B1",0.255721860009334,"Heyl",0,0
"Ifng","Ifngr2","M5","B1",0.255721860009334,"Hes5",0,0
"Ifng","Ifngr2","M5","B1",0.255721860009334,"Tbx21",0,0
"Ifng","Ifngr2","M5","B1",0.255721860009334,"Stat5a",0,0
"Ifng","Ifngr2","M5","B1",0.255721860009334,"Creb1",0,0
"Ifng","Ifngr2","M5","B1",0.255721860009334,"Crebbp",0,0
"Ifng","Ifngr2","M5","B1",0.255721860009334,"Fos",0,0
"Ifng","Ifngr2","M5","B1",0.255721860009334,"Gli1",0,0
"Ifng","Ifngr2","M5","B1",0.255721860009334,"Gli3",0,0
"Ifng","Ifngr2","M5","B1",0.255721860009334,"Jun",0,0
"Ifng","Ifngr2","M5","B1",0.255721860009334,"Nfatc1",0,0
"Ifng","Ifngr2","M5","B1",0.255721860009334,"Ppara",0,0
"Ifng","Ifngr2","M5","B1",0.255721860009334,"Sox9",0,0
"Ifng","Ifngr2","M5","B1",0.255721860009334,"Creb5",0,0
"Ifng","Ifngr2","M5","B1",0.255721860009334,"Creb3",0,0
"Ifng","Ifngr2","M5","B1",0.255721860009334,"Creb3l2",0,0
"Ifng","Ifngr2","M5","B1",0.255721860009334,"Creb3l3",0,0
"Ifng","Ifngr2","M5","B1",0.255721860009334,"Creb3l1",0,0
"Ifng","Ifngr2","M5","B1",0.255721860009334,"Creb3l4",0,0
"Ifng","Ifngr2","M5","B1",0.255721860009334,"Atf4",0,0
"Ifng","Ifngr2","M5","B1",0.255721860009334,"Atf2",0,0
"Ifng","Ifngr2","M5","B1",0.255721860009334,"Atf6b",0,0
"Ifng","Ifngr2","M5","B1",0.255721860009334,"Pax8",0,0
"Ifng","Ifngr2","M5","B1",0.255721860009334,"Ttf2",0,0
"Ifng","Ifngr2","M5","B1",0.255721860009334,"Stat4",0,0
"Ifng","Ifngr2","M5","B1",0.255721860009334,"Stat6",0,0
"Ifng","Ifngr2","M5","B1",0.255721860009334,"Irf9",0,0
"Ifng","Ifngr2","M5","B1",0.255721860009334,"Pdx1",0,0
"Ifng","Ifngr2","M5","B1",0.255721860009334,"Per1",0,0
"Ifng","Ifngr2","M5","B1",0.255721860009334,"Per2",0,0
"Ifng","Ifngr2","M5","B1",0.255721860009334,"Nr4a1",0,0
"Ifng","Ifngr2","M5","B1",0.255721860009334,"Brca1",0,0
"Ifng","Ifngr2","M5","B1",0.255721860009334,"Mdm2",0,0
"Ifng","Ifngr2","M5","B1",0.255721860009334,"Myb",0,0
"Ifng","Ifngr2","M5","B1",0.255721860009334,"Rbl2",0,0
"Ifng","Ifngr2","M5","B1",0.255721860009334,"Rxra",0,0
"Ifng","Ifngr2","M5","B1",0.255721860009334,"Trp53",0,0
"Ifng","Ifngr2","M5","B1",0.255721860009334,"Smad1",0,0
"Ifng","Ifngr2","M5","B1",0.255721860009334,"Smad4",0,0
"Ifng","Ifngr2","M5","B1",0.255721860009334,"Ctnnb1",0,0
"Ifng","Ifngr2","M5","B1",0.255721860009334,"Hif1a",0,0
"Ifng","Ifngr2","M5","B1",0.255721860009334,"Tfap4",0,0
"Ifng","Ifngr2","M5","B1",0.255721860009334,"Gata3",0,0
"Ifng","Ifngr2","M5","B1",0.255721860009334,"Abl1",0,0
"Ifng","Ifngr2","M5","B1",0.255721860009334,"Egr1",0,0
"Ifng","Ifngr2","M5","B1",0.255721860009334,"Elk1",0,0
"Ifng","Ifngr2","M5","B1",0.255721860009334,"Esr1",0,0
"Ifng","Ifngr2","M5","B1",0.255721860009334,"Esr2",0,0
"Ifng","Ifngr2","M5","B1",0.255721860009334,"Med1",0,0
"Ifng","Ifngr2","M5","B1",0.255721860009334,"Sp1",0,0
"Ifng","Ifngr2","M5","B1",0.255721860009334,"Ncoa3",0,0
"Ifng","Ifngr2","M5","B1",0.255721860009334,"Traf6",0,0
"Ifng","Ifngr2","M5","B1",0.255721860009334,"Ets1",0,0
"Ifng","Ifngr2","M5","B1",0.255721860009334,"Foxo1",0,0
"Ifng","Ifngr2","M5","B1",0.255721860009334,"Tcf7",0,0
"Ifng","Ifngr2","M5","B1",0.255721860009334,"Tcf7l2",0,0
"Ifng","Ifngr2","M5","B1",0.255721860009334,"Lef1",0,0
"Ifng","Ifngr2","M5","B1",0.255721860009334,"Tcf7l1",0,0
"Ifng","Ifngr2","M5","B1",0.255721860009334,"Smad2",0,0
"Ifng","Ifngr2","M5","B1",0.255721860009334,"Ep300",0,0
"Ifng","Ifngr2","M5","B1",0.255721860009334,"Foxo4",0,0
"Ifng","Ifngr2","M5","B1",0.255721860009334,"Foxo6",0,0
"Ifng","Ifngr2","M5","B1",0.255721860009334,"Ppard",0,0
"Ifng","Ifngr2","M5","B1",0.255721860009334,"Fosl1",0,0
"Ifng","Ifngr2","M5","B1",0.255721860009334,"Junb",0,0
"Ifng","Ifngr2","M5","B1",0.255721860009334,"Pou1f1",0,0
"Ifng","Ifngr2","M5","B1",0.255721860009334,"Irf7",0,0
"Ifng","Ifngr2","M5","B1",0.255721860009334,"Pml",0,0
"Ifng","Ifngr2","M5","B1",0.255721860009334,"Eif2ak2",0,0
"Ifng","Ifngr2","M5","B1",0.255721860009334,"Zfp354a",0,0
"Ifng","Ifngr2","M5","B1",0.255721860009334,"Zfp661",0,0
"Ifng","Ifngr2","M5","B1",0.255721860009334,"Zfp7",0,0
"Ifng","Ifngr2","M5","B1",0.255721860009334,"Zfp128",0,0
"Ifng","Ifngr2","M5","B1",0.255721860009334,"Zfp12",0,0
"Ifng","Ifngr2","M5","B1",0.255721860009334,"Zfp182",0,0
"Ifng","Ifngr2","M5","B1",0.255721860009334,"Zfp612",0,0
"Ifng","Ifngr2","M5","B1",0.255721860009334,"Zfp94",0,0
"Ifng","Ifngr2","M5","B1",0.255721860009334,"Zfp78",0,0
"Ifng","Ifngr2","M5","B1",0.255721860009334,"Zfy1",0,0
"Ifng","Ifngr2","M5","B1",0.255721860009334,"Zfp180",0,0
"Ifng","Ifngr2","M5","B1",0.255721860009334,"Zfp189",0,0
"Ifng","Ifngr2","M5","B1",0.255721860009334,"Zfp65",0,0
"Ifng","Ifngr2","M5","B1",0.255721860009334,"Zfp13",0,0
"Ifng","Ifngr2","M5","B1",0.255721860009334,"Zfp212",0,0
"Ifng","Ifngr2","M5","B1",0.255721860009334,"Zfp282",0,0
"Ifng","Ifngr2","M5","B1",0.255721860009334,"Zfp871",0,0
"Ifng","Ifngr2","M5","B1",0.255721860009334,"Zfp324",0,0
"Ifng","Ifngr2","M5","B1",0.255721860009334,"Zfp777",0,0
"Ifng","Ifngr2","M5","B1",0.255721860009334,"Zfp354c",0,0
"Ifng","Ifngr2","M5","B1",0.255721860009334,"Zfp334",0,0
"Ifng","Ifngr2","M5","B1",0.255721860009334,"Zfp248",0,0
"Ifng","Ifngr2","M5","B1",0.255721860009334,"Zfp398",0,0
"Ifng","Ifngr2","M5","B1",0.255721860009334,"Zfp14",0,0
"Ifng","Ifngr2","M5","B1",0.255721860009334,"Zfp317",0,0
"Ifng","Ifngr2","M5","B1",0.255721860009334,"Rbak",0,0
"Ifng","Ifngr2","M5","B1",0.255721860009334,"Zfp647",0,0
"Ifng","Ifngr2","M5","B1",0.255721860009334,"Zfp667",0,0
"Ifng","Ifngr2","M5","B1",0.255721860009334,"Zfp558",0,0
"Ifng","Ifngr2","M5","B1",0.255721860009334,"Zfp768",0,0
"Ifng","Ifngr2","M5","B1",0.255721860009334,"Zfp990",0,0
"Ifng","Ifngr2","M5","B1",0.255721860009334,"Zfp46",0,0
"Ifng","Ifngr2","M5","B1",0.255721860009334,"Zfp382",0,0
"Ifng","Ifngr2","M5","B1",0.255721860009334,"Zfp566",0,0
"Ifng","Ifngr2","M5","B1",0.255721860009334,"Zfp160",0,0
"Ifng","Ifngr2","M5","B1",0.255721860009334,"E430018J23Rik",0,0
"Ifng","Ifngr2","M5","B1",0.255721860009334,"Zfp961",0,0
"Ifng","Ifngr2","M5","B1",0.255721860009334,"Zfp354b",0,0
"Ifng","Ifngr2","M5","B1",0.255721860009334,"Zfp641",0,0
"Ifng","Ifngr2","M5","B1",0.255721860009334,"Zfp786",0,0
"Ifng","Ifngr2","M5","B1",0.255721860009334,"Zfp92",0,0
"Ifng","Ifngr2","M5","B1",0.255721860009334,"Zfp28",0,0
"Ifng","Ifngr2","M5","B1",0.255721860009334,"Zfp90",0,0
"Ifng","Ifngr2","M5","B1",0.255721860009334,"Zfp597",0,0
"Ifng","Ifngr2","M5","B1",0.255721860009334,"Zfp39",0,0
"Ifng","Ifngr2","M5","B1",0.255721860009334,"Zfp746",0,0
"Ifng","Ifngr2","M5","B1",0.255721860009334,"Zfp1",0,0
"Ifng","Ifngr2","M5","B1",0.255721860009334,"Zfp87",0,0
"Ifng","Ifngr2","M5","B1",0.255721860009334,"Zfp791",0,0
"Ifng","Ifngr2","M5","B1",0.255721860009334,"Zfp383",0,0
"Ifng","Ifngr2","M5","B1",0.255721860009334,"Zfp169",0,0
"Ifng","Ifngr2","M5","B1",0.255721860009334,"Zfp763",0,0
"Ifng","Ifngr2","M5","B1",0.255721860009334,"Zfp872",0,0
"Ifng","Ifngr2","M5","B1",0.255721860009334,"Zfp9",0,0
"Ifng","Ifngr2","M5","B1",0.255721860009334,"Zik1",0,0
"Ifng","Ifngr2","M5","B1",0.255721860009334,"Zfp607b",0,0
"Ifng","Ifngr2","M5","B1",0.255721860009334,"Zfp82",0,0
"Ifng","Ifngr2","M5","B1",0.255721860009334,"Zfp454",0,0
"Ifng","Ifngr2","M5","B1",0.255721860009334,"Zfp69",0,0
"Ifng","Ifngr2","M5","B1",0.255721860009334,"Zfp879",0,0
"Ifng","Ifngr2","M5","B1",0.255721860009334,"Zfp57",0,0
"Ifng","Ifngr2","M5","B1",0.255721860009334,"Zfp874b",0,0
"Ifng","Ifngr2","M5","B1",0.255721860009334,"Zfp457",0,0
"Ifng","Ifngr2","M5","B1",0.255721860009334,"Zfp316",0,0
"Ifng","Ifngr2","M5","B1",0.255721860009334,"Zfp605",0,0
"Ifng","Ifngr2","M5","B1",0.255721860009334,"Ciita",0,0
"Ifng","Ifngr2","M5","B1",0.255721860009334,"Relb",0,0
"Ifng","Ifngr2","M5","B1",0.255721860009334,"Pparg",0,0
"Ifng","Ifngr2","M5","B1",0.255721860009334,"Ehmt2",0,0
"Ifng","Ifngr2","M5","B1",0.255721860009334,"Ddit3",0,0
"Ifng","Ifngr2","M5","B1",0.255721860009334,"Elk4",0,0
"Ifng","Ifngr2","M5","B1",0.255721860009334,"Max",0,0
"Ifng","Ifngr2","M5","B1",0.255721860009334,"Mef2c",0,0
"Ifng","Ifngr2","M5","B1",0.255721860009334,"Irf4",0,0
"Ifng","Ifngr2","M5","B1",0.255721860009334,"Rora",0,0
"Ifng","Ifngr2","M5","B1",0.255721860009334,"Rorc",0,0
"Ifng","Ifngr2","M5","B1",0.255721860009334,"Parp1",0,0
"Ifng","Ifngr2","M5","B1",0.255721860009334,"Atm",0,0
"Ifng","Ifngr2","M5","B1",0.255721860009334,"Daxx",0,0
"Ifng","Ifngr2","M5","B1",0.255721860009334,"Smad3",0,0
"Ifng","Ifngr2","M5","B1",0.255721860009334,"Smad5",0,0
"Ifng","Ifngr2","M5","B1",0.255721860009334,"Gtf2i",0,0
"Ifng","Ifngr2","M5","B1",0.255721860009334,"Srebf1",0,0
"Ifng","Ifngr2","M5","B1",0.255721860009334,"Mlx",0,0
"Ifng","Ifngr2","M5","B1",0.255721860009334,"Nr1h2",0,0
"Ifng","Ifngr2","M5","B1",0.255721860009334,"Gtf2ird1",0,0
"Ifng","Ifngr2","M5","B1",0.255721860009334,"Nr1h3",0,0
"Ifng","Ifngr2","M5","B1",0.255721860009334,"Ppargc1a",0,0
"Ifng","Ifngr2","M5","B1",0.255721860009334,"Mlxip",0,0
"Ifng","Ifngr2","M5","B1",0.255721860009334,"Mlxipl",0,0
"Ifng","Ifngr2","M5","B1",0.255721860009334,"Irf1",0,0
"Ifng","Ifngr2","M5","B1",0.255721860009334,"Mitf",0,0
"Ifng","Ifngr2","M5","B1",0.255721860009334,"Esrrb",0,0
"Ifng","Ifngr2","M5","B1",0.255721860009334,"Tcf3",0,0
"Ifng","Ifngr2","M5","B1",0.255721860009334,"Nr5a1",0,0
"Ifng","Ifngr2","M5","B1",0.255721860009334,"Pbx1",0,0
"Ifng","Ifngr2","M5","B1",0.255721860009334,"Elf5",0,0
"Ifng","Ifngr2","M5","B1",0.255721860009334,"Runx2",0,0
"Ifng","Ifngr2","M5","B1",0.255721860009334,"Mef2a",0,0
"Ifng","Ifngr2","M5","B1",0.255721860009334,"Mef2d",0,0
"Ifng","Ifngr2","M5","B1",0.255721860009334,"Nr4a2",0,0
"Ifng","Ifngr2","M5","B1",0.255721860009334,"Gli2",0,0
"Ifng","Ifngr2","M5","B1",0.255721860009334,"Id1",0,0
"Ifng","Ifngr2","M5","B1",0.255721860009334,"Id2",0,0
"Ifng","Ifngr2","M5","B1",0.255721860009334,"Id3",0,0
"Ifng","Ifngr2","M5","B1",0.255721860009334,"Id4",0,0
"Ifng","Ifngr2","M5","B1",0.255721860009334,"E2f1",0,0
"Ifng","Ifngr2","M5","B1",0.255721860009334,"E2f2",0,0
"Ifng","Ifngr2","M5","B1",0.255721860009334,"E2f3",0,0
"Ifng","Ifngr2","M5","B1",0.255721860009334,"E2f4",0,0
"Ifng","Ifngr2","M5","B1",0.255721860009334,"E2f5",0,0
"Ifng","Ifngr2","M5","B1",0.255721860009334,"Foxm1",0,0
"Ifng","Ifngr2","M5","B1",0.255721860009334,"Mybl2",0,0
"Ifng","Ifngr2","M5","B1",0.255721860009334,"Rb1",0,0
"Ifng","Ifngr2","M5","B1",0.255721860009334,"Rbl1",0,0
"Ifng","Ifngr2","M5","B1",0.255721860009334,"Foxp3",0,0
"Ifng","Ifngr2","M5","B1",0.255721860009334,"Jund",0,0
"Ifng","Ifngr2","M5","B1",0.255721860009334,"Nfatc3",0,0
"Ifng","Ifngr2","M5","B1",0.255721860009334,"Nfatc2",0,0
"Ifng","Ifngr2","M5","B1",0.255721860009334,"Nfatc4",0,0
"Ifng","Ifngr2","M5","B1",0.255721860009334,"Sirt1",0,0
